Name,Name (Luban lab),replicate 1,replicate 2,replicate 1,rel_inf
WuD,WuD,0.232555086,0.255627374,0.611347759,0.366510073
WuG,WuG,0.662602178,1.176438639,1.160959183,1
No Spike Control,pCEPI-eGFP (no Spike control),0.02412602,0.028937296,0.012851173,0.021971496
BA.2.75 (EPI_ISL_15477002),BA.2.75 (EPI_ISL_15477002),0.101391985,0.13127992,0.062144207,0.098272037
BA.2.75 (EPI_ISL_15495667),BA.2.75 (EPI_ISL_15495667),1.05145973,0.798128759,0.953396128,0.934328206
BA.2.75 (EPI_ISL_15500079),BA.2.75 (EPI_ISL_15500079),0.77504669,0.679334749,1.200249736,0.884877058
BA.2.75 (EPI_ISL_15539876),BA.2.75 (EPI_ISL_15539876),0.708374168,0.745824057,0.868329625,0.77417595
BA.2.75 (EPI_ISL_15641261),BA.2.75_15641261,0.858568915,0.753806649,0.791135732,0.801170432
BA.2.75 (EPI_ISL_15671745),BA.2.75_15671745,0.384828879,0.300669929,0.285400835,0.323633214
BA.2.75 (EPI_ISL_15703502),BA.2.75_15703502,0.45431532,0.566373527,0.402204745,0.474297864
BA.1.15 (EPI_ISL_15598966),BA.1.15_15598966,0.202366366,0.20757849,0.163841974,0.191262276
BA.2 (EPI_ISL_15579464),BA.2_15579464,1.872924696,2.764856429,1.718551896,2.118777674
BA.5.2.6 (EPI_ISL_15681651),BA.5.2.6_15681651,0.022341464,0.027411776,0.013478045,0.021077095
BA.5.2.21 (EPI_ISL_15586551),BA.5.2.21_15586551,1.309549778,1.010437356,1.1780781,1.166021745
BF.2 (EPI_ISL_15646251),BF.2_15646251,0.965014963,0.97558285,1.17192307,1.037506961
BQ.1.3 (EPI_ISL_15582563),BQ.1.3_15582563,0.359218441,0.265115467,0.297604044,0.307312651
XBB (EPI_ISL_15635370),XBB_15635370,0.300572909,0.253266743,0.278655594,0.277498416
XBB (EPI_ISL_15741015),XBB_15741015,0.511560208,0.336532862,0.324003892,0.390698987
XBB (EPI_ISL_15651160),XBB_15651160,0.284428131,0.257845596,0.267770408,0.270014712
BA.1.18 (EPI_ISL_15425989),BA.1.18 (EPI_ISL_15425989),0.237277897,0.274392841,0.102375386,0.204682041
BA.2.10.1 (EPI_ISL_15427759),BA.2.10.1 (EPI_ISL_15427759),0.413320961,0.428434294,0.414899252,0.418884836
BQ.1 (EPI_ISL_15396524),BQ.1 (EPI_ISL_15396524),0.473859883,0.888592864,1.194363412,0.852272053
XBB (EPI_ISL_15469817),XBB (EPI_ISL_15469817),0.458217698,0.499878909,0.293352772,0.417149793
XBB.1 (EPI_ISL_15469817),XBB.1 (EPI_ISL_15469817),0.303595565,0.151067985,0.109423942,0.188029164
BA.5,BA.5_Twist_optimized_Spike_only,0.331737807,0.33424014,0.421374935,0.362450961
BA.2.12.1,pDMJ2_BA.2.12.1_wt,0.647474108,0.659002287,0.442318027,0.582931474
BA.2.75,Round2-3_BA275_base,1.847135574,2.011512291,2.857096705,2.238581523
XBB,XBB,1.036931117,1.136506451,1.263034508,1.145490692
BA.2.75.2,BA.2.75.2,0.849228732,1.072373353,1.036130119,0.985910735
CW.1,CW.1,0.422052842,0.25730286,0.309290632,0.329548778
BA.4.6,BA.4.6,2.865412476,2.053327305,2.09185127,2.336863684
BF.7,BF.7,1.789245288,1.63862177,2.635573844,2.021146967
BQ.1,BQ.1,0.910298859,1.136249329,1.169456107,1.072001432
BQ.1.1,BQ.1.1,1.611135036,1.44373521,1.301056877,1.451975707
BQ.1.1.2,BQ.1.1.2,0.298592383,0.424044033,0.329221312,0.350619242
BQ.1.1.13,BQ.1.1.13,0.578445137,0.318199647,0.503966214,0.466870332
XBB.1,XBB.1,0.896076309,1.3395384,0.616936474,0.950850395
BA.1,BA.1_Twist_optimized,0.021135664,0.027943314,0.019906846,0.022995275
BA.2,BA.2_Twist_optimized,0.055717518,0.032643737,0.029762027,0.039374427
Delta,Delta_Twist_optimized,0.12262863,0.067780927,0.117888705,0.102766088
CH.1.1,pDMJ2_CH.1.1,1.286289033,1.35219561,1.632853954,1.423779532
XBB.1.5,pDMJ2_XBB.1.5,1.411487691,1.780703155,2.231636328,1.807942391