Pool,Mutation,Effect
AZD1222,A222V,0.043489046
AZD1222 + BNT162b2,A222V,-0.032995928
AZD1222 + mRNA-1273,A222V,0.03427783
Ad26.COV2.S,A222V,0.006728197
Alpha,A222V,-0.036771785
BNT162b2,A222V,0.10244719
BNT162b2 + mRNA-1273,A222V,0.025697373
Delta,A222V,0.040049575
L452R variants,A222V,0.07890539
Mu,A222V,0.003843896
Unknown vaccine,A222V,0.014025732
Unknown variant,A222V,-0.04881933
Wild Type,A222V,0.049963962
mRNA,A222V,-0.00067083444
mRNA-1273,A222V,-0.013056376
AZD1222,A570D,0.008320532
AZD1222 + BNT162b2,A570D,-0.043959733
AZD1222 + mRNA-1273,A570D,-0.005951667
Ad26.COV2.S,A570D,-0.032290682
Alpha,A570D,0.01801893
BNT162b2,A570D,-0.018948214
BNT162b2 + mRNA-1273,A570D,-0.06892214
Delta,A570D,0.034956794
L452R variants,A570D,-0.00012422702
Mu,A570D,-0.036269136
Unknown vaccine,A570D,-0.030994952
Unknown variant,A570D,-0.068545185
Wild Type,A570D,-0.0022359244
mRNA,A570D,-0.03852741
mRNA-1273,A570D,-0.040115204
AZD1222,A647A,0.097575545
AZD1222 + BNT162b2,A647A,0.016725307
AZD1222 + mRNA-1273,A647A,-0.013713053
Ad26.COV2.S,A647A,0.113235615
Alpha,A647A,0.14147379
BNT162b2,A647A,0.052072756
BNT162b2 + mRNA-1273,A647A,0.11471067
Delta,A647A,0.024301283
L452R variants,A647A,-0.05173377
Mu,A647A,0.027312748
Unknown vaccine,A647A,0.09640668
Unknown variant,A647A,0.012811118
Wild Type,A647A,0.08660412
mRNA,A647A,0.067598976
mRNA-1273,A647A,0.075042814
AZD1222,A647S,0.048320953
AZD1222 + BNT162b2,A647S,0.06066862
AZD1222 + mRNA-1273,A647S,0.055201855
Ad26.COV2.S,A647S,0.05004202
Alpha,A647S,0.050369833
BNT162b2,A647S,-0.030194363
BNT162b2 + mRNA-1273,A647S,0.022023873
Delta,A647S,-0.005621912
L452R variants,A647S,0.020442864
Mu,A647S,0.030382473
Unknown vaccine,A647S,0.06468239
Unknown variant,A647S,0.04659681
Wild Type,A647S,0.09892029
mRNA,A647S,0.083718985
mRNA-1273,A647S,0.07625128
AZD1222,A67V,0.042028897
AZD1222 + BNT162b2,A67V,0.08435808
AZD1222 + mRNA-1273,A67V,0.029395256
Ad26.COV2.S,A67V,0.040766675
Alpha,A67V,-0.019149782
BNT162b2,A67V,0.07564883
BNT162b2 + mRNA-1273,A67V,0.036388736
Delta,A67V,0.06131625
L452R variants,A67V,0.033560436
Mu,A67V,0.029844305
Unknown vaccine,A67V,0.058968745
Unknown variant,A67V,0.077784225
Wild Type,A67V,0.0940348
mRNA,A67V,0.03032788
mRNA-1273,A67V,0.100287035
AZD1222,A701V,0.018930506
AZD1222 + BNT162b2,A701V,0.06858305
AZD1222 + mRNA-1273,A701V,-0.01860885
Ad26.COV2.S,A701V,0.031728342
Alpha,A701V,-0.024153706
BNT162b2,A701V,0.081992015
BNT162b2 + mRNA-1273,A701V,-0.039100695
Delta,A701V,0.052727435
L452R variants,A701V,0.04069724
Mu,A701V,-0.0005522212
Unknown vaccine,A701V,0.04587698
Unknown variant,A701V,0.008974641
Wild Type,A701V,0.0048514083
mRNA,A701V,0.07810943
mRNA-1273,A701V,0.02570695
AZD1222,A845I,-0.06961857
AZD1222 + BNT162b2,A845I,0.07674596
AZD1222 + mRNA-1273,A845I,-0.059035845
Ad26.COV2.S,A845I,0.03706911
Alpha,A845I,-0.0001891153
BNT162b2,A845I,-0.073128484
BNT162b2 + mRNA-1273,A845I,0.07115542
Delta,A845I,-0.042243052
L452R variants,A845I,-0.036690004
Mu,A845I,-0.031839937
Unknown vaccine,A845I,-0.08812722
Unknown variant,A845I,0.038121045
Wild Type,A845I,-0.038339704
mRNA,A845I,-0.05501119
mRNA-1273,A845I,0.004517222
AZD1222,C136F,-0.043581374
AZD1222 + BNT162b2,C136F,-0.00018769456
AZD1222 + mRNA-1273,C136F,0.00839925
Ad26.COV2.S,C136F,-0.0079868045
Alpha,C136F,0.0016414507
BNT162b2,C136F,0.032913953
BNT162b2 + mRNA-1273,C136F,-0.02925146
Delta,C136F,0.057232574
L452R variants,C136F,0.008055237
Mu,C136F,-0.043637335
Unknown vaccine,C136F,0.045950357
Unknown variant,C136F,-0.028984182
Wild Type,C136F,-0.048455328
mRNA,C136F,-0.017207123
mRNA-1273,C136F,0.04016071
AZD1222,D1118H,-0.018926652
AZD1222 + BNT162b2,D1118H,-0.11524079
AZD1222 + mRNA-1273,D1118H,-0.010083461
Ad26.COV2.S,D1118H,-0.07107003
Alpha,D1118H,-0.030158073
BNT162b2,D1118H,-0.03365823
BNT162b2 + mRNA-1273,D1118H,-0.014584396
Delta,D1118H,0.046863347
L452R variants,D1118H,0.046831973
Mu,D1118H,-0.004077278
Unknown vaccine,D1118H,-0.0126770865
Unknown variant,D1118H,-0.08502619
Wild Type,D1118H,-0.03525228
mRNA,D1118H,-0.057609517
mRNA-1273,D1118H,-0.01449305
AZD1222,D1153Y,0.06461247
AZD1222 + BNT162b2,D1153Y,-0.054167125
AZD1222 + mRNA-1273,D1153Y,-0.04373015
Ad26.COV2.S,D1153Y,-0.101294175
Alpha,D1153Y,0.034008738
BNT162b2,D1153Y,0.017820459
BNT162b2 + mRNA-1273,D1153Y,-0.069833376
Delta,D1153Y,0.010875191
L452R variants,D1153Y,-0.08958032
Mu,D1153Y,-0.03075776
Unknown vaccine,D1153Y,-0.06592162
Unknown variant,D1153Y,-0.051962096
Wild Type,D1153Y,-0.06293279
mRNA,D1153Y,0.008490637
mRNA-1273,D1153Y,-0.07641632
AZD1222,D138Y,-0.011243382
AZD1222 + BNT162b2,D138Y,-0.0014943518
AZD1222 + mRNA-1273,D138Y,0.015374139
Ad26.COV2.S,D138Y,0.014583083
Alpha,D138Y,0.0020493506
BNT162b2,D138Y,0.015583438
BNT162b2 + mRNA-1273,D138Y,0.025518315
Delta,D138Y,0.05556604
L452R variants,D138Y,0.032040775
Mu,D138Y,-0.00077651686
Unknown vaccine,D138Y,-0.012825768
Unknown variant,D138Y,0.023570973
Wild Type,D138Y,-0.0028923177
mRNA,D138Y,0.026451884
mRNA-1273,D138Y,-0.03867172
AZD1222,D215G,0.008551341
AZD1222 + BNT162b2,D215G,-0.005207491
AZD1222 + mRNA-1273,D215G,0.036733948
Ad26.COV2.S,D215G,0.050800223
Alpha,D215G,0.040659342
BNT162b2,D215G,0.020418245
BNT162b2 + mRNA-1273,D215G,0.020084199
Delta,D215G,-0.012808526
L452R variants,D215G,0.025375735
Mu,D215G,-0.06882809
Unknown vaccine,D215G,0.031275168
Unknown variant,D215G,-0.017348107
Wild Type,D215G,-0.07364578
mRNA,D215G,0.021158915
mRNA-1273,D215G,0.03915182
AZD1222,D253G,-0.02713254
AZD1222 + BNT162b2,D253G,-0.008402653
AZD1222 + mRNA-1273,D253G,-0.019415516
Ad26.COV2.S,D253G,0.0054912185
Alpha,D253G,-0.07425072
BNT162b2,D253G,0.06087675
BNT162b2 + mRNA-1273,D253G,-0.023102414
Delta,D253G,-0.084738284
L452R variants,D253G,-0.042319227
Mu,D253G,-0.060879458
Unknown vaccine,D253G,-0.06411847
Unknown variant,D253G,-0.0898214
Wild Type,D253G,-0.08815425
mRNA,D253G,-0.0030571236
mRNA-1273,D253G,-0.03382349
AZD1222,D253N,0.019346965
AZD1222 + BNT162b2,D253N,0.00843965
AZD1222 + mRNA-1273,D253N,0.0022205757
Ad26.COV2.S,D253N,-0.0059856586
Alpha,D253N,0.03382679
BNT162b2,D253N,0.115699805
BNT162b2 + mRNA-1273,D253N,0.053824652
Delta,D253N,-0.01579592
L452R variants,D253N,0.041607834
Mu,D253N,0.035758704
Unknown vaccine,D253N,-0.05912182
Unknown variant,D253N,0.015061405
Wild Type,D253N,-0.057464167
mRNA,D253N,0.013214817
mRNA-1273,D253N,0.034974206
AZD1222,D405N,0.049260724
AZD1222 + BNT162b2,D405N,0.07726835
AZD1222 + mRNA-1273,D405N,0.055276968
Ad26.COV2.S,D405N,0.039419416
Alpha,D405N,0.022991756
BNT162b2,D405N,0.014319219
BNT162b2 + mRNA-1273,D405N,0.022325663
Delta,D405N,0.059411895
L452R variants,D405N,0.102122545
Mu,D405N,0.06890644
Unknown vaccine,D405N,0.031447355
Unknown variant,D405N,-0.029887784
Wild Type,D405N,0.016064323
mRNA,D405N,0.0022667018
mRNA-1273,D405N,0.018984081
AZD1222,D796Y,0.047038916
AZD1222 + BNT162b2,D796Y,0.074073926
AZD1222 + mRNA-1273,D796Y,0.04083845
Ad26.COV2.S,D796Y,0.0061203702
Alpha,D796Y,0.12559712
BNT162b2,D796Y,0.031479374
BNT162b2 + mRNA-1273,D796Y,0.030745555
Delta,D796Y,0.047000602
L452R variants,D796Y,0.035879202
Mu,D796Y,0.052474666
Unknown vaccine,D796Y,0.044380717
Unknown variant,D796Y,-0.013782178
Wild Type,D796Y,0.0817579
mRNA,D796Y,0.024496207
mRNA-1273,D796Y,0.03525237
AZD1222,D80A,0.05861219
AZD1222 + BNT162b2,D80A,0.038426712
AZD1222 + mRNA-1273,D80A,0.015654158
Ad26.COV2.S,D80A,0.12559235
Alpha,D80A,0.035017706
BNT162b2,D80A,0.07334498
BNT162b2 + mRNA-1273,D80A,0.039732732
Delta,D80A,0.11312045
L452R variants,D80A,0.056357738
Mu,D80A,0.06971544
Unknown vaccine,D80A,0.08779124
Unknown variant,D80A,0.026538927
Wild Type,D80A,0.038902238
mRNA,D80A,0.09718228
mRNA-1273,D80A,0.075342156
AZD1222,D80Y,0.06519762
AZD1222 + BNT162b2,D80Y,0.06873006
AZD1222 + mRNA-1273,D80Y,-0.00865796
Ad26.COV2.S,D80Y,-0.04665143
Alpha,D80Y,-0.041454837
BNT162b2,D80Y,0.043474544
BNT162b2 + mRNA-1273,D80Y,-0.064092584
Delta,D80Y,-0.0398225
L452R variants,D80Y,-0.022116078
Mu,D80Y,0.043316826
Unknown vaccine,D80Y,0.051974475
Unknown variant,D80Y,0.008419814
Wild Type,D80Y,0.07791501
mRNA,D80Y,0.022223182
mRNA-1273,D80Y,0.010343082
AZD1222,D950N,0.04212214
AZD1222 + BNT162b2,D950N,0.012920203
AZD1222 + mRNA-1273,D950N,-0.0032508383
Ad26.COV2.S,D950N,0.06984323
Alpha,D950N,0.059098385
BNT162b2,D950N,0.049411025
BNT162b2 + mRNA-1273,D950N,0.024010967
Delta,D950N,-0.017992647
L452R variants,D950N,0.0010902984
Mu,D950N,0.0013418002
Unknown vaccine,D950N,0.016313251
Unknown variant,D950N,-0.004247615
Wild Type,D950N,0.038574837
mRNA,D950N,0.027773332
mRNA-1273,D950N,-0.012142707
AZD1222,E154K,0.04927685
AZD1222 + BNT162b2,E154K,0.0022135573
AZD1222 + mRNA-1273,E154K,0.066183075
Ad26.COV2.S,E154K,0.020952865
Alpha,E154K,0.05677854
BNT162b2,E154K,0.04161614
BNT162b2 + mRNA-1273,E154K,0.05196821
Delta,E154K,-0.029051617
L452R variants,E154K,0.045466937
Mu,E154K,0.09029958
Unknown vaccine,E154K,0.07784392
Unknown variant,E154K,0.03602598
Wild Type,E154K,0.08888502
mRNA,E154K,-0.00078942813
mRNA-1273,E154K,0.050727516
AZD1222,E156G,-0.045876518
AZD1222 + BNT162b2,E156G,0.0010045553
AZD1222 + mRNA-1273,E156G,-0.04647402
Ad26.COV2.S,E156G,-0.12205331
Alpha,E156G,-0.0386806
BNT162b2,E156G,-0.024676748
BNT162b2 + mRNA-1273,E156G,-0.02892406
Delta,E156G,-0.07239758
L452R variants,E156G,-0.031560518
Mu,E156G,-0.041695766
Unknown vaccine,E156G,-0.109098636
Unknown variant,E156G,-0.03569391
Wild Type,E156G,-0.008811581
mRNA,E156G,0.004226703
mRNA-1273,E156G,-0.05371637
AZD1222,E471Q,0.05000571
AZD1222 + BNT162b2,E471Q,0.06401408
AZD1222 + mRNA-1273,E471Q,-0.06684784
Ad26.COV2.S,E471Q,0.087971926
Alpha,E471Q,0.033633858
BNT162b2,E471Q,0.04396298
BNT162b2 + mRNA-1273,E471Q,-0.02512256
Delta,E471Q,0.004783282
L452R variants,E471Q,0.028316405
Mu,E471Q,-0.022497572
Unknown vaccine,E471Q,-0.0025125453
Unknown variant,E471Q,0.044940062
Wild Type,E471Q,-0.033053692
mRNA,E471Q,-0.004338991
mRNA-1273,E471Q,0.021321656
AZD1222,E484A,0.020786509
AZD1222 + BNT162b2,E484A,0.0657346
AZD1222 + mRNA-1273,E484A,0.03648988
Ad26.COV2.S,E484A,-0.0012461403
Alpha,E484A,0.041444384
BNT162b2,E484A,0.007339802
BNT162b2 + mRNA-1273,E484A,0.011160443
Delta,E484A,-0.030590724
L452R variants,E484A,0.1260565
Mu,E484A,0.015777867
Unknown vaccine,E484A,-0.018935006
Unknown variant,E484A,-0.009330889
Wild Type,E484A,-0.004944262
mRNA,E484A,0.058751095
mRNA-1273,E484A,0.015366077
AZD1222,E484K,0.19715871
AZD1222 + BNT162b2,E484K,0.1787139
AZD1222 + mRNA-1273,E484K,0.14555462
Ad26.COV2.S,E484K,0.21193483
Alpha,E484K,0.14732598
BNT162b2,E484K,0.22761483
BNT162b2 + mRNA-1273,E484K,0.15165357
Delta,E484K,0.2248787
L452R variants,E484K,0.21499266
Mu,E484K,0.12770893
Unknown vaccine,E484K,0.23577593
Unknown variant,E484K,0.12364912
Wild Type,E484K,0.2753066
mRNA,E484K,0.2278169
mRNA-1273,E484K,0.2613798
AZD1222,E484Q,-0.016776621
AZD1222 + BNT162b2,E484Q,0.034293663
AZD1222 + mRNA-1273,E484Q,0.044080548
Ad26.COV2.S,E484Q,0.026410704
Alpha,E484Q,0.013949501
BNT162b2,E484Q,0.046549577
BNT162b2 + mRNA-1273,E484Q,0.06636338
Delta,E484Q,-0.0032473179
L452R variants,E484Q,0.028231056
Mu,E484Q,0.09600074
Unknown vaccine,E484Q,0.012126252
Unknown variant,E484Q,0.013979322
Wild Type,E484Q,0.04126256
mRNA,E484Q,-0.0084986035
mRNA-1273,E484Q,0.012503166
AZD1222,F157L,-0.0140168825
AZD1222 + BNT162b2,F157L,-0.07525596
AZD1222 + mRNA-1273,F157L,0.07862281
Ad26.COV2.S,F157L,-0.05182581
Alpha,F157L,-0.039949603
BNT162b2,F157L,-0.026589397
BNT162b2 + mRNA-1273,F157L,-0.029632187
Delta,F157L,0.07003672
L452R variants,F157L,0.010845957
Mu,F157L,-0.026231632
Unknown vaccine,F157L,0.04828292
Unknown variant,F157L,-0.047815748
Wild Type,F157L,-0.008064076
mRNA,F157L,0.04422444
mRNA-1273,F157L,-0.0705213
AZD1222,F486P,0.0960166
AZD1222 + BNT162b2,F486P,0.06215349
AZD1222 + mRNA-1273,F486P,-0.00595998
Ad26.COV2.S,F486P,0.030057233
Alpha,F486P,-0.0077836066
BNT162b2,F486P,0.016003605
BNT162b2 + mRNA-1273,F486P,-0.044077862
Delta,F486P,-0.009725578
L452R variants,F486P,0.0064038523
Mu,F486P,0.024525953
Unknown vaccine,F486P,-0.00052576675
Unknown variant,F486P,-0.021256909
Wild Type,F486P,-0.02375395
mRNA,F486P,0.029967807
mRNA-1273,F486P,0.017823225
AZD1222,F486S,-0.023252709
AZD1222 + BNT162b2,F486S,-0.003664976
AZD1222 + mRNA-1273,F486S,0.048701376
Ad26.COV2.S,F486S,-0.03714129
Alpha,F486S,-0.0036436832
BNT162b2,F486S,0.022340529
BNT162b2 + mRNA-1273,F486S,-0.03285154
Delta,F486S,0.114846304
L452R variants,F486S,-0.003547755
Mu,F486S,-0.025491096
Unknown vaccine,F486S,0.022579584
Unknown variant,F486S,-0.010717295
Wild Type,F486S,-0.040831238
mRNA,F486S,-0.08422259
mRNA-1273,F486S,-0.0640757
AZD1222,F486V,0.121958084
AZD1222 + BNT162b2,F486V,0.008779218
AZD1222 + mRNA-1273,F486V,0.028823752
Ad26.COV2.S,F486V,0.05886142
Alpha,F486V,-0.0151837515
BNT162b2,F486V,0.039280526
BNT162b2 + mRNA-1273,F486V,-0.004803883
Delta,F486V,0.03048601
L452R variants,F486V,-0.048587546
Mu,F486V,-0.04801234
Unknown vaccine,F486V,0.047858886
Unknown variant,F486V,-0.001112219
Wild Type,F486V,0.10420628
mRNA,F486V,-0.105879
mRNA-1273,F486V,0.020832086
AZD1222,F490L,0.029441375
AZD1222 + BNT162b2,F490L,0.151658
AZD1222 + mRNA-1273,F490L,0.010187856
Ad26.COV2.S,F490L,-0.0653207
Alpha,F490L,0.045173194
BNT162b2,F490L,-0.012989085
BNT162b2 + mRNA-1273,F490L,0.021890892
Delta,F490L,-0.0019648876
L452R variants,F490L,-0.062372994
Mu,F490L,0.012678274
Unknown vaccine,F490L,0.011915114
Unknown variant,F490L,-0.047671705
Wild Type,F490L,0.032455903
mRNA,F490L,0.027720096
mRNA-1273,F490L,0.03461372
AZD1222,F490S,0.11819423
AZD1222 + BNT162b2,F490S,0.12251715
AZD1222 + mRNA-1273,F490S,0.115135945
Ad26.COV2.S,F490S,0.10991596
Alpha,F490S,0.09195906
BNT162b2,F490S,0.09814203
BNT162b2 + mRNA-1273,F490S,0.058700822
Delta,F490S,0.05347945
L452R variants,F490S,0.10007998
Mu,F490S,0.075859606
Unknown vaccine,F490S,0.1130811
Unknown variant,F490S,0.14936873
Wild Type,F490S,0.13568182
mRNA,F490S,0.08576569
mRNA-1273,F490S,0.06570191
AZD1222,F888L,-0.0023600946
AZD1222 + BNT162b2,F888L,0.048908852
AZD1222 + mRNA-1273,F888L,0.09753178
Ad26.COV2.S,F888L,0.035122525
Alpha,F888L,-0.018918265
BNT162b2,F888L,0.037947424
BNT162b2 + mRNA-1273,F888L,0.0024811183
Delta,F888L,0.115528606
L452R variants,F888L,0.009509244
Mu,F888L,-0.032932602
Unknown vaccine,F888L,0.0116868755
Unknown variant,F888L,-0.039312504
Wild Type,F888L,0.09958142
mRNA,F888L,0.026201937
mRNA-1273,F888L,0.09536603
AZD1222,G142D,0.022233117
AZD1222 + BNT162b2,G142D,0.030971142
AZD1222 + mRNA-1273,G142D,-0.012667237
Ad26.COV2.S,G142D,0.06815371
Alpha,G142D,0.03188464
BNT162b2,G142D,-0.048263133
BNT162b2 + mRNA-1273,G142D,0.027775615
Delta,G142D,-0.057884112
L452R variants,G142D,-0.064041555
Mu,G142D,0.021909352
Unknown vaccine,G142D,0.01794644
Unknown variant,G142D,-0.001534455
Wild Type,G142D,0.044535745
mRNA,G142D,0.024472626
mRNA-1273,G142D,-0.05086557
AZD1222,G252V,-0.049032137
AZD1222 + BNT162b2,G252V,0.037952513
AZD1222 + mRNA-1273,G252V,-0.017676018
Ad26.COV2.S,G252V,0.05139954
Alpha,G252V,0.085170895
BNT162b2,G252V,0.01434334
BNT162b2 + mRNA-1273,G252V,0.023533762
Delta,G252V,-0.018510707
L452R variants,G252V,0.06713058
Mu,G252V,0.0116395475
Unknown vaccine,G252V,0.02643882
Unknown variant,G252V,0.069063134
Wild Type,G252V,-0.05011762
mRNA,G252V,0.016882796
mRNA-1273,G252V,0.00064035645
AZD1222,G339D,0.019275134
AZD1222 + BNT162b2,G339D,0.036302857
AZD1222 + mRNA-1273,G339D,0.030642599
Ad26.COV2.S,G339D,0.026310172
Alpha,G339D,0.025628602
BNT162b2,G339D,-0.021036485
BNT162b2 + mRNA-1273,G339D,0.030531555
Delta,G339D,-0.02818172
L452R variants,G339D,-0.042979196
Mu,G339D,0.032070342
Unknown vaccine,G339D,0.026272176
Unknown variant,G339D,0.054672167
Wild Type,G339D,0.035993304
mRNA,G339D,0.0047986815
mRNA-1273,G339D,0.037456512
AZD1222,G339H,0.034747854
AZD1222 + BNT162b2,G339H,-0.031054016
AZD1222 + mRNA-1273,G339H,-0.01784151
Ad26.COV2.S,G339H,0.07446191
Alpha,G339H,0.0078327395
BNT162b2,G339H,0.024800915
BNT162b2 + mRNA-1273,G339H,0.023473885
Delta,G339H,-0.009121961
L452R variants,G339H,-0.01634414
Mu,G339H,0.06816515
Unknown vaccine,G339H,0.037574373
Unknown variant,G339H,0.03055314
Wild Type,G339H,-0.0036623087
mRNA,G339H,-0.03496591
mRNA-1273,G339H,-0.022480378
AZD1222,G446S,0.01567843
AZD1222 + BNT162b2,G446S,0.051707163
AZD1222 + mRNA-1273,G446S,0.0029648077
Ad26.COV2.S,G446S,0.049145598
Alpha,G446S,0.048126265
BNT162b2,G446S,0.048011374
BNT162b2 + mRNA-1273,G446S,0.0494181
Delta,G446S,0.066754185
L452R variants,G446S,0.04663189
Mu,G446S,0.06757456
Unknown vaccine,G446S,0.09051044
Unknown variant,G446S,0.10577868
Wild Type,G446S,0.01891047
mRNA,G446S,0.06719481
mRNA-1273,G446S,0.019354641
AZD1222,G496S,-0.0076534813
AZD1222 + BNT162b2,G496S,-0.036555562
AZD1222 + mRNA-1273,G496S,-0.025561385
Ad26.COV2.S,G496S,-0.013136934
Alpha,G496S,-0.06789766
BNT162b2,G496S,-0.044718146
BNT162b2 + mRNA-1273,G496S,0.0041458216
Delta,G496S,-0.035673123
L452R variants,G496S,0.0729505
Mu,G496S,-0.003071468
Unknown vaccine,G496S,0.055391323
Unknown variant,G496S,-0.008131217
Wild Type,G496S,-0.08381519
mRNA,G496S,-0.025294257
mRNA-1273,G496S,-0.0050763944
AZD1222,G72R,-0.020999989
AZD1222 + BNT162b2,G72R,0.023018586
AZD1222 + mRNA-1273,G72R,-0.053175025
Ad26.COV2.S,G72R,-0.01744387
Alpha,G72R,0.049650285
BNT162b2,G72R,0.011888993
BNT162b2 + mRNA-1273,G72R,-0.07165004
Delta,G72R,-0.021500684
L452R variants,G72R,0.0038280813
Mu,G72R,-0.034938868
Unknown vaccine,G72R,-0.04640042
Unknown variant,G72R,-0.11417027
Wild Type,G72R,-0.02729861
mRNA,G72R,0.02289272
mRNA-1273,G72R,0.024221204
AZD1222,G75V,0.042913686
AZD1222 + BNT162b2,G75V,0.043309096
AZD1222 + mRNA-1273,G75V,0.02551866
Ad26.COV2.S,G75V,0.08694091
Alpha,G75V,0.029597694
BNT162b2,G75V,0.035095222
BNT162b2 + mRNA-1273,G75V,0.0020342735
Delta,G75V,0.020480402
L452R variants,G75V,0.009018112
Mu,G75V,0.020760134
Unknown vaccine,G75V,0.0327201
Unknown variant,G75V,0.045782283
Wild Type,G75V,0.061256748
mRNA,G75V,-0.015497324
mRNA-1273,G75V,0.021341914
AZD1222,G769V,-0.07616495
AZD1222 + BNT162b2,G769V,0.0020408705
AZD1222 + mRNA-1273,G769V,-0.03812694
Ad26.COV2.S,G769V,0.038096983
Alpha,G769V,0.013086307
BNT162b2,G769V,0.11039583
BNT162b2 + mRNA-1273,G769V,-0.037341926
Delta,G769V,-0.05048436
L452R variants,G769V,-0.022671746
Mu,G769V,0.035531037
Unknown vaccine,G769V,-0.036678113
Unknown variant,G769V,0.049650617
Wild Type,G769V,0.023352943
mRNA,G769V,-0.007740384
mRNA-1273,G769V,0.05283615
AZD1222,H1101D,0.057867326
AZD1222 + BNT162b2,H1101D,0.037928086
AZD1222 + mRNA-1273,H1101D,-0.012998165
Ad26.COV2.S,H1101D,0.07694905
Alpha,H1101D,0.022268714
BNT162b2,H1101D,-0.023807235
BNT162b2 + mRNA-1273,H1101D,0.056849718
Delta,H1101D,-0.048324566
L452R variants,H1101D,0.046326026
Mu,H1101D,0.055167474
Unknown vaccine,H1101D,0.036914863
Unknown variant,H1101D,-0.029406939
Wild Type,H1101D,0.025780268
mRNA,H1101D,0.0961474
mRNA-1273,H1101D,0.0118513405
AZD1222,H146N,0.008436445
AZD1222 + BNT162b2,H146N,0.0057080495
AZD1222 + mRNA-1273,H146N,0.02883867
Ad26.COV2.S,H146N,0.006715184
Alpha,H146N,0.014115054
BNT162b2,H146N,-0.016775388
BNT162b2 + mRNA-1273,H146N,0.0018589217
Delta,H146N,-0.016074147
L452R variants,H146N,0.0014042291
Mu,H146N,0.0065123946
Unknown vaccine,H146N,0.021517215
Unknown variant,H146N,-0.082028545
Wild Type,H146N,-0.02226848
mRNA,H146N,-0.021515183
mRNA-1273,H146N,-0.047669735
AZD1222,H146Q,0.07212931
AZD1222 + BNT162b2,H146Q,0.031591345
AZD1222 + mRNA-1273,H146Q,0.044230778
Ad26.COV2.S,H146Q,-0.058647122
Alpha,H146Q,0.015774313
BNT162b2,H146Q,0.031910352
BNT162b2 + mRNA-1273,H146Q,0.0045742746
Delta,H146Q,0.10647166
L452R variants,H146Q,-0.023440482
Mu,H146Q,0.058214657
Unknown vaccine,H146Q,0.002975307
Unknown variant,H146Q,-0.043569632
Wild Type,H146Q,-0.0037941337
mRNA,H146Q,0.013482984
mRNA-1273,H146Q,-0.04755545
AZD1222,H655Y,0.034688294
AZD1222 + BNT162b2,H655Y,0.071878895
AZD1222 + mRNA-1273,H655Y,0.05268546
Ad26.COV2.S,H655Y,0.03456712
Alpha,H655Y,0.03966606
BNT162b2,H655Y,0.023954893
BNT162b2 + mRNA-1273,H655Y,0.023521017
Delta,H655Y,0.0363222
L452R variants,H655Y,0.035936527
Mu,H655Y,0.041124914
Unknown vaccine,H655Y,0.023197249
Unknown variant,H655Y,0.06817346
Wild Type,H655Y,0.07199845
mRNA,H655Y,0.019789191
mRNA-1273,H655Y,0.049793433
AZD1222,H69H,0.057954486
AZD1222 + BNT162b2,H69H,0.04597302
AZD1222 + mRNA-1273,H69H,-0.025189819
Ad26.COV2.S,H69H,0.023254478
Alpha,H69H,0.03101409
BNT162b2,H69H,0.022363976
BNT162b2 + mRNA-1273,H69H,0.006886704
Delta,H69H,0.058783583
L452R variants,H69H,-0.06483526
Mu,H69H,0.044136405
Unknown vaccine,H69H,0.039572567
Unknown variant,H69H,0.023823477
Wild Type,H69H,0.09541132
mRNA,H69H,0.04545215
mRNA-1273,H69H,0.04874772
AZD1222,H69R,-0.035489134
AZD1222 + BNT162b2,H69R,0.11090285
AZD1222 + mRNA-1273,H69R,0.059139892
Ad26.COV2.S,H69R,-0.01874686
Alpha,H69R,0.06738642
BNT162b2,H69R,0.102850124
BNT162b2 + mRNA-1273,H69R,0.10998404
Delta,H69R,0.05727535
L452R variants,H69R,0.045936268
Mu,H69R,-0.039432462
Unknown vaccine,H69R,0.042500656
Unknown variant,H69R,0.058321185
Wild Type,H69R,0.08507304
mRNA,H69R,0.05012568
mRNA-1273,H69R,0.09988386
AZD1222,I692V,-0.045174934
AZD1222 + BNT162b2,I692V,-0.08766907
AZD1222 + mRNA-1273,I692V,-0.021743864
Ad26.COV2.S,I692V,0.0035267863
Alpha,I692V,-0.069151916
BNT162b2,I692V,0.037877318
BNT162b2 + mRNA-1273,I692V,-0.006120996
Delta,I692V,-0.008762425
L452R variants,I692V,0.017728766
Mu,I692V,0.007152456
Unknown vaccine,I692V,0.08114731
Unknown variant,I692V,-0.028605152
Wild Type,I692V,-0.0115890335
mRNA,I692V,0.01037782
mRNA-1273,I692V,-0.010423207
AZD1222,K417K,0.027561266
AZD1222 + BNT162b2,K417K,0.04874723
AZD1222 + mRNA-1273,K417K,-0.0554186
Ad26.COV2.S,K417K,0.033780497
Alpha,K417K,-0.02262445
BNT162b2,K417K,0.003363452
BNT162b2 + mRNA-1273,K417K,-0.008615099
Delta,K417K,-0.015794512
L452R variants,K417K,0.0924672
Mu,K417K,0.02035101
Unknown vaccine,K417K,0.01885207
Unknown variant,K417K,0.08474666
Wild Type,K417K,0.09395004
mRNA,K417K,0.0460887
mRNA-1273,K417K,0.08515001
AZD1222,K417N,-0.010036905
AZD1222 + BNT162b2,K417N,0.056152277
AZD1222 + mRNA-1273,K417N,0.012375003
Ad26.COV2.S,K417N,0.05167518
Alpha,K417N,0.027249679
BNT162b2,K417N,-0.014753144
BNT162b2 + mRNA-1273,K417N,0.009008815
Delta,K417N,0.01762008
L452R variants,K417N,0.019720186
Mu,K417N,0.014543507
Unknown vaccine,K417N,0.0053407284
Unknown variant,K417N,-0.021808058
Wild Type,K417N,-0.019941602
mRNA,K417N,0.05412631
mRNA-1273,K417N,0.02942529
AZD1222,K417T,0.0010979949
AZD1222 + BNT162b2,K417T,-0.03911395
AZD1222 + mRNA-1273,K417T,-0.008754985
Ad26.COV2.S,K417T,-0.0017037634
Alpha,K417T,-0.046013165
BNT162b2,K417T,-0.027625157
BNT162b2 + mRNA-1273,K417T,-0.004827955
Delta,K417T,0.029868899
L452R variants,K417T,-0.0025141262
Mu,K417T,0.014770633
Unknown vaccine,K417T,0.07774134
Unknown variant,K417T,0.06459294
Wild Type,K417T,0.0078249145
mRNA,K417T,0.019010037
mRNA-1273,K417T,-0.006079845
AZD1222,K444T,0.07767159
AZD1222 + BNT162b2,K444T,0.024554169
AZD1222 + mRNA-1273,K444T,0.04967084
Ad26.COV2.S,K444T,0.05500434
Alpha,K444T,0.1564822
BNT162b2,K444T,0.040364213
BNT162b2 + mRNA-1273,K444T,0.03583192
Delta,K444T,0.053983156
L452R variants,K444T,0.10248853
Mu,K444T,0.044759646
Unknown vaccine,K444T,0.030635174
Unknown variant,K444T,0.11298372
Wild Type,K444T,0.09829067
mRNA,K444T,0.053006668
mRNA-1273,K444T,-0.015884066
AZD1222,K558N,0.0551015
AZD1222 + BNT162b2,K558N,0.022509603
AZD1222 + mRNA-1273,K558N,0.0025573773
Ad26.COV2.S,K558N,0.097562216
Alpha,K558N,-0.034804273
BNT162b2,K558N,0.058086112
BNT162b2 + mRNA-1273,K558N,-0.03301441
Delta,K558N,0.08069414
L452R variants,K558N,-0.021265537
Mu,K558N,0.10357186
Unknown vaccine,K558N,-0.0284089
Unknown variant,K558N,0.009624533
Wild Type,K558N,-0.016290355
mRNA,K558N,-0.03660415
mRNA-1273,K558N,0.045173306
AZD1222,L18F,0.060353577
AZD1222 + BNT162b2,L18F,-0.043868363
AZD1222 + mRNA-1273,L18F,-0.08680099
Ad26.COV2.S,L18F,0.032270093
Alpha,L18F,-0.08693723
BNT162b2,L18F,-0.0033340226
BNT162b2 + mRNA-1273,L18F,-0.052075773
Delta,L18F,0.06472686
L452R variants,L18F,-0.07205913
Mu,L18F,-0.010270573
Unknown vaccine,L18F,0.0491196
Unknown variant,L18F,-0.016843475
Wild Type,L18F,-0.057841122
mRNA,L18F,0.03363032
mRNA-1273,L18F,0.0020415683
AZD1222,L24S,0.023757733
AZD1222 + BNT162b2,L24S,0.04441872
AZD1222 + mRNA-1273,L24S,0.030845756
Ad26.COV2.S,L24S,0.050373677
Alpha,L24S,0.037138302
BNT162b2,L24S,-0.010199288
BNT162b2 + mRNA-1273,L24S,-0.0029236241
Delta,L24S,-0.081058644
L452R variants,L24S,0.015428143
Mu,L24S,-0.029931564
Unknown vaccine,L24S,-0.011105012
Unknown variant,L24S,-0.067075655
Wild Type,L24S,0.057132892
mRNA,L24S,-0.061868556
mRNA-1273,L24S,-0.0018761931
AZD1222,L368I,-0.009800103
AZD1222 + BNT162b2,L368I,0.03260559
AZD1222 + mRNA-1273,L368I,0.0069208555
Ad26.COV2.S,L368I,-0.02601924
Alpha,L368I,-0.028203331
BNT162b2,L368I,0.019982485
BNT162b2 + mRNA-1273,L368I,0.012374601
Delta,L368I,0.06744181
L452R variants,L368I,-0.01509129
Mu,L368I,0.062731914
Unknown vaccine,L368I,0.0050149425
Unknown variant,L368I,0.049039714
Wild Type,L368I,-0.0438949
mRNA,L368I,0.0786162
mRNA-1273,L368I,0.028781012
AZD1222,L452Q,-0.049630985
AZD1222 + BNT162b2,L452Q,-0.011694929
AZD1222 + mRNA-1273,L452Q,0.018484151
Ad26.COV2.S,L452Q,-0.02149662
Alpha,L452Q,-0.004138787
BNT162b2,L452Q,-0.050988887
BNT162b2 + mRNA-1273,L452Q,0.024663188
Delta,L452Q,-0.07129364
L452R variants,L452Q,0.017461583
Mu,L452Q,-0.06544865
Unknown vaccine,L452Q,-0.010366982
Unknown variant,L452Q,0.022026608
Wild Type,L452Q,-0.073376305
mRNA,L452Q,0.05838108
mRNA-1273,L452Q,0.019686656
AZD1222,L452R,0.14875843
AZD1222 + BNT162b2,L452R,0.12860648
AZD1222 + mRNA-1273,L452R,0.12977684
Ad26.COV2.S,L452R,0.21606721
Alpha,L452R,0.09792289
BNT162b2,L452R,0.123588815
BNT162b2 + mRNA-1273,L452R,0.11235147
Delta,L452R,0.07443705
L452R variants,L452R,0.07125694
Mu,L452R,0.102735564
Unknown vaccine,L452R,0.092645004
Unknown variant,L452R,0.09785598
Wild Type,L452R,0.16974255
mRNA,L452R,0.09821111
mRNA-1273,L452R,0.06304545
AZD1222,L5F,-0.008522464
AZD1222 + BNT162b2,L5F,-0.0092562195
AZD1222 + mRNA-1273,L5F,-0.07977736
Ad26.COV2.S,L5F,-0.00317442
Alpha,L5F,-0.10601047
BNT162b2,L5F,-0.02391133
BNT162b2 + mRNA-1273,L5F,-0.07634439
Delta,L5F,-0.13864698
L452R variants,L5F,-0.06859829
Mu,L5F,-0.053011876
Unknown vaccine,L5F,-0.12125004
Unknown variant,L5F,-0.05219362
Wild Type,L5F,-0.08367272
mRNA,L5F,-0.033029128
mRNA-1273,L5F,-0.07648324
AZD1222,L981F,0.008715408
AZD1222 + BNT162b2,L981F,0.022850025
AZD1222 + mRNA-1273,L981F,-0.016607434
Ad26.COV2.S,L981F,0.0091968095
Alpha,L981F,0.07394373
BNT162b2,L981F,0.074586324
BNT162b2 + mRNA-1273,L981F,0.05738184
Delta,L981F,0.019271344
L452R variants,L981F,-0.05736163
Mu,L981F,0.014411204
Unknown vaccine,L981F,-0.023245512
Unknown variant,L981F,-0.00698054
Wild Type,L981F,0.019280948
mRNA,L981F,0.020763548
mRNA-1273,L981F,-0.001646244
AZD1222,M1229I,0.05410577
AZD1222 + BNT162b2,M1229I,0.0006604579
AZD1222 + mRNA-1273,M1229I,-0.058651567
Ad26.COV2.S,M1229I,-0.092082545
Alpha,M1229I,0.037064098
BNT162b2,M1229I,-0.050237395
BNT162b2 + mRNA-1273,M1229I,-0.03267575
Delta,M1229I,-0.0044752904
L452R variants,M1229I,-0.08384043
Mu,M1229I,-0.03592082
Unknown vaccine,M1229I,-0.017323244
Unknown variant,M1229I,-0.050958853
Wild Type,M1229I,-0.06506117
mRNA,M1229I,-0.020942628
mRNA-1273,M1229I,-0.013669277
AZD1222,M869N,0.1172172
AZD1222 + BNT162b2,M869N,0.13120422
AZD1222 + mRNA-1273,M869N,0.11441386
Ad26.COV2.S,M869N,0.13126208
Alpha,M869N,0.10921013
BNT162b2,M869N,0.14742915
BNT162b2 + mRNA-1273,M869N,0.08481259
Delta,M869N,0.0051443605
L452R variants,M869N,0.056354158
Mu,M869N,0.11559013
Unknown vaccine,M869N,0.09962287
Unknown variant,M869N,0.10576282
Wild Type,M869N,0.09352715
mRNA,M869N,-0.038058743
mRNA-1273,M869N,0.16036579
AZD1222,N440K,0.0077226833
AZD1222 + BNT162b2,N440K,0.044844564
AZD1222 + mRNA-1273,N440K,0.040848274
Ad26.COV2.S,N440K,0.02651378
Alpha,N440K,0.06697762
BNT162b2,N440K,0.0026013008
BNT162b2 + mRNA-1273,N440K,0.004959607
Delta,N440K,-0.010513205
L452R variants,N440K,-0.015212813
Mu,N440K,0.042135745
Unknown vaccine,N440K,0.023381017
Unknown variant,N440K,0.025325593
Wild Type,N440K,0.036787078
mRNA,N440K,0.050992526
mRNA-1273,N440K,0.009180192
AZD1222,N460K,0.016041348
AZD1222 + BNT162b2,N460K,0.010044788
AZD1222 + mRNA-1273,N460K,0.14081481
Ad26.COV2.S,N460K,0.04390547
Alpha,N460K,0.03721581
BNT162b2,N460K,0.091411196
BNT162b2 + mRNA-1273,N460K,0.060096927
Delta,N460K,-0.02952372
L452R variants,N460K,0.07767849
Mu,N460K,0.06200319
Unknown vaccine,N460K,0.09718066
Unknown variant,N460K,0.10297094
Wild Type,N460K,0.03777168
mRNA,N460K,0.06704639
mRNA-1273,N460K,0.010581761
AZD1222,N501Y,0.08769174
AZD1222 + BNT162b2,N501Y,0.14353955
AZD1222 + mRNA-1273,N501Y,0.09484672
Ad26.COV2.S,N501Y,0.114803895
Alpha,N501Y,0.11262924
BNT162b2,N501Y,0.08522452
BNT162b2 + mRNA-1273,N501Y,0.08141008
Delta,N501Y,0.108742684
L452R variants,N501Y,0.09542772
Mu,N501Y,0.033810455
Unknown vaccine,N501Y,0.09176947
Unknown variant,N501Y,0.05955339
Wild Type,N501Y,0.118360475
mRNA,N501Y,0.15167934
mRNA-1273,N501Y,0.14492896
AZD1222,N679K,0.011546347
AZD1222 + BNT162b2,N679K,0.070723616
AZD1222 + mRNA-1273,N679K,0.021013156
Ad26.COV2.S,N679K,0.07358479
Alpha,N679K,-0.06577976
BNT162b2,N679K,0.007837413
BNT162b2 + mRNA-1273,N679K,0.024950406
Delta,N679K,-0.0044051213
L452R variants,N679K,0.049924392
Mu,N679K,0.020199914
Unknown vaccine,N679K,0.019370941
Unknown variant,N679K,0.06873828
Wild Type,N679K,0.06860885
mRNA,N679K,0.06021431
mRNA-1273,N679K,0.035439026
AZD1222,N764K,0.021785958
AZD1222 + BNT162b2,N764K,0.07860845
AZD1222 + mRNA-1273,N764K,0.052128308
Ad26.COV2.S,N764K,0.06357931
Alpha,N764K,0.020940715
BNT162b2,N764K,0.025259469
BNT162b2 + mRNA-1273,N764K,0.01880079
Delta,N764K,0.016672045
L452R variants,N764K,0.09366698
Mu,N764K,-0.01559706
Unknown vaccine,N764K,0.017896129
Unknown variant,N764K,-0.0035342886
Wild Type,N764K,0.07590717
mRNA,N764K,0.032253258
mRNA-1273,N764K,0.03163112
AZD1222,N856K,-0.00024048239
AZD1222 + BNT162b2,N856K,-0.006288723
AZD1222 + mRNA-1273,N856K,-0.008014507
Ad26.COV2.S,N856K,-0.07042646
Alpha,N856K,-0.06615535
BNT162b2,N856K,0.046673216
BNT162b2 + mRNA-1273,N856K,0.05283786
Delta,N856K,-0.012310588
L452R variants,N856K,-0.030949429
Mu,N856K,-0.05597268
Unknown vaccine,N856K,0.1035251
Unknown variant,N856K,0.0463247
Wild Type,N856K,0.0374355
mRNA,N856K,0.062486425
mRNA-1273,N856K,0.0333647
AZD1222,N969K,0.032563195
AZD1222 + BNT162b2,N969K,0.07340257
AZD1222 + mRNA-1273,N969K,0.06093346
Ad26.COV2.S,N969K,0.041524038
Alpha,N969K,0.12606122
BNT162b2,N969K,0.016431112
BNT162b2 + mRNA-1273,N969K,0.030561958
Delta,N969K,-0.017038828
L452R variants,N969K,-0.016625892
Mu,N969K,0.1086646
Unknown vaccine,N969K,0.022167467
Unknown variant,N969K,0.016803855
Wild Type,N969K,0.066357546
mRNA,N969K,0.029384382
mRNA-1273,N969K,0.035005867
AZD1222,P26S,-0.1656493
AZD1222 + BNT162b2,P26S,-0.09382672
AZD1222 + mRNA-1273,P26S,-0.16124837
Ad26.COV2.S,P26S,-0.10602769
Alpha,P26S,-0.100605965
BNT162b2,P26S,-0.09732296
BNT162b2 + mRNA-1273,P26S,-0.07562321
Delta,P26S,-0.06736113
L452R variants,P26S,-0.044394605
Mu,P26S,-0.07846962
Unknown vaccine,P26S,-0.04804664
Unknown variant,P26S,-0.14677703
Wild Type,P26S,-0.08530438
mRNA,P26S,-0.057159614
mRNA-1273,P26S,-0.117992304
AZD1222,P681H,0.0070107672
AZD1222 + BNT162b2,P681H,0.06857315
AZD1222 + mRNA-1273,P681H,0.031407736
Ad26.COV2.S,P681H,0.030878432
Alpha,P681H,0.0028581424
BNT162b2,P681H,0.007112022
BNT162b2 + mRNA-1273,P681H,0.013452031
Delta,P681H,0.0420967
L452R variants,P681H,-0.004178011
Mu,P681H,0.04967831
Unknown vaccine,P681H,0.0018698475
Unknown variant,P681H,-0.030879147
Wild Type,P681H,0.088442944
mRNA,P681H,0.03574144
mRNA-1273,P681H,0.025073992
AZD1222,P681R,0.1137791
AZD1222 + BNT162b2,P681R,0.050024617
AZD1222 + mRNA-1273,P681R,0.07057272
Ad26.COV2.S,P681R,0.08641832
Alpha,P681R,0.037665866
BNT162b2,P681R,0.08906441
BNT162b2 + mRNA-1273,P681R,0.07898185
Delta,P681R,0.046592496
L452R variants,P681R,0.013632791
Mu,P681R,0.064589895
Unknown vaccine,P681R,0.13713178
Unknown variant,P681R,0.0317647
Wild Type,P681R,0.0794369
mRNA,P681R,0.058755875
mRNA-1273,P681R,0.022828735
AZD1222,P9L,0.049168956
AZD1222 + BNT162b2,P9L,0.020242877
AZD1222 + mRNA-1273,P9L,0.07779254
Ad26.COV2.S,P9L,-0.049663786
Alpha,P9L,-0.07741819
BNT162b2,P9L,-0.024527943
BNT162b2 + mRNA-1273,P9L,-0.061160628
Delta,P9L,-0.02623779
L452R variants,P9L,0.007013861
Mu,P9L,-0.06082113
Unknown vaccine,P9L,-0.03760936
Unknown variant,P9L,0.027332636
Wild Type,P9L,0.032716002
mRNA,P9L,-0.023107735
mRNA-1273,P9L,-0.037572116
AZD1222,Q1071H,0.04052979
AZD1222 + BNT162b2,Q1071H,0.056099262
AZD1222 + mRNA-1273,Q1071H,0.038927875
Ad26.COV2.S,Q1071H,-0.02655408
Alpha,Q1071H,-0.029545765
BNT162b2,Q1071H,-0.03950314
BNT162b2 + mRNA-1273,Q1071H,0.04981629
Delta,Q1071H,-0.003995835
L452R variants,Q1071H,0.009818713
Mu,Q1071H,0.04813181
Unknown vaccine,Q1071H,0.07789685
Unknown variant,Q1071H,0.049508993
Wild Type,Q1071H,0.006432278
mRNA,Q1071H,-0.0016607288
mRNA-1273,Q1071H,-0.0041908678
AZD1222,Q1208H,-0.04098269
AZD1222 + BNT162b2,Q1208H,-0.05565318
AZD1222 + mRNA-1273,Q1208H,-0.014988659
Ad26.COV2.S,Q1208H,-0.0297843
Alpha,Q1208H,-0.06177858
BNT162b2,Q1208H,-0.015914952
BNT162b2 + mRNA-1273,Q1208H,-0.018381946
Delta,Q1208H,-0.04255641
L452R variants,Q1208H,-0.038515758
Mu,Q1208H,-0.02627819
Unknown vaccine,Q1208H,-0.06521178
Unknown variant,Q1208H,-0.0682261
Wild Type,Q1208H,-0.031067843
mRNA,Q1208H,-0.021477934
mRNA-1273,Q1208H,0.027263682
AZD1222,Q183E,0.05991649
AZD1222 + BNT162b2,Q183E,0.058014132
AZD1222 + mRNA-1273,Q183E,0.025321646
Ad26.COV2.S,Q183E,0.018282238
Alpha,Q183E,0.053105295
BNT162b2,Q183E,0.010500849
BNT162b2 + mRNA-1273,Q183E,0.030867709
Delta,Q183E,0.015985651
L452R variants,Q183E,-0.012668274
Mu,Q183E,-0.041462034
Unknown vaccine,Q183E,0.056802206
Unknown variant,Q183E,0.043154962
Wild Type,Q183E,0.050962396
mRNA,Q183E,0.07650862
mRNA-1273,Q183E,-0.002300098
AZD1222,Q493R,-0.02873597
AZD1222 + BNT162b2,Q493R,0.0002017552
AZD1222 + mRNA-1273,Q493R,-0.024285272
Ad26.COV2.S,Q493R,-0.0114158485
Alpha,Q493R,-0.04775081
BNT162b2,Q493R,-0.040782552
BNT162b2 + mRNA-1273,Q493R,-0.09202796
Delta,Q493R,0.0150625575
L452R variants,Q493R,-0.045823086
Mu,Q493R,-0.116851985
Unknown vaccine,Q493R,-0.033556424
Unknown variant,Q493R,-0.027651947
Wild Type,Q493R,-0.018793702
mRNA,Q493R,-0.0069909384
mRNA-1273,Q493R,0.029843358
AZD1222,Q498R,-0.020435555
AZD1222 + BNT162b2,Q498R,0.058862124
AZD1222 + mRNA-1273,Q498R,0.022785217
Ad26.COV2.S,Q498R,0.019546678
Alpha,Q498R,0.013614455
BNT162b2,Q498R,0.014069949
BNT162b2 + mRNA-1273,Q498R,-0.0023357891
Delta,Q498R,-0.0006539738
L452R variants,Q498R,-0.036625993
Mu,Q498R,0.017418468
Unknown vaccine,Q498R,0.030524494
Unknown variant,Q498R,-0.008424776
Wild Type,Q498R,0.011173157
mRNA,Q498R,0.043761622
mRNA-1273,Q498R,0.024933768
AZD1222,Q52R,0.022558095
AZD1222 + BNT162b2,Q52R,0.043809753
AZD1222 + mRNA-1273,Q52R,0.03663977
Ad26.COV2.S,Q52R,0.020570908
Alpha,Q52R,0.064363115
BNT162b2,Q52R,-0.07286044
BNT162b2 + mRNA-1273,Q52R,0.027283674
Delta,Q52R,0.042756233
L452R variants,Q52R,0.00928162
Mu,Q52R,-0.08009361
Unknown vaccine,Q52R,0.0021109271
Unknown variant,Q52R,0.056087002
Wild Type,Q52R,0.095626906
mRNA,Q52R,0.037965655
mRNA-1273,Q52R,0.06340501
AZD1222,Q613H,0.047430806
AZD1222 + BNT162b2,Q613H,0.019643035
AZD1222 + mRNA-1273,Q613H,0.07198329
Ad26.COV2.S,Q613H,-0.059372116
Alpha,Q613H,-0.048968956
BNT162b2,Q613H,-0.045011006
BNT162b2 + mRNA-1273,Q613H,0.04560858
Delta,Q613H,-0.06553886
L452R variants,Q613H,-0.059132785
Mu,Q613H,-0.038614783
Unknown vaccine,Q613H,0.029763035
Unknown variant,Q613H,-0.06966833
Wild Type,Q613H,0.025345664
mRNA,Q613H,0.02110861
mRNA-1273,Q613H,-0.054965712
AZD1222,Q677H,0.0037072971
AZD1222 + BNT162b2,Q677H,0.02950684
AZD1222 + mRNA-1273,Q677H,-0.044550724
Ad26.COV2.S,Q677H,-0.06079522
Alpha,Q677H,-0.066730306
BNT162b2,Q677H,-0.11426128
BNT162b2 + mRNA-1273,Q677H,-0.0538565
Delta,Q677H,-0.040215872
L452R variants,Q677H,-0.13278353
Mu,Q677H,0.00854073
Unknown vaccine,Q677H,-0.026288725
Unknown variant,Q677H,0.06420369
Wild Type,Q677H,-0.025375424
mRNA,Q677H,0.0037374133
mRNA-1273,Q677H,0.019996103
AZD1222,Q954H,0.066395104
AZD1222 + BNT162b2,Q954H,0.07540046
AZD1222 + mRNA-1273,Q954H,0.03710096
Ad26.COV2.S,Q954H,0.07837721
Alpha,Q954H,0.03477883
BNT162b2,Q954H,0.017631015
BNT162b2 + mRNA-1273,Q954H,0.03860248
Delta,Q954H,0.057539925
L452R variants,Q954H,0.050503165
Mu,Q954H,0.031490177
Unknown vaccine,Q954H,0.01850022
Unknown variant,Q954H,0.08399162
Wild Type,Q954H,0.07935778
mRNA,Q954H,0.02169622
mRNA-1273,Q954H,0.040038943
AZD1222,Q957H,0.0135236215
AZD1222 + BNT162b2,Q957H,0.013162139
AZD1222 + mRNA-1273,Q957H,0.04395146
Ad26.COV2.S,Q957H,-0.044135306
Alpha,Q957H,0.01615652
BNT162b2,Q957H,-0.021119736
BNT162b2 + mRNA-1273,Q957H,0.102306366
Delta,Q957H,0.006451725
L452R variants,Q957H,-0.007852095
Mu,Q957H,0.06877442
Unknown vaccine,Q957H,-0.07530503
Unknown variant,Q957H,0.0056889285
Wild Type,Q957H,-0.0040871417
mRNA,Q957H,-0.011086797
mRNA-1273,Q957H,0.051754788
AZD1222,R102I,0.08900957
AZD1222 + BNT162b2,R102I,-0.05076281
AZD1222 + mRNA-1273,R102I,-0.05193674
Ad26.COV2.S,R102I,0.0005658008
Alpha,R102I,0.0340636
BNT162b2,R102I,-0.02741522
BNT162b2 + mRNA-1273,R102I,0.02667608
Delta,R102I,0.008071435
L452R variants,R102I,-0.010011673
Mu,R102I,0.02654675
Unknown vaccine,R102I,-0.04688286
Unknown variant,R102I,0.033495665
Wild Type,R102I,-0.03254308
mRNA,R102I,-0.044450507
mRNA-1273,R102I,-0.015682949
AZD1222,R190S,-0.0065977955
AZD1222 + BNT162b2,R190S,-0.023477647
AZD1222 + mRNA-1273,R190S,-0.015642518
Ad26.COV2.S,R190S,-0.075330235
Alpha,R190S,-0.057594582
BNT162b2,R190S,-0.0026228428
BNT162b2 + mRNA-1273,R190S,-0.04255556
Delta,R190S,-0.035654295
L452R variants,R190S,-0.039581448
Mu,R190S,-0.07853188
Unknown vaccine,R190S,0.03163074
Unknown variant,R190S,-0.02291935
Wild Type,R190S,0.004176822
mRNA,R190S,-0.023773424
mRNA-1273,R190S,-0.024205303
AZD1222,R214ins,-0.0009775963
AZD1222 + BNT162b2,R214ins,0.033027787
AZD1222 + mRNA-1273,R214ins,0.0012871185
Ad26.COV2.S,R214ins,0.0021379627
Alpha,R214ins,0.08422854
BNT162b2,R214ins,0.04167033
BNT162b2 + mRNA-1273,R214ins,0.002101602
Delta,R214ins,0.044608492
L452R variants,R214ins,0.15130144
Mu,R214ins,0.020980548
Unknown vaccine,R214ins,0.069112554
Unknown variant,R214ins,-0.075706504
Wild Type,R214ins,0.045643836
mRNA,R214ins,-0.04160896
mRNA-1273,R214ins,0.02423322
AZD1222,R246I,0.119117565
AZD1222 + BNT162b2,R246I,0.1680517
AZD1222 + mRNA-1273,R246I,0.12782523
Ad26.COV2.S,R246I,0.17245321
Alpha,R246I,0.18728319
BNT162b2,R246I,0.17539091
BNT162b2 + mRNA-1273,R246I,0.07017745
Delta,R246I,0.16291684
L452R variants,R246I,0.16119535
Mu,R246I,0.17310327
Unknown vaccine,R246I,0.1867873
Unknown variant,R246I,0.13576773
Wild Type,R246I,0.30887407
mRNA,R246I,0.15853272
mRNA-1273,R246I,0.13934936
AZD1222,R246N,0.105920136
AZD1222 + BNT162b2,R246N,0.034894366
AZD1222 + mRNA-1273,R246N,0.04493498
Ad26.COV2.S,R246N,-0.007520653
Alpha,R246N,0.04856813
BNT162b2,R246N,0.058210824
BNT162b2 + mRNA-1273,R246N,-0.025711574
Delta,R246N,0.0012869728
L452R variants,R246N,-0.053159133
Mu,R246N,0.019721147
Unknown vaccine,R246N,0.0498576
Unknown variant,R246N,0.051247958
Wild Type,R246N,0.051255874
mRNA,R246N,-0.003150871
mRNA-1273,R246N,-0.05639893
AZD1222,R346K,0.010198949
AZD1222 + BNT162b2,R346K,0.040920246
AZD1222 + mRNA-1273,R346K,0.0016241418
Ad26.COV2.S,R346K,0.024427794
Alpha,R346K,0.04716032
BNT162b2,R346K,-0.00875771
BNT162b2 + mRNA-1273,R346K,0.06892673
Delta,R346K,0.052986145
L452R variants,R346K,-0.0014070664
Mu,R346K,-0.056227487
Unknown vaccine,R346K,0.023405218
Unknown variant,R346K,-0.026748382
Wild Type,R346K,-0.006448091
mRNA,R346K,0.043474123
mRNA-1273,R346K,0.04642424
AZD1222,R346T,0.0928141
AZD1222 + BNT162b2,R346T,0.06456126
AZD1222 + mRNA-1273,R346T,0.049511544
Ad26.COV2.S,R346T,0.07145595
Alpha,R346T,0.04859231
BNT162b2,R346T,0.10607912
BNT162b2 + mRNA-1273,R346T,0.052897654
Delta,R346T,0.03907807
L452R variants,R346T,0.08312455
Mu,R346T,0.08710486
Unknown vaccine,R346T,0.09842765
Unknown variant,R346T,0.023508508
Wild Type,R346T,0.10696722
mRNA,R346T,0.0986744
mRNA-1273,R346T,0.006837773
AZD1222,R408S,-0.030288946
AZD1222 + BNT162b2,R408S,0.02588375
AZD1222 + mRNA-1273,R408S,0.0347238
Ad26.COV2.S,R408S,-0.0007198446
Alpha,R408S,-0.015325224
BNT162b2,R408S,-0.028860481
BNT162b2 + mRNA-1273,R408S,-0.022901868
Delta,R408S,0.0046642134
L452R variants,R408S,0.034788534
Mu,R408S,0.031215822
Unknown vaccine,R408S,-0.019816495
Unknown variant,R408S,-0.036497287
Wild Type,R408S,-0.015708826
mRNA,R408S,-0.030263191
mRNA-1273,R408S,-0.010211865
AZD1222,R685L,0.040028114
AZD1222 + BNT162b2,R685L,0.015948314
AZD1222 + mRNA-1273,R685L,0.021167392
Ad26.COV2.S,R685L,0.020317543
Alpha,R685L,0.011924118
BNT162b2,R685L,0.012099816
BNT162b2 + mRNA-1273,R685L,0.05784931
Delta,R685L,-0.0037014289
L452R variants,R685L,0.06326971
Mu,R685L,0.0707456
Unknown vaccine,R685L,0.028436683
Unknown variant,R685L,0.04508063
Wild Type,R685L,0.0927707
mRNA,R685L,0.042181473
mRNA-1273,R685L,-0.007871178
AZD1222,R685R,-0.026881529
AZD1222 + BNT162b2,R685R,0.08012407
AZD1222 + mRNA-1273,R685R,0.012316852
Ad26.COV2.S,R685R,0.029872732
Alpha,R685R,0.027863462
BNT162b2,R685R,-0.016138252
BNT162b2 + mRNA-1273,R685R,0.07891929
Delta,R685R,0.06329602
L452R variants,R685R,0.06071985
Mu,R685R,-0.014762213
Unknown vaccine,R685R,0.04672641
Unknown variant,R685R,0.044905074
Wild Type,R685R,0.09783903
mRNA,R685R,0.037205122
mRNA-1273,R685R,0.03952264
AZD1222,S1147L,-0.009069505
AZD1222 + BNT162b2,S1147L,-0.05359502
AZD1222 + mRNA-1273,S1147L,0.10489537
Ad26.COV2.S,S1147L,-0.056390602
Alpha,S1147L,0.015203649
BNT162b2,S1147L,-0.0010913617
BNT162b2 + mRNA-1273,S1147L,-0.07485149
Delta,S1147L,-0.043000005
L452R variants,S1147L,0.06052761
Mu,S1147L,-0.013561522
Unknown vaccine,S1147L,-0.05081069
Unknown variant,S1147L,-0.05723364
Wild Type,S1147L,-0.003507109
mRNA,S1147L,-0.08542598
mRNA-1273,S1147L,-0.00740621
AZD1222,S13I,0.08735796
AZD1222 + BNT162b2,S13I,0.00253068
AZD1222 + mRNA-1273,S13I,0.022132166
Ad26.COV2.S,S13I,0.1260458
Alpha,S13I,0.05129361
BNT162b2,S13I,-0.013692724
BNT162b2 + mRNA-1273,S13I,0.05341851
Delta,S13I,0.017138781
L452R variants,S13I,0.017243793
Mu,S13I,0.08766357
Unknown vaccine,S13I,0.07561065
Unknown variant,S13I,0.028707623
Wild Type,S13I,0.027099948
mRNA,S13I,-0.033515207
mRNA-1273,S13I,0.006728694
AZD1222,S371F,0.02725963
AZD1222 + BNT162b2,S371F,0.075854674
AZD1222 + mRNA-1273,S371F,0.063479565
Ad26.COV2.S,S371F,0.101313725
Alpha,S371F,0.079181634
BNT162b2,S371F,0.012642613
BNT162b2 + mRNA-1273,S371F,0.027852861
Delta,S371F,-0.04437678
L452R variants,S371F,-5.269237e-05
Mu,S371F,0.036356576
Unknown vaccine,S371F,-0.009218682
Unknown variant,S371F,0.03044482
Wild Type,S371F,-0.0044994913
mRNA,S371F,0.054800373
mRNA-1273,S371F,0.013702931
AZD1222,S371L,-0.048402283
AZD1222 + BNT162b2,S371L,0.004266605
AZD1222 + mRNA-1273,S371L,-0.043101978
Ad26.COV2.S,S371L,0.047870386
Alpha,S371L,-0.030444587
BNT162b2,S371L,-0.0072420184
BNT162b2 + mRNA-1273,S371L,-0.051585563
Delta,S371L,-0.054078367
L452R variants,S371L,0.052889057
Mu,S371L,-0.04352397
Unknown vaccine,S371L,0.01788136
Unknown variant,S371L,-0.014403225
Wild Type,S371L,0.04577319
mRNA,S371L,-0.01717905
mRNA-1273,S371L,-0.011322992
AZD1222,S373P,0.0092116445
AZD1222 + BNT162b2,S373P,0.056541126
AZD1222 + mRNA-1273,S373P,0.029496633
Ad26.COV2.S,S373P,0.039006587
Alpha,S373P,0.029725397
BNT162b2,S373P,0.0036995588
BNT162b2 + mRNA-1273,S373P,0.009370772
Delta,S373P,0.03913103
L452R variants,S373P,0.027385306
Mu,S373P,0.017666526
Unknown vaccine,S373P,0.013134267
Unknown variant,S373P,0.060068306
Wild Type,S373P,0.089576684
mRNA,S373P,0.025595818
mRNA-1273,S373P,0.024540195
AZD1222,S375F,0.010459358
AZD1222 + BNT162b2,S375F,0.065183416
AZD1222 + mRNA-1273,S375F,0.03654533
Ad26.COV2.S,S375F,0.023300638
Alpha,S375F,-0.018384134
BNT162b2,S375F,0.0119367335
BNT162b2 + mRNA-1273,S375F,-0.018660896
Delta,S375F,-0.015588484
L452R variants,S375F,0.0068149064
Mu,S375F,0.03491647
Unknown vaccine,S375F,-0.0034134113
Unknown variant,S375F,-0.032282963
Wild Type,S375F,-0.0029465687
mRNA,S375F,0.019700002
mRNA-1273,S375F,0.015340237
AZD1222,S477N,0.006028764
AZD1222 + BNT162b2,S477N,0.044497684
AZD1222 + mRNA-1273,S477N,0.019135322
Ad26.COV2.S,S477N,0.030998334
Alpha,S477N,0.0034875665
BNT162b2,S477N,-0.018797781
BNT162b2 + mRNA-1273,S477N,-0.0064855088
Delta,S477N,0.020907277
L452R variants,S477N,0.051467523
Mu,S477N,0.03200523
Unknown vaccine,S477N,0.01036567
Unknown variant,S477N,-0.007742244
Wild Type,S477N,0.005407135
mRNA,S477N,0.013942628
mRNA-1273,S477N,0.005571135
AZD1222,S494P,0.17499414
AZD1222 + BNT162b2,S494P,0.0636626
AZD1222 + mRNA-1273,S494P,0.13129872
Ad26.COV2.S,S494P,0.13157757
Alpha,S494P,0.08125143
BNT162b2,S494P,0.15844257
BNT162b2 + mRNA-1273,S494P,0.15428497
Delta,S494P,0.13834912
L452R variants,S494P,0.08128308
Mu,S494P,0.12955269
Unknown vaccine,S494P,0.08493322
Unknown variant,S494P,0.16936831
Wild Type,S494P,0.31470564
mRNA,S494P,0.06798205
mRNA-1273,S494P,0.10988642
AZD1222,S704L,0.02123987
AZD1222 + BNT162b2,S704L,0.038453043
AZD1222 + mRNA-1273,S704L,0.054045178
Ad26.COV2.S,S704L,-0.017976232
Alpha,S704L,0.07342318
BNT162b2,S704L,-0.009945277
BNT162b2 + mRNA-1273,S704L,0.105363965
Delta,S704L,0.103631645
L452R variants,S704L,0.120532826
Mu,S704L,0.025914991
Unknown vaccine,S704L,-0.05034782
Unknown variant,S704L,0.012118163
Wild Type,S704L,-0.018134793
mRNA,S704L,-0.009585397
mRNA-1273,S704L,0.1428097
AZD1222,S982A,-0.11391048
AZD1222 + BNT162b2,S982A,-0.04871735
AZD1222 + mRNA-1273,S982A,-0.03288778
Ad26.COV2.S,S982A,-0.072587155
Alpha,S982A,-0.03521661
BNT162b2,S982A,-0.0032737274
BNT162b2 + mRNA-1273,S982A,-0.058816068
Delta,S982A,0.032183968
L452R variants,S982A,-0.08390791
Mu,S982A,0.08336822
Unknown vaccine,S982A,-0.010313939
Unknown variant,S982A,-0.02893799
Wild Type,S982A,-0.013318807
mRNA,S982A,-0.0027698968
mRNA-1273,S982A,-0.038302984
AZD1222,T1027I,-0.014774289
AZD1222 + BNT162b2,T1027I,-0.032486938
AZD1222 + mRNA-1273,T1027I,-0.037618555
Ad26.COV2.S,T1027I,-0.023713682
Alpha,T1027I,-0.044775542
BNT162b2,T1027I,-0.0109414905
BNT162b2 + mRNA-1273,T1027I,-0.037987877
Delta,T1027I,-0.0388863
L452R variants,T1027I,0.033644024
Mu,T1027I,-0.05916032
Unknown vaccine,T1027I,-0.05826336
Unknown variant,T1027I,-0.04627035
Wild Type,T1027I,-0.013760443
mRNA,T1027I,0.011781389
mRNA-1273,T1027I,-0.027766094
AZD1222,T19I,0.015533909
AZD1222 + BNT162b2,T19I,0.04021715
AZD1222 + mRNA-1273,T19I,0.032086
Ad26.COV2.S,T19I,-0.007551148
Alpha,T19I,-0.012480389
BNT162b2,T19I,-0.009977366
BNT162b2 + mRNA-1273,T19I,-0.006599771
Delta,T19I,-0.010953803
L452R variants,T19I,-0.0063099395
Mu,T19I,0.017699404
Unknown vaccine,T19I,-0.0028004819
Unknown variant,T19I,0.040483534
Wild Type,T19I,0.051229373
mRNA,T19I,-0.07325434
mRNA-1273,T19I,0.0047855335
AZD1222,T19R,0.060115717
AZD1222 + BNT162b2,T19R,0.020362712
AZD1222 + mRNA-1273,T19R,0.03853575
Ad26.COV2.S,T19R,0.07713724
Alpha,T19R,0.055309698
BNT162b2,T19R,0.05831175
BNT162b2 + mRNA-1273,T19R,0.058791753
Delta,T19R,-0.05373448
L452R variants,T19R,0.0014765151
Mu,T19R,0.09023412
Unknown vaccine,T19R,0.028081078
Unknown variant,T19R,0.009107376
Wild Type,T19R,0.019980725
mRNA,T19R,0.046068203
mRNA-1273,T19R,-0.006981207
AZD1222,T20N,-0.044043653
AZD1222 + BNT162b2,T20N,0.021729559
AZD1222 + mRNA-1273,T20N,-0.03655079
Ad26.COV2.S,T20N,0.06097408
Alpha,T20N,0.03722852
BNT162b2,T20N,-0.0073254723
BNT162b2 + mRNA-1273,T20N,-0.032464467
Delta,T20N,-0.015921405
L452R variants,T20N,0.008169772
Mu,T20N,-0.06029895
Unknown vaccine,T20N,-0.06086006
Unknown variant,T20N,0.04487993
Wild Type,T20N,0.0015793899
mRNA,T20N,-0.013520345
mRNA-1273,T20N,0.007095684
AZD1222,T376A,-0.027681775
AZD1222 + BNT162b2,T376A,0.03896108
AZD1222 + mRNA-1273,T376A,0.041462783
Ad26.COV2.S,T376A,0.030224273
Alpha,T376A,0.03814434
BNT162b2,T376A,-0.016610375
BNT162b2 + mRNA-1273,T376A,-0.007164075
Delta,T376A,0.0062480094
L452R variants,T376A,0.060793817
Mu,T376A,-0.038633544
Unknown vaccine,T376A,0.0050999685
Unknown variant,T376A,0.021772796
Wild Type,T376A,0.013422197
mRNA,T376A,-0.01583913
mRNA-1273,T376A,-0.00976398
AZD1222,T478K,0.023650363
AZD1222 + BNT162b2,T478K,0.060463056
AZD1222 + mRNA-1273,T478K,0.02003976
Ad26.COV2.S,T478K,0.083371565
Alpha,T478K,0.063085854
BNT162b2,T478K,-0.004751505
BNT162b2 + mRNA-1273,T478K,0.0040527424
Delta,T478K,0.004050359
L452R variants,T478K,-0.04774001
Mu,T478K,0.013068691
Unknown vaccine,T478K,0.013721965
Unknown variant,T478K,-0.015840799
Wild Type,T478K,0.053602494
mRNA,T478K,0.03776298
mRNA-1273,T478K,-0.03494188
AZD1222,T478R,-0.013729123
AZD1222 + BNT162b2,T478R,0.018488701
AZD1222 + mRNA-1273,T478R,0.019961745
Ad26.COV2.S,T478R,-0.0015342403
Alpha,T478R,-0.001040658
BNT162b2,T478R,-0.0065613273
BNT162b2 + mRNA-1273,T478R,-0.030455735
Delta,T478R,0.027704583
L452R variants,T478R,-0.026008578
Mu,T478R,0.020976758
Unknown vaccine,T478R,-0.019242464
Unknown variant,T478R,-0.03890779
Wild Type,T478R,0.06323368
mRNA,T478R,-0.016425414
mRNA-1273,T478R,0.030910473
AZD1222,T547K,0.025228063
AZD1222 + BNT162b2,T547K,0.012106139
AZD1222 + mRNA-1273,T547K,-0.002199094
Ad26.COV2.S,T547K,-0.041991863
Alpha,T547K,0.035118464
BNT162b2,T547K,-0.022559859
BNT162b2 + mRNA-1273,T547K,0.009135797
Delta,T547K,0.014059536
L452R variants,T547K,0.0028880434
Mu,T547K,0.019567858
Unknown vaccine,T547K,0.02840652
Unknown variant,T547K,-0.047311388
Wild Type,T547K,0.03735305
mRNA,T547K,-0.0062461384
mRNA-1273,T547K,0.003557167
AZD1222,T63I,-0.057554357
AZD1222 + BNT162b2,T63I,0.009912728
AZD1222 + mRNA-1273,T63I,-0.0071400087
Ad26.COV2.S,T63I,0.0021387825
Alpha,T63I,0.013695287
BNT162b2,T63I,0.01555634
BNT162b2 + mRNA-1273,T63I,-0.019500675
Delta,T63I,-0.0049654003
L452R variants,T63I,0.065301985
Mu,T63I,-0.03727537
Unknown vaccine,T63I,-0.06471793
Unknown variant,T63I,-0.001853752
Wild Type,T63I,0.035680808
mRNA,T63I,0.0074568223
mRNA-1273,T63I,-0.007628299
AZD1222,T716I,0.0028970814
AZD1222 + BNT162b2,T716I,0.008397357
AZD1222 + mRNA-1273,T716I,0.042147845
Ad26.COV2.S,T716I,-0.03541379
Alpha,T716I,-0.021932226
BNT162b2,T716I,-0.023125589
BNT162b2 + mRNA-1273,T716I,-0.02120705
Delta,T716I,-0.059044477
L452R variants,T716I,-0.08582794
Mu,T716I,0.01549278
Unknown vaccine,T716I,-0.0052127433
Unknown variant,T716I,-0.006681217
Wild Type,T716I,-0.01203681
mRNA,T716I,-0.039961107
mRNA-1273,T716I,-0.023250494
AZD1222,T76I,-0.008703785
AZD1222 + BNT162b2,T76I,0.063114494
AZD1222 + mRNA-1273,T76I,0.11509907
Ad26.COV2.S,T76I,0.055185232
Alpha,T76I,0.017991364
BNT162b2,T76I,0.017578738
BNT162b2 + mRNA-1273,T76I,-0.027219834
Delta,T76I,0.04819499
L452R variants,T76I,0.05385697
Mu,T76I,0.049858123
Unknown vaccine,T76I,0.030915234
Unknown variant,T76I,0.046608023
Wild Type,T76I,0.046562526
mRNA,T76I,-0.007053702
mRNA-1273,T76I,0.040260497
AZD1222,T859N,-0.0069504664
AZD1222 + BNT162b2,T859N,-0.018428762
AZD1222 + mRNA-1273,T859N,0.06325769
Ad26.COV2.S,T859N,-0.06888978
Alpha,T859N,0.043343574
BNT162b2,T859N,0.016421264
BNT162b2 + mRNA-1273,T859N,0.07857159
Delta,T859N,-0.042499926
L452R variants,T859N,0.081386514
Mu,T859N,0.095262304
Unknown vaccine,T859N,0.10727407
Unknown variant,T859N,0.04803798
Wild Type,T859N,0.050773248
mRNA,T859N,-0.0038266624
mRNA-1273,T859N,0.023966826
AZD1222,T95I,0.10858619
AZD1222 + BNT162b2,T95I,0.09130992
AZD1222 + mRNA-1273,T95I,0.06395305
Ad26.COV2.S,T95I,0.08140306
Alpha,T95I,0.05504787
BNT162b2,T95I,0.04834217
BNT162b2 + mRNA-1273,T95I,0.04675449
Delta,T95I,0.026516655
L452R variants,T95I,0.10180863
Mu,T95I,0.016455485
Unknown vaccine,T95I,0.04105223
Unknown variant,T95I,0.026162155
Wild Type,T95I,0.07953023
mRNA,T95I,0.061125293
mRNA-1273,T95I,0.12686685
AZD1222,V1176F,0.0981122
AZD1222 + BNT162b2,V1176F,0.0075383116
AZD1222 + mRNA-1273,V1176F,0.029414108
Ad26.COV2.S,V1176F,0.027540749
Alpha,V1176F,0.025031172
BNT162b2,V1176F,0.09724998
BNT162b2 + mRNA-1273,V1176F,-0.0020533465
Delta,V1176F,-0.0055813994
L452R variants,V1176F,0.03839467
Mu,V1176F,-0.029909017
Unknown vaccine,V1176F,0.020486478
Unknown variant,V1176F,0.03263446
Wild Type,V1176F,-0.020451017
mRNA,V1176F,0.03641989
mRNA-1273,V1176F,0.037585925
AZD1222,V213E,0.0021285024
AZD1222 + BNT162b2,V213E,0.06492575
AZD1222 + mRNA-1273,V213E,-0.0070511485
Ad26.COV2.S,V213E,0.04211459
Alpha,V213E,0.07041622
BNT162b2,V213E,0.017030463
BNT162b2 + mRNA-1273,V213E,0.026851753
Delta,V213E,0.0830228
L452R variants,V213E,0.07235475
Mu,V213E,0.037509665
Unknown vaccine,V213E,-0.0038126365
Unknown variant,V213E,0.040971305
Wild Type,V213E,-0.021930348
mRNA,V213E,0.00024616392
mRNA-1273,V213E,-0.0049559167
AZD1222,V213G,-0.049872674
AZD1222 + BNT162b2,V213G,-0.0034510172
AZD1222 + mRNA-1273,V213G,0.017449902
Ad26.COV2.S,V213G,-0.0830652
Alpha,V213G,-0.08350149
BNT162b2,V213G,-0.04094235
BNT162b2 + mRNA-1273,V213G,-0.025399987
Delta,V213G,0.029864293
L452R variants,V213G,0.011393777
Mu,V213G,0.015332592
Unknown vaccine,V213G,-0.030814772
Unknown variant,V213G,-0.08241846
Wild Type,V213G,-0.025092266
mRNA,V213G,-0.01522186
mRNA-1273,V213G,0.004472209
AZD1222,V367F,0.038263805
AZD1222 + BNT162b2,V367F,-0.038816914
AZD1222 + mRNA-1273,V367F,0.019910483
Ad26.COV2.S,V367F,-0.034299344
Alpha,V367F,0.010650706
BNT162b2,V367F,-0.020108402
BNT162b2 + mRNA-1273,V367F,-0.047834847
Delta,V367F,-0.029739467
L452R variants,V367F,-0.06396595
Mu,V367F,-0.00323252
Unknown vaccine,V367F,0.06899344
Unknown variant,V367F,-0.033219915
Wild Type,V367F,-0.033343237
mRNA,V367F,-0.056018166
mRNA-1273,V367F,-0.044268787
AZD1222,V382L,-0.027146282
AZD1222 + BNT162b2,V382L,0.029844481
AZD1222 + mRNA-1273,V382L,0.018243216
Ad26.COV2.S,V382L,-0.10021558
Alpha,V382L,-0.057306085
BNT162b2,V382L,-0.010277312
BNT162b2 + mRNA-1273,V382L,0.057226114
Delta,V382L,0.050659794
L452R variants,V382L,-0.0071401875
Mu,V382L,-0.00021641422
Unknown vaccine,V382L,0.011923468
Unknown variant,V382L,0.035042718
Wild Type,V382L,0.0060889134
mRNA,V382L,0.059846308
mRNA-1273,V382L,-0.013005659
AZD1222,V445P,-0.0067407233
AZD1222 + BNT162b2,V445P,0.031267673
AZD1222 + mRNA-1273,V445P,0.0005201764
Ad26.COV2.S,V445P,0.059113607
Alpha,V445P,-0.015558366
BNT162b2,V445P,0.028038278
BNT162b2 + mRNA-1273,V445P,-0.013358925
Delta,V445P,0.07232103
L452R variants,V445P,-0.11396204
Mu,V445P,0.02462602
Unknown vaccine,V445P,0.06669662
Unknown variant,V445P,0.042607382
Wild Type,V445P,-0.0145294415
mRNA,V445P,0.0036553468
mRNA-1273,V445P,0.03681353
AZD1222,V772I,0.062428847
AZD1222 + BNT162b2,V772I,0.04723206
AZD1222 + mRNA-1273,V772I,0.054638896
Ad26.COV2.S,V772I,-0.0071389447
Alpha,V772I,0.05302882
BNT162b2,V772I,0.104225285
BNT162b2 + mRNA-1273,V772I,0.10056344
Delta,V772I,-0.055139758
L452R variants,V772I,0.042642906
Mu,V772I,0.06970229
Unknown vaccine,V772I,0.099275276
Unknown variant,V772I,0.020527616
Wild Type,V772I,0.08614098
mRNA,V772I,0.002170133
mRNA-1273,V772I,0.038020976
AZD1222,V772V,0.09915663
AZD1222 + BNT162b2,V772V,0.06652881
AZD1222 + mRNA-1273,V772V,0.054496426
Ad26.COV2.S,V772V,0.1230742
Alpha,V772V,0.102087975
BNT162b2,V772V,-0.05744035
BNT162b2 + mRNA-1273,V772V,0.059936084
Delta,V772V,0.13083209
L452R variants,V772V,0.0010177298
Mu,V772V,0.08012417
Unknown vaccine,V772V,-0.00076374644
Unknown variant,V772V,0.049692817
Wild Type,V772V,0.07471349
mRNA,V772V,0.11190139
mRNA-1273,V772V,0.08585933
AZD1222,W152C,-0.045505837
AZD1222 + BNT162b2,W152C,0.047236882
AZD1222 + mRNA-1273,W152C,0.028093565
Ad26.COV2.S,W152C,0.05465819
Alpha,W152C,0.09176794
BNT162b2,W152C,-0.022624
BNT162b2 + mRNA-1273,W152C,0.0042800102
Delta,W152C,0.011392279
L452R variants,W152C,-0.042201366
Mu,W152C,0.032394476
Unknown vaccine,W152C,-0.06769372
Unknown variant,W152C,0.021365417
Wild Type,W152C,-0.03686148
mRNA,W152C,-0.00018353155
mRNA-1273,W152C,-0.0108639
AZD1222,W152L,-0.012908185
AZD1222 + BNT162b2,W152L,0.003686008
AZD1222 + mRNA-1273,W152L,0.039316338
Ad26.COV2.S,W152L,-0.08935422
Alpha,W152L,0.07659307
BNT162b2,W152L,0.087121405
BNT162b2 + mRNA-1273,W152L,-0.013336986
Delta,W152L,0.092473455
L452R variants,W152L,-0.07279758
Mu,W152L,0.0070321034
Unknown vaccine,W152L,0.0084992945
Unknown variant,W152L,0.124499954
Wild Type,W152L,0.022000048
mRNA,W152L,0.016848065
mRNA-1273,W152L,0.06277029
AZD1222,W258L,0.051964235
AZD1222 + BNT162b2,W258L,0.035897188
AZD1222 + mRNA-1273,W258L,-0.011347679
Ad26.COV2.S,W258L,-0.036748614
Alpha,W258L,0.12701692
BNT162b2,W258L,-0.04764816
BNT162b2 + mRNA-1273,W258L,-0.03190472
Delta,W258L,-0.0072650155
L452R variants,W258L,0.014182459
Mu,W258L,-0.02412377
Unknown vaccine,W258L,-0.046451464
Unknown variant,W258L,0.034948915
Wild Type,W258L,-0.02525061
mRNA,W258L,0.023596678
mRNA-1273,W258L,0.04661824
AZD1222,Y144S,-0.01622127
AZD1222 + BNT162b2,Y144S,0.09785082
AZD1222 + mRNA-1273,Y144S,0.09505064
Ad26.COV2.S,Y144S,-0.014196374
Alpha,Y144S,0.010927804
BNT162b2,Y144S,0.05405272
BNT162b2 + mRNA-1273,Y144S,0.04939688
Delta,Y144S,0.030545179
L452R variants,Y144S,0.09353241
Mu,Y144S,-0.0069984333
Unknown vaccine,Y144S,0.097794205
Unknown variant,Y144S,0.048264567
Wild Type,Y144S,0.08831437
mRNA,Y144S,0.0006457977
mRNA-1273,Y144S,0.092712864
AZD1222,Y144T,0.031045437
AZD1222 + BNT162b2,Y144T,0.11623258
AZD1222 + mRNA-1273,Y144T,-0.015197415
Ad26.COV2.S,Y144T,-0.006821908
Alpha,Y144T,0.0069562024
BNT162b2,Y144T,0.056185998
BNT162b2 + mRNA-1273,Y144T,-0.013269384
Delta,Y144T,0.09744306
L452R variants,Y144T,0.021165691
Mu,Y144T,-0.01582482
Unknown vaccine,Y144T,0.0072964747
Unknown variant,Y144T,0.17946422
Wild Type,Y144T,0.048503783
mRNA,Y144T,0.08531352
mRNA-1273,Y144T,0.060160793
AZD1222,Y144ins,0.04488421
AZD1222 + BNT162b2,Y144ins,0.07843964
AZD1222 + mRNA-1273,Y144ins,0.031946726
Ad26.COV2.S,Y144ins,0.12501985
Alpha,Y144ins,0.06849688
BNT162b2,Y144ins,0.010200126
BNT162b2 + mRNA-1273,Y144ins,0.021960547
Delta,Y144ins,0.038430203
L452R variants,Y144ins,0.06437474
Mu,Y144ins,0.044769622
Unknown vaccine,Y144ins,0.09315576
Unknown variant,Y144ins,0.02322289
Wild Type,Y144ins,0.042231664
mRNA,Y144ins,0.13106953
mRNA-1273,Y144ins,0.017791107
AZD1222,Y145H,0.08569034
AZD1222 + BNT162b2,Y145H,-0.055676818
AZD1222 + mRNA-1273,Y145H,-0.018499019
Ad26.COV2.S,Y145H,0.033366386
Alpha,Y145H,0.010907529
BNT162b2,Y145H,0.0067053027
BNT162b2 + mRNA-1273,Y145H,0.031068461
Delta,Y145H,-0.015480635
L452R variants,Y145H,-0.0031804354
Mu,Y145H,0.020777496
Unknown vaccine,Y145H,0.09919013
Unknown variant,Y145H,0.037513033
Wild Type,Y145H,0.025666924
mRNA,Y145H,0.032377195
mRNA-1273,Y145H,-0.033528052
AZD1222,Y145N,-0.042967383
AZD1222 + BNT162b2,Y145N,0.07873171
AZD1222 + mRNA-1273,Y145N,-0.024988364
Ad26.COV2.S,Y145N,0.02273496
Alpha,Y145N,0.08402954
BNT162b2,Y145N,0.08571097
BNT162b2 + mRNA-1273,Y145N,0.039991125
Delta,Y145N,0.053492624
L452R variants,Y145N,-0.02302767
Mu,Y145N,0.09541126
Unknown vaccine,Y145N,0.036352906
Unknown variant,Y145N,0.013304073
Wild Type,Y145N,0.107303746
mRNA,Y145N,-0.059807424
mRNA-1273,Y145N,0.005808808
AZD1222,Y145S,0.009185795
AZD1222 + BNT162b2,Y145S,0.06311967
AZD1222 + mRNA-1273,Y145S,0.09981768
Ad26.COV2.S,Y145S,0.06475888
Alpha,Y145S,0.10045424
BNT162b2,Y145S,0.05577236
BNT162b2 + mRNA-1273,Y145S,0.008125306
Delta,Y145S,0.0074716695
L452R variants,Y145S,-0.11856708
Mu,Y145S,0.003552381
Unknown vaccine,Y145S,-0.0058670063
Unknown variant,Y145S,0.12727457
Wild Type,Y145S,0.07711562
mRNA,Y145S,0.11740996
mRNA-1273,Y145S,0.09267083
AZD1222,Y145ins,0.09844982
AZD1222 + BNT162b2,Y145ins,0.09475766
AZD1222 + mRNA-1273,Y145ins,0.05872576
Ad26.COV2.S,Y145ins,0.07872172
Alpha,Y145ins,0.020374367
BNT162b2,Y145ins,0.053830415
BNT162b2 + mRNA-1273,Y145ins,-0.0797426
Delta,Y145ins,0.12857705
L452R variants,Y145ins,0.036450893
Mu,Y145ins,0.03382049
Unknown vaccine,Y145ins,0.036017817
Unknown variant,Y145ins,0.10102436
Wild Type,Y145ins,0.0679699
mRNA,Y145ins,-0.0056213415
mRNA-1273,Y145ins,0.04477129
AZD1222,Y505H,-0.00096974894
AZD1222 + BNT162b2,Y505H,0.062130973
AZD1222 + mRNA-1273,Y505H,0.02373045
Ad26.COV2.S,Y505H,0.0275505
Alpha,Y505H,0.0023199362
BNT162b2,Y505H,0.011722952
BNT162b2 + mRNA-1273,Y505H,0.02289366
Delta,Y505H,0.024674596
L452R variants,Y505H,0.06399456
Mu,Y505H,0.06244031
Unknown vaccine,Y505H,0.011309154
Unknown variant,Y505H,-0.000121740624
Wild Type,Y505H,0.047890846
mRNA,Y505H,0.040168695
mRNA-1273,Y505H,0.008481007
AZD1222,Δ141,-0.015146639
AZD1222 + BNT162b2,Δ141,0.00076385844
AZD1222 + mRNA-1273,Δ141,0.025236411
Ad26.COV2.S,Δ141,-0.033231907
Alpha,Δ141,0.007741942
BNT162b2,Δ141,-0.04798287
BNT162b2 + mRNA-1273,Δ141,-0.020832099
Delta,Δ141,0.01931091
L452R variants,Δ141,0.049905494
Mu,Δ141,0.13410118
Unknown vaccine,Δ141,0.039276652
Unknown variant,Δ141,0.16274042
Wild Type,Δ141,-0.015390975
mRNA,Δ141,-0.024858074
mRNA-1273,Δ141,0.015296887
AZD1222,Δ142,-0.027773945
AZD1222 + BNT162b2,Δ142,0.0018655835
AZD1222 + mRNA-1273,Δ142,-0.06165369
Ad26.COV2.S,Δ142,0.083247855
Alpha,Δ142,-0.034323085
BNT162b2,Δ142,0.019703772
BNT162b2 + mRNA-1273,Δ142,-0.06208653
Delta,Δ142,-0.0018284703
L452R variants,Δ142,0.04608132
Mu,Δ142,-0.03243257
Unknown vaccine,Δ142,0.070894614
Unknown variant,Δ142,-0.02884465
Wild Type,Δ142,0.07202912
mRNA,Δ142,-0.023118384
mRNA-1273,Δ142,0.0020331973
AZD1222,Δ143,0.03456907
AZD1222 + BNT162b2,Δ143,0.06407259
AZD1222 + mRNA-1273,Δ143,0.05053182
Ad26.COV2.S,Δ143,0.029669937
Alpha,Δ143,0.08287187
BNT162b2,Δ143,0.026009722
BNT162b2 + mRNA-1273,Δ143,-0.009904731
Delta,Δ143,0.050555345
L452R variants,Δ143,0.09737364
Mu,Δ143,0.04547342
Unknown vaccine,Δ143,0.04656505
Unknown variant,Δ143,0.075445354
Wild Type,Δ143,0.0873553
mRNA,Δ143,0.007375725
mRNA-1273,Δ143,0.05772103
AZD1222,Δ144,0.17222008
AZD1222 + BNT162b2,Δ144,0.18958211
AZD1222 + mRNA-1273,Δ144,0.15574217
Ad26.COV2.S,Δ144,0.19523959
Alpha,Δ144,0.11622337
BNT162b2,Δ144,0.25410458
BNT162b2 + mRNA-1273,Δ144,0.18165465
Delta,Δ144,0.18574291
L452R variants,Δ144,0.16928023
Mu,Δ144,0.22229795
Unknown vaccine,Δ144,0.18510628
Unknown variant,Δ144,0.17356661
Wild Type,Δ144,0.2201975
mRNA,Δ144,0.17326164
mRNA-1273,Δ144,0.19958663
AZD1222,Δ145,-0.0033193063
AZD1222 + BNT162b2,Δ145,0.011806605
AZD1222 + mRNA-1273,Δ145,-0.018441586
Ad26.COV2.S,Δ145,-0.011885354
Alpha,Δ145,-0.0025115674
BNT162b2,Δ145,0.016413962
BNT162b2 + mRNA-1273,Δ145,-0.021219356
Delta,Δ145,-0.018954359
L452R variants,Δ145,0.04873352
Mu,Δ145,0.028862778
Unknown vaccine,Δ145,0.010407843
Unknown variant,Δ145,-0.009034272
Wild Type,Δ145,0.028699175
mRNA,Δ145,-0.0008282177
mRNA-1273,Δ145,-0.05224282
AZD1222,Δ156,0.035688803
AZD1222 + BNT162b2,Δ156,0.05244382
AZD1222 + mRNA-1273,Δ156,0.015776902
Ad26.COV2.S,Δ156,0.09948526
Alpha,Δ156,0.07812356
BNT162b2,Δ156,0.07967953
BNT162b2 + mRNA-1273,Δ156,0.09639657
Delta,Δ156,0.025590472
L452R variants,Δ156,0.09918581
Mu,Δ156,-0.025518764
Unknown vaccine,Δ156,0.046010926
Unknown variant,Δ156,0.04838379
Wild Type,Δ156,0.03200446
mRNA,Δ156,0.028139684
mRNA-1273,Δ156,0.05959224
AZD1222,Δ157,0.03828028
AZD1222 + BNT162b2,Δ157,0.029035121
AZD1222 + mRNA-1273,Δ157,0.028777279
Ad26.COV2.S,Δ157,0.09985604
Alpha,Δ157,0.05691638
BNT162b2,Δ157,0.05674173
BNT162b2 + mRNA-1273,Δ157,0.060101427
Delta,Δ157,0.0047807954
L452R variants,Δ157,-0.034785245
Mu,Δ157,0.09563197
Unknown vaccine,Δ157,0.035453666
Unknown variant,Δ157,0.017430665
Wild Type,Δ157,0.040152404
mRNA,Δ157,0.03365976
mRNA-1273,Δ157,0.008096268
AZD1222,Δ158,-0.0036760103
AZD1222 + BNT162b2,Δ158,-0.04273479
AZD1222 + mRNA-1273,Δ158,-0.04589165
Ad26.COV2.S,Δ158,-0.045517813
Alpha,Δ158,-0.00062179286
BNT162b2,Δ158,0.0005620448
BNT162b2 + mRNA-1273,Δ158,-0.01785889
Delta,Δ158,-0.04323528
L452R variants,Δ158,0.0071455897
Mu,Δ158,0.028488046
Unknown vaccine,Δ158,-0.09850864
Unknown variant,Δ158,-0.055399254
Wild Type,Δ158,-0.00671345
mRNA,Δ158,-0.028865578
mRNA-1273,Δ158,-0.039033342
AZD1222,Δ210,0.051710684
AZD1222 + BNT162b2,Δ210,-0.02510976
AZD1222 + mRNA-1273,Δ210,0.10513929
Ad26.COV2.S,Δ210,-0.058667757
Alpha,Δ210,0.0017722128
BNT162b2,Δ210,-0.07766257
BNT162b2 + mRNA-1273,Δ210,0.0046754517
Delta,Δ210,0.11877076
L452R variants,Δ210,-0.09318052
Mu,Δ210,0.01771027
Unknown vaccine,Δ210,0.07552716
Unknown variant,Δ210,0.060901474
Wild Type,Δ210,-0.048365522
mRNA,Δ210,-0.0047460375
mRNA-1273,Δ210,0.056150205
AZD1222,Δ212,-0.0012948364
AZD1222 + BNT162b2,Δ212,0.022087622
AZD1222 + mRNA-1273,Δ212,-0.006071251
Ad26.COV2.S,Δ212,0.12094352
Alpha,Δ212,0.07286484
BNT162b2,Δ212,0.03499849
BNT162b2 + mRNA-1273,Δ212,-0.0044012237
Delta,Δ212,0.043408703
L452R variants,Δ212,-0.005909606
Mu,Δ212,0.02209295
Unknown vaccine,Δ212,0.047899313
Unknown variant,Δ212,0.03282961
Wild Type,Δ212,0.08007291
mRNA,Δ212,0.039981052
mRNA-1273,Δ212,0.052087903
AZD1222,Δ241,0.056429487
AZD1222 + BNT162b2,Δ241,0.057040907
AZD1222 + mRNA-1273,Δ241,0.056027
Ad26.COV2.S,Δ241,0.031707354
Alpha,Δ241,0.043805785
BNT162b2,Δ241,0.14482334
BNT162b2 + mRNA-1273,Δ241,0.06873176
Delta,Δ241,0.059193503
L452R variants,Δ241,0.06280511
Mu,Δ241,0.05119387
Unknown vaccine,Δ241,0.03863228
Unknown variant,Δ241,0.07184031
Wild Type,Δ241,0.025517073
mRNA,Δ241,-0.00849196
mRNA-1273,Δ241,0.122841395
AZD1222,Δ242,0.012514972
AZD1222 + BNT162b2,Δ242,0.06322705
AZD1222 + mRNA-1273,Δ242,0.021721046
Ad26.COV2.S,Δ242,0.06277405
Alpha,Δ242,0.00028757937
BNT162b2,Δ242,0.08211178
BNT162b2 + mRNA-1273,Δ242,0.017486662
Delta,Δ242,0.083529875
L452R variants,Δ242,0.023019454
Mu,Δ242,0.04334555
Unknown vaccine,Δ242,0.03317778
Unknown variant,Δ242,0.019122796
Wild Type,Δ242,0.07634238
mRNA,Δ242,0.09113265
mRNA-1273,Δ242,0.06087708
AZD1222,Δ243,0.0059966426
AZD1222 + BNT162b2,Δ243,0.008902926
AZD1222 + mRNA-1273,Δ243,0.020369157
Ad26.COV2.S,Δ243,0.10914728
Alpha,Δ243,0.03918968
BNT162b2,Δ243,0.08459577
BNT162b2 + mRNA-1273,Δ243,0.07916445
Delta,Δ243,0.123248644
L452R variants,Δ243,0.001180904
Mu,Δ243,0.055592243
Unknown vaccine,Δ243,0.049361743
Unknown variant,Δ243,0.0042743464
Wild Type,Δ243,0.08784458
mRNA,Δ243,0.050482597
mRNA-1273,Δ243,0.04667039
AZD1222,Δ244,0.033120733
AZD1222 + BNT162b2,Δ244,0.05051904
AZD1222 + mRNA-1273,Δ244,-0.031420186
Ad26.COV2.S,Δ244,0.083140016
Alpha,Δ244,0.07519435
BNT162b2,Δ244,0.05115275
BNT162b2 + mRNA-1273,Δ244,0.04263903
Delta,Δ244,0.052602235
L452R variants,Δ244,0.004178282
Mu,Δ244,0.007913718
Unknown vaccine,Δ244,0.023674496
Unknown variant,Δ244,0.004131976
Wild Type,Δ244,0.058721475
mRNA,Δ244,0.05020218
mRNA-1273,Δ244,0.018495362
AZD1222,Δ245,-0.00013423059
AZD1222 + BNT162b2,Δ245,0.032521818
AZD1222 + mRNA-1273,Δ245,-0.017162118
Ad26.COV2.S,Δ245,0.005040219
Alpha,Δ245,-0.0004938524
BNT162b2,Δ245,0.0027851108
BNT162b2 + mRNA-1273,Δ245,0.048670232
Delta,Δ245,0.01199599
L452R variants,Δ245,0.035672568
Mu,Δ245,0.045834288
Unknown vaccine,Δ245,0.03129883
Unknown variant,Δ245,-0.022471823
Wild Type,Δ245,0.063028604
mRNA,Δ245,0.048790243
mRNA-1273,Δ245,0.035791107
AZD1222,Δ246,0.048861098
AZD1222 + BNT162b2,Δ246,-0.012548287
AZD1222 + mRNA-1273,Δ246,0.03199335
Ad26.COV2.S,Δ246,0.05655009
Alpha,Δ246,0.010226481
BNT162b2,Δ246,0.0029272938
BNT162b2 + mRNA-1273,Δ246,0.034557678
Delta,Δ246,-0.010104532
L452R variants,Δ246,-0.035808295
Mu,Δ246,-0.067817405
Unknown vaccine,Δ246,0.06423342
Unknown variant,Δ246,0.05664209
Wild Type,Δ246,0.010663806
mRNA,Δ246,0.04867079
mRNA-1273,Δ246,0.027750565
AZD1222,Δ247,0.044156473
AZD1222 + BNT162b2,Δ247,0.1158261
AZD1222 + mRNA-1273,Δ247,-0.002616611
Ad26.COV2.S,Δ247,0.08411564
Alpha,Δ247,0.05521018
BNT162b2,Δ247,0.017325878
BNT162b2 + mRNA-1273,Δ247,0.0040576896
Delta,Δ247,0.023445085
L452R variants,Δ247,0.0044200625
Mu,Δ247,-0.017264597
Unknown vaccine,Δ247,0.13093622
Unknown variant,Δ247,0.052271515
Wild Type,Δ247,0.100165054
mRNA,Δ247,0.025900777
mRNA-1273,Δ247,0.060091536
AZD1222,Δ248,-0.032723464
AZD1222 + BNT162b2,Δ248,-0.0088987015
AZD1222 + mRNA-1273,Δ248,-0.01696756
Ad26.COV2.S,Δ248,0.072171345
Alpha,Δ248,0.05010379
BNT162b2,Δ248,0.01749799
BNT162b2 + mRNA-1273,Δ248,0.057264455
Delta,Δ248,0.024585012
L452R variants,Δ248,0.01727522
Mu,Δ248,-0.027731787
Unknown vaccine,Δ248,0.0050071627
Unknown variant,Δ248,0.03544665
Wild Type,Δ248,-0.006294498
mRNA,Δ248,-0.03269753
mRNA-1273,Δ248,0.03503466
AZD1222,Δ249,-0.055951737
AZD1222 + BNT162b2,Δ249,-0.022606108
AZD1222 + mRNA-1273,Δ249,0.024420911
Ad26.COV2.S,Δ249,0.01577983
Alpha,Δ249,-0.07853541
BNT162b2,Δ249,-0.01116913
BNT162b2 + mRNA-1273,Δ249,0.00842623
Delta,Δ249,0.030153455
L452R variants,Δ249,-0.03376774
Mu,Δ249,-0.015123579
Unknown vaccine,Δ249,-0.04800688
Unknown variant,Δ249,-0.0069937566
Wild Type,Δ249,0.020514201
mRNA,Δ249,-0.01274043
mRNA-1273,Δ249,0.014219178
AZD1222,Δ25,-0.0019426933
AZD1222 + BNT162b2,Δ25,0.01848042
AZD1222 + mRNA-1273,Δ25,0.03373313
Ad26.COV2.S,Δ25,0.018579409
Alpha,Δ25,-0.029474547
BNT162b2,Δ25,-0.012450682
BNT162b2 + mRNA-1273,Δ25,-0.021997241
Delta,Δ25,-0.006806763
L452R variants,Δ25,-0.023919865
Mu,Δ25,-0.0007472178
Unknown vaccine,Δ25,0.026412763
Unknown variant,Δ25,-0.029340338
Wild Type,Δ25,0.00969702
mRNA,Δ25,-0.009995962
mRNA-1273,Δ25,0.0046589035
AZD1222,Δ250,0.0056354874
AZD1222 + BNT162b2,Δ250,0.030116051
AZD1222 + mRNA-1273,Δ250,0.049670883
Ad26.COV2.S,Δ250,0.051902104
Alpha,Δ250,-0.070152864
BNT162b2,Δ250,-0.01049472
BNT162b2 + mRNA-1273,Δ250,0.0030480102
Delta,Δ250,0.03509956
L452R variants,Δ250,0.016526653
Mu,Δ250,-0.04442805
Unknown vaccine,Δ250,0.012572619
Unknown variant,Δ250,0.0016172421
Wild Type,Δ250,0.01378835
mRNA,Δ250,-0.034195088
mRNA-1273,Δ250,0.022423916
AZD1222,Δ251,0.07194396
AZD1222 + BNT162b2,Δ251,0.020922663
AZD1222 + mRNA-1273,Δ251,0.018822564
Ad26.COV2.S,Δ251,0.029814221
Alpha,Δ251,0.0015548572
BNT162b2,Δ251,-0.0376452
BNT162b2 + mRNA-1273,Δ251,-0.044183083
Delta,Δ251,0.027904935
L452R variants,Δ251,-0.026219746
Mu,Δ251,0.008265739
Unknown vaccine,Δ251,0.03524685
Unknown variant,Δ251,-0.010148598
Wild Type,Δ251,0.02745084
mRNA,Δ251,-0.023659203
mRNA-1273,Δ251,0.0070004715
AZD1222,Δ252,0.06311498
AZD1222 + BNT162b2,Δ252,-0.0031052302
AZD1222 + mRNA-1273,Δ252,0.019990936
Ad26.COV2.S,Δ252,0.055715103
Alpha,Δ252,-0.019125225
BNT162b2,Δ252,0.001088989
BNT162b2 + mRNA-1273,Δ252,-0.043895505
Delta,Δ252,-0.02872791
L452R variants,Δ252,-0.0682293
Mu,Δ252,-0.04220978
Unknown vaccine,Δ252,0.02764519
Unknown variant,Δ252,0.01403776
Wild Type,Δ252,-0.027057178
mRNA,Δ252,0.006229976
mRNA-1273,Δ252,-0.0022293595
AZD1222,Δ253,-0.015057076
AZD1222 + BNT162b2,Δ253,-0.0005711615
AZD1222 + mRNA-1273,Δ253,0.01736126
Ad26.COV2.S,Δ253,0.05528548
Alpha,Δ253,0.0433302
BNT162b2,Δ253,0.018689174
BNT162b2 + mRNA-1273,Δ253,0.054246318
Delta,Δ253,0.047709133
L452R variants,Δ253,0.04819353
Mu,Δ253,0.014366272
Unknown vaccine,Δ253,0.10563181
Unknown variant,Δ253,-0.020072794
Wild Type,Δ253,0.061272703
mRNA,Δ253,0.018702425
mRNA-1273,Δ253,0.050059058
AZD1222,Δ26,0.00032192282
AZD1222 + BNT162b2,Δ26,0.039249048
AZD1222 + mRNA-1273,Δ26,0.034529317
Ad26.COV2.S,Δ26,0.01618271
Alpha,Δ26,-0.013688125
BNT162b2,Δ26,-0.013024163
BNT162b2 + mRNA-1273,Δ26,0.0032485162
Delta,Δ26,-0.011444446
L452R variants,Δ26,0.0074824356
Mu,Δ26,-0.0028619133
Unknown vaccine,Δ26,-0.0026432672
Unknown variant,Δ26,-0.03659267
Wild Type,Δ26,-0.016392933
mRNA,Δ26,-0.010477034
mRNA-1273,Δ26,0.010154566
AZD1222,Δ27,-0.0033906577
AZD1222 + BNT162b2,Δ27,0.026774356
AZD1222 + mRNA-1273,Δ27,0.025386225
Ad26.COV2.S,Δ27,0.022116017
Alpha,Δ27,0.005298674
BNT162b2,Δ27,-0.0105311405
BNT162b2 + mRNA-1273,Δ27,-0.010885277
Delta,Δ27,0.0029239987
L452R variants,Δ27,0.051886972
Mu,Δ27,0.03706058
Unknown vaccine,Δ27,-0.0020945964
Unknown variant,Δ27,0.019568581
Wild Type,Δ27,-0.012718374
mRNA,Δ27,-0.03729583
mRNA-1273,Δ27,-0.014217459
AZD1222,Δ64,0.08542448
AZD1222 + BNT162b2,Δ64,0.024214247
AZD1222 + mRNA-1273,Δ64,0.025766473
Ad26.COV2.S,Δ64,0.034220744
Alpha,Δ64,0.025516842
BNT162b2,Δ64,-0.0042633684
BNT162b2 + mRNA-1273,Δ64,-0.0129866665
Delta,Δ64,0.10096247
L452R variants,Δ64,0.036864653
Mu,Δ64,-0.00756888
Unknown vaccine,Δ64,0.04911637
Unknown variant,Δ64,-0.011116467
Wild Type,Δ64,-0.036209397
mRNA,Δ64,0.014008228
mRNA-1273,Δ64,-0.033785313
AZD1222,Δ65,-0.057580132
AZD1222 + BNT162b2,Δ65,-0.017970927
AZD1222 + mRNA-1273,Δ65,0.05825472
Ad26.COV2.S,Δ65,0.09631362
Alpha,Δ65,0.06256557
BNT162b2,Δ65,0.020337472
BNT162b2 + mRNA-1273,Δ65,0.074304536
Delta,Δ65,0.08813885
L452R variants,Δ65,0.005600306
Mu,Δ65,0.022254866
Unknown vaccine,Δ65,0.08835701
Unknown variant,Δ65,-0.059159473
Wild Type,Δ65,0.06288999
mRNA,Δ65,-0.033311628
mRNA-1273,Δ65,0.028220553
AZD1222,Δ66,-0.016739078
AZD1222 + BNT162b2,Δ66,0.060114793
AZD1222 + mRNA-1273,Δ66,0.034378096
Ad26.COV2.S,Δ66,-0.009048938
Alpha,Δ66,0.022798603
BNT162b2,Δ66,0.09878301
BNT162b2 + mRNA-1273,Δ66,0.015608378
Delta,Δ66,0.019275963
L452R variants,Δ66,-0.004215375
Mu,Δ66,0.0136589855
Unknown vaccine,Δ66,0.044974193
Unknown variant,Δ66,0.0049747983
Wild Type,Δ66,0.02609769
mRNA,Δ66,-0.034444142
mRNA-1273,Δ66,0.017454779
AZD1222,Δ67,0.024685595
AZD1222 + BNT162b2,Δ67,0.01968696
AZD1222 + mRNA-1273,Δ67,-0.100039706
Ad26.COV2.S,Δ67,0.04576045
Alpha,Δ67,0.07694787
BNT162b2,Δ67,0.044955306
BNT162b2 + mRNA-1273,Δ67,-0.06571034
Delta,Δ67,0.058649175
L452R variants,Δ67,0.03616462
Mu,Δ67,0.029926166
Unknown vaccine,Δ67,0.002971422
Unknown variant,Δ67,0.038686033
Wild Type,Δ67,0.024291556
mRNA,Δ67,-0.031606395
mRNA-1273,Δ67,-0.03134733
AZD1222,Δ68,0.015986923
AZD1222 + BNT162b2,Δ68,0.048259314
AZD1222 + mRNA-1273,Δ68,-0.06288116
Ad26.COV2.S,Δ68,0.032230362
Alpha,Δ68,-0.006364734
BNT162b2,Δ68,-0.007954828
BNT162b2 + mRNA-1273,Δ68,0.012234779
Delta,Δ68,0.011187144
L452R variants,Δ68,-0.030481465
Mu,Δ68,0.056845766
Unknown vaccine,Δ68,-0.07986765
Unknown variant,Δ68,0.014178224
Wild Type,Δ68,0.055354465
mRNA,Δ68,-0.0036767963
mRNA-1273,Δ68,0.005107686
AZD1222,Δ69,-0.049572833
AZD1222 + BNT162b2,Δ69,-0.027089704
AZD1222 + mRNA-1273,Δ69,-0.047284294
Ad26.COV2.S,Δ69,-0.045116834
Alpha,Δ69,-0.07227627
BNT162b2,Δ69,-0.037127946
BNT162b2 + mRNA-1273,Δ69,-0.069681175
Delta,Δ69,-0.05356231
L452R variants,Δ69,-0.031899106
Mu,Δ69,-0.024150863
Unknown vaccine,Δ69,-0.023421248
Unknown variant,Δ69,-0.11869842
Wild Type,Δ69,-0.04698379
mRNA,Δ69,-0.012356075
mRNA-1273,Δ69,0.0222531
AZD1222,Δ70,-0.03869725
AZD1222 + BNT162b2,Δ70,0.010578259
AZD1222 + mRNA-1273,Δ70,-0.04195389
Ad26.COV2.S,Δ70,-0.025256814
Alpha,Δ70,-0.03568442
BNT162b2,Δ70,-0.0036374955
BNT162b2 + mRNA-1273,Δ70,-0.037916385
Delta,Δ70,-0.016258383
L452R variants,Δ70,-0.022123342
Mu,Δ70,0.01191364
Unknown vaccine,Δ70,-0.011205494
Unknown variant,Δ70,-0.088745154
Wild Type,Δ70,-0.017778356
mRNA,Δ70,0.0029705856
mRNA-1273,Δ70,0.030685373
AZD1222,Δ71,0.12240197
AZD1222 + BNT162b2,Δ71,0.05221896
AZD1222 + mRNA-1273,Δ71,0.06635114
Ad26.COV2.S,Δ71,0.033737358
Alpha,Δ71,0.0298382
BNT162b2,Δ71,0.038344048
BNT162b2 + mRNA-1273,Δ71,0.022722568
Delta,Δ71,-0.012663525
L452R variants,Δ71,-0.029048432
Mu,Δ71,0.050248586
Unknown vaccine,Δ71,-0.060598075
Unknown variant,Δ71,0.057221357
Wild Type,Δ71,0.049446348
mRNA,Δ71,-0.08998347
mRNA-1273,Δ71,-0.019670911
AZD1222,Δ72,0.062376216
AZD1222 + BNT162b2,Δ72,0.026732001
AZD1222 + mRNA-1273,Δ72,-0.031240506
Ad26.COV2.S,Δ72,0.07651003
Alpha,Δ72,-0.018084895
BNT162b2,Δ72,0.08483803
BNT162b2 + mRNA-1273,Δ72,0.029704917
Delta,Δ72,0.007121616
L452R variants,Δ72,-0.00090672256
Mu,Δ72,-0.040388066
Unknown vaccine,Δ72,-0.00044163186
Unknown variant,Δ72,0.00023943046
Wild Type,Δ72,-0.05872884
mRNA,Δ72,0.011869405
mRNA-1273,Δ72,0.0056585777
AZD1222,Δ73,0.097220294
AZD1222 + BNT162b2,Δ73,0.05449172
AZD1222 + mRNA-1273,Δ73,0.003223868
Ad26.COV2.S,Δ73,0.03491533
Alpha,Δ73,0.024226058
BNT162b2,Δ73,0.013136954
BNT162b2 + mRNA-1273,Δ73,0.061812576
Delta,Δ73,0.016678989
L452R variants,Δ73,0.05802231
Mu,Δ73,0.010304942
Unknown vaccine,Δ73,0.01621426
Unknown variant,Δ73,-0.09010286
Wild Type,Δ73,-0.023345983
mRNA,Δ73,0.04331379
mRNA-1273,Δ73,-0.014714528
AZD1222,Δ74,0.028230868
AZD1222 + BNT162b2,Δ74,0.0076459665
AZD1222 + mRNA-1273,Δ74,-0.10734234
Ad26.COV2.S,Δ74,-0.031324036
Alpha,Δ74,-0.07444285
BNT162b2,Δ74,0.020259889
BNT162b2 + mRNA-1273,Δ74,0.018597335
Delta,Δ74,-0.08336833
L452R variants,Δ74,0.023909293
Mu,Δ74,0.021496566
Unknown vaccine,Δ74,-0.036189523
Unknown variant,Δ74,0.0031959526
Wild Type,Δ74,0.0365346
mRNA,Δ74,0.08808964
mRNA-1273,Δ74,-0.007828439
AZD1222,Δ75,-0.010307741
AZD1222 + BNT162b2,Δ75,0.073270075
AZD1222 + mRNA-1273,Δ75,0.010677331
Ad26.COV2.S,Δ75,0.06202265
Alpha,Δ75,-0.0048209187
BNT162b2,Δ75,-0.092342
BNT162b2 + mRNA-1273,Δ75,-0.009579891
Delta,Δ75,0.03902731
L452R variants,Δ75,0.016831258
Mu,Δ75,-0.07528474
Unknown vaccine,Δ75,0.033786163
Unknown variant,Δ75,-0.08370421
Wild Type,Δ75,0.06507966
mRNA,Δ75,0.02796859
mRNA-1273,Δ75,-0.005449275
AZD1222,Δ76,-0.004232624
AZD1222 + BNT162b2,Δ76,0.027499361
AZD1222 + mRNA-1273,Δ76,-0.025638722
Ad26.COV2.S,Δ76,0.08035992
Alpha,Δ76,0.054382965
BNT162b2,Δ76,-0.0083540715
BNT162b2 + mRNA-1273,Δ76,-0.0128675625
Delta,Δ76,0.032492258
L452R variants,Δ76,-0.028703563
Mu,Δ76,-0.02088083
Unknown vaccine,Δ76,0.002476789
Unknown variant,Δ76,-0.048880126
Wild Type,Δ76,0.088974886
mRNA,Δ76,-0.014263419
mRNA-1273,Δ76,0.030752517
