Pool,Mutation,Mean,Std
Conv_WT-2,S494R,0.3134087026119232,0.0023283285554498434
Conv_WT-2,Q493K,0.31320318579673767,0.00861133448779583
Conv_WT-3,S494R,0.29401159286499023,0.0023264081683009863
Conv_WT-3,Q493K,0.29352590441703796,0.008532886393368244
Conv_WT-2,T478K,0.29231923818588257,0.007256548851728439
Vac_Pfiz-3,Q493K,0.2839496433734894,0.009301257319748402
Vac_Pfiz-3,S494R,0.2838546335697174,0.002573600737378001
Conv_WT-3,T478K,0.27434253692626953,0.007535726763308048
Conv_WT-2,T76I,0.2654706537723541,0.007820715196430683
Vac_Pfiz-3,T478K,0.2649719715118408,0.008516388013958931
Vac_Pfiz-1,S494R,0.26320162415504456,0.002352721057832241
Vac_Pfiz-1,Q493K,0.2626141309738159,0.008724130690097809
Conv_WT-3,T76I,0.24899405241012573,0.007805247791111469
Vac_Pfiz-2,S494R,0.24813039600849152,0.002396426862105727
Vac_Pfiz-2,Q493K,0.24787963926792145,0.00878257304430008
Vac_Pfiz-1,T478K,0.24548199772834778,0.00784297101199627
Vac_Pfiz-3,T76I,0.24041888117790222,0.00805834773927927
Vac_Pfiz-2,T478K,0.2315245121717453,0.007795331533998251
Vac_Mod-2,Q493K,0.22574183344841003,0.008663548156619072
Vac_Mod-2,S494R,0.22544550895690918,0.002269954886287451
Vac_Pfiz-1,T76I,0.22293823957443237,0.008013803511857986
Vac_Mod-2,T478K,0.2103148251771927,0.0079280911013484
Vac_Pfiz-2,T76I,0.2102513462305069,0.00794763583689928
Vac_Mod-2,T76I,0.1910945177078247,0.00793556496500969
Conv_WT-2,L452R,0.1883135288953781,0.00344767770729959
Conv_WT-3,L452R,0.17661890387535095,0.0034929760731756687
Vac_Pfiz-3,L452R,0.1705130934715271,0.003969606012105942
Vac_Pfiz-1,L452R,0.15812131762504578,0.0034931525588035583
Conv_Delta,Q493K,0.15753954648971558,0.00803307257592678
Conv_Delta,S494R,0.1574140340089798,0.002162675140425563
Conv_WT-2,K417V,0.15665240585803986,0.00441256258636713
Conv_WT-2,Q493S,0.1502467393875122,0.006094327196478844
Vac_Pfiz-2,L452R,0.1490219086408615,0.003479171544313431
Conv_WT-3,K417V,0.1472773402929306,0.004242020193487406
Conv_Delta,T478K,0.1469334363937378,0.006980631500482559
Conv_WT-2,G339D,0.14635448157787323,0.00466880202293396
Vac_Pfiz-3,K417V,0.14201940596103668,0.004713599570095539
Conv_WT-3,Q493S,0.14106754958629608,0.006176590453833342
Bi-valent Boost,S494R,0.13924720883369446,0.0022047264501452446
Bi-valent Boost,Q493K,0.13894638419151306,0.007927565835416317
Conv_WT-3,G339D,0.1369384527206421,0.004728897474706173
Vac_Pfiz-3,Q493S,0.1360589861869812,0.006890039425343275
Vac_Mod-2,L452R,0.13543400168418884,0.003371031256392598
Conv_Delta,T76I,0.1335527002811432,0.006947569083422422
Vac_Pfiz-3,G339D,0.13236892223358154,0.004899630788713694
Vac_Pfiz-1,K417V,0.1315963715314865,0.0043853819370269775
Bi-valent Boost,T478K,0.12979403138160706,0.007040288299322128
Vac_Pfiz-1,Q493S,0.12626560032367706,0.006099959835410118
Vac_Pfiz-2,K417V,0.12393715232610703,0.004335884470492601
Vac_Pfiz-1,G339D,0.1227106899023056,0.004773701075464487
Vac_Pfiz-2,Q493S,0.11926885694265366,0.006262939423322678
Bi-valent Boost,T76I,0.11828285455703735,0.00720338337123394
Vac_Pfiz-2,G339D,0.11584154516458511,0.004746151622384787
Conv_WT-2,Q498Y,0.11447594314813614,0.004257870838046074
Vac_Mod-2,K417V,0.11270006000995636,0.004389332141727209
Vac_Mod-2,Q493S,0.10812748968601227,0.005884547717869282
Conv_WT-3,Q498Y,0.1074175089597702,0.004258761648088694
Vac_Mod-2,G339D,0.10520099848508835,0.0046354373916983604
Vac_Pfiz-3,Q498Y,0.10368124395608902,0.004491019528359175
Vac_Pfiz-1,Q498Y,0.09608525782823563,0.004211453255265951
Conv_Delta,L452R,0.09461851418018341,0.003080113558098674
Vac_Pfiz-2,Q498Y,0.09087491035461426,0.004322395659983158
Conv_WT-1,S494R,0.0896088033914566,0.002210651757195592
Conv_WT-1,Q493K,0.08945713937282562,0.00800794456154108
Bi-valent Boost,L452R,0.08366390317678452,0.003250974463298917
Conv_WT-1,T478K,0.08350639790296555,0.0069974688813090324
Vac_Mod-2,Q498Y,0.0824306458234787,0.00419055437669158
Conv_Delta,K417V,0.07870026677846909,0.00397869199514389
Conv_WT-1,T76I,0.07589424401521683,0.00730708334594965
Conv_Delta,Q493S,0.075350321829319,0.005563488695770502
Conv_Delta,G339D,0.07329666614532471,0.004129304084926844
Conv_WT-2,Q493R,0.07285429537296295,0.003342244541272521
Conv_WT-2,V213G,0.0695967748761177,0.006115166004747152
Bi-valent Boost,K417V,0.06957237422466278,0.0038042848464101553
Conv_WT-3,Q493R,0.06853454560041428,0.0033995620906352997
Bi-valent Boost,Q493S,0.06687170267105103,0.005622072145342827
Vac_Pfiz-3,Q493R,0.065980926156044,0.0035259760916233063
Conv_WT-3,V213G,0.06572800129652023,0.006145313382148743
Bi-valent Boost,G339D,0.06509754061698914,0.004173744469881058
Vac_Pfiz-3,V213G,0.06320255249738693,0.006364533212035894
Vac_Pfiz-1,Q493R,0.061254993081092834,0.0033834795467555523
Vac_Pfiz-1,V213G,0.05892273783683777,0.00617993762716651
Vac_Pfiz-2,Q493R,0.05779508873820305,0.0033680156338959932
Conv_Delta,Q498Y,0.05749782174825668,0.0038088064175099134
Vac_Pfiz-2,V213G,0.05522729083895683,0.006083955522626638
Boost_Pfiz-2,T19R,0.05478909984230995,0.004121537320315838
Conv_WT-1,L452R,0.05373375117778778,0.003182638669386506
Vac_Mod-2,Q493R,0.052390776574611664,0.0034311574418097734
Bi-valent Boost,Q498Y,0.05088888853788376,0.003858419833704829
Vac_Mod-2,V213G,0.050221335142850876,0.006120947189629078
Boost_Pfiz-1,T19R,0.049554117023944855,0.004109002184122801
Conv_WT-2,Y473F,0.04862155020236969,0.0062686181627213955
BTI_BA.1-1,T19R,0.047984056174755096,0.004240830894559622
Conv_WT-2,N481T,0.04706917703151703,0.004777433816343546
Conv_WT-2,R346T,0.046149805188179016,0.002862015273422003
Conv_WT-3,Y473F,0.04526187479496002,0.0063723246566951275
BTI_BA.1-2,T19R,0.0450236015021801,0.004101244267076254
Conv_WT-1,K417V,0.04467296972870827,0.00397587800398469
Conv_WT-3,N481T,0.044343918561935425,0.004867601208388805
Vac_Pfiz-3,Y473F,0.044041939079761505,0.006705921608954668
Conv_WT-3,R346T,0.04326915368437767,0.0029451644513756037
Conv_WT-1,Q493S,0.043026380240917206,0.005563965532928705
Vac_Pfiz-3,N481T,0.042528219521045685,0.005398224573582411
Conv_WT-2,V445E,0.04203091189265251,0.004261941183358431
Vac_Pfiz-3,R346T,0.04180138185620308,0.0032534548081457615
Conv_WT-1,G339D,0.04179557040333748,0.004204683471471071
Conv_WT-2,F490R,0.041287653148174286,0.004247838631272316
Vac_Pfiz-1,Y473F,0.04049046337604523,0.006399457808583975
Vac_Pfiz-1,N481T,0.039748240262269974,0.004903406836092472
Conv_WT-3,V445E,0.03926057368516922,0.004244938958436251
Boost_Mod-3,T19R,0.03918372094631195,0.004231007769703865
Vac_Pfiz-1,R346T,0.03878774866461754,0.0029410694260150194
Conv_WT-3,F490R,0.038649819791316986,0.004162619821727276
Vac_Pfiz-2,Y473F,0.0383911207318306,0.006147816777229309
BTI_Delta-3,T19R,0.0380849726498127,0.004094709642231464
Vac_Pfiz-3,V445E,0.0380486436188221,0.0045376005582511425
Boost_Mod-1,T19R,0.037581171840429306,0.004151127301156521
Vac_Pfiz-3,F490R,0.0373418927192688,0.004472787957638502
Vac_Pfiz-2,N481T,0.037325941026210785,0.004819850437343121
Vac_Pfiz-2,R346T,0.036624424159526825,0.0030945604667067528
Conv_Delta,Q493R,0.03655998408794403,0.0028990900609642267
BTI_Delta-1,T19R,0.03638274222612381,0.004133899696171284
BTI_Delta-2,T19R,0.03621320798993111,0.003991887904703617
Conv_Delta,V213G,0.035170912742614746,0.00536392442882061
Vac_Mod-2,Y473F,0.03514913469552994,0.006354241166263819
Vac_Pfiz-1,V445E,0.035077571868896484,0.004104552790522575
Vac_Pfiz-1,F490R,0.03459709882736206,0.004217130597680807
Vac_Mod-2,N481T,0.033605996519327164,0.004834459628909826
Vac_Pfiz-2,V445E,0.033356327563524246,0.004185790661722422
Vac_Mod-2,R346T,0.03326082602143288,0.003035167697817087
Conv_WT-1,Q498Y,0.032747719436883926,0.003822293132543564
Vac_Pfiz-2,F490R,0.032690927386283875,0.00418792525306344
Bi-valent Boost,Q493R,0.032371003180742264,0.0030633562710136175
BTI_BA.4/5,T19R,0.03155316784977913,0.00421991478651762
Boost_Pfiz-2,M153S,0.031359266489744186,0.007768674287945032
Bi-valent Boost,V213G,0.030849631875753403,0.005468729883432388
Vac_Mod-2,V445E,0.030162880197167397,0.00430504884570837
Boost_Mod-2,T19R,0.02963285520672798,0.004139808937907219
Vac_Mod-2,F490R,0.029574304819107056,0.004029482137411833
Boost_Pfiz-1,M153S,0.028039896860718727,0.007692610379308462
BTI_BA.1-1,M153S,0.027063891291618347,0.00764974532648921
BTI_BA.1-2,M153S,0.025330524891614914,0.0074188061989843845
Conv_WT-2,A27L,0.025285406038165092,0.005178394727408886
Conv_Delta,Y473F,0.024540457874536514,0.005598102230578661
Conv_WT-3,A27L,0.023879706859588623,0.005236951168626547
Conv_Delta,N481T,0.023490246385335922,0.004409810062497854
Conv_Delta,R346T,0.02311069145798683,0.002703671343624592
Vac_Pfiz-3,A27L,0.022832375019788742,0.005536654032766819
Boost_Mod-3,M153S,0.022202130407094955,0.007825056090950966
Bi-valent Boost,Y473F,0.021765151992440224,0.005867829080671072
Vac_Pfiz-1,A27L,0.02155717834830284,0.005153563804924488
BTI_Delta-3,M153S,0.02149275317788124,0.008138235658407211
Conv_Delta,V445E,0.020939793437719345,0.003724750829860568
Boost_Mod-1,M153S,0.020936081185936928,0.007604838348925114
Conv_WT-1,Q493R,0.02090374007821083,0.003058741334825754
Bi-valent Boost,N481T,0.02079087868332863,0.004461838398128748
BTI_Delta-2,M153S,0.02072943188250065,0.007678745314478874
Bi-valent Boost,R346T,0.020590318366885185,0.0026211035437881947
BTI_Delta-1,M153S,0.020575031638145447,0.007861845195293427
Conv_Delta,F490R,0.020467117428779602,0.003743048058822751
Vac_Pfiz-2,A27L,0.020067108795046806,0.0051053068600595
Conv_WT-1,V213G,0.019957492128014565,0.005376842338591814
Boost_Pfiz-2,K147N,0.01976938545703888,0.003471681149676442
Bi-valent Boost,V445E,0.018638085573911667,0.003882047487422824
Bi-valent Boost,F490R,0.01832607202231884,0.0037365457974374294
Boost_Pfiz-1,K147N,0.017989853397011757,0.0034741449635475874
Vac_Mod-2,A27L,0.01792057417333126,0.005000906530767679
BTI_BA.1-1,K147N,0.017559466883540154,0.0033848232124000788
BTI_BA.4/5,M153S,0.0173520315438509,0.007392191328108311
Boost_Mod-2,M153S,0.0166245736181736,0.00768721429631114
BTI_BA.1-2,K147N,0.01626606285572052,0.003594878362491727
BTI_BA.1-3,T19R,0.015032394789159298,0.004086190368980169
Boost_Mod-3,K147N,0.014252345077693462,0.0034685730934143066
BTI_Delta-3,K147N,0.01384564395993948,0.0034074054565280676
Boost_Mod-1,K147N,0.013768158853054047,0.0034248714800924063
Conv_WT-1,Y473F,0.013653338886797428,0.00583536084741354
Conv_WT-1,N481T,0.013536273501813412,0.004410733003169298
Conv_WT-1,R346T,0.013207797892391682,0.0026824013330042362
BTI_Delta-1,K147N,0.013177286833524704,0.003440704895183444
BTI_Delta-2,K147N,0.013091681525111198,0.0034007877111434937
Conv_Delta,A27L,0.012542055919766426,0.004691602662205696
Conv_WT-1,V445E,0.011964880861341953,0.0037148473784327507
Conv_WT-1,F490R,0.011832003481686115,0.0038549352902919054
BTI_BA.4/5,K147N,0.01158524863421917,0.003441514680162072
Bi-valent Boost,A27L,0.01124054379761219,0.004561795387417078
Boost_Mod-2,K147N,0.01094103418290615,0.00344445975497365
Boost_Pfiz-2,R346K,0.010339375585317612,0.004777055699378252
Boost_Pfiz-2,K529L,0.009902910329401493,0.002887772163376212
Conv_WT-2,Q183V,0.009721964597702026,0.003985441755503416
Boost_Pfiz-1,R346K,0.009459388442337513,0.0047103953547775745
BTI_BA.1-1,R346K,0.00926289428025484,0.004869256168603897
Conv_WT-3,Q183V,0.00910593755543232,0.003952058032155037
Boost_Pfiz-1,K529L,0.00895673967897892,0.0031767282634973526
Vac_Pfiz-3,Q183V,0.008900207467377186,0.0041315373964607716
BTI_BA.1-1,K529L,0.008634843863546848,0.0031307388562709093
BTI_BA.1-3,M153S,0.00851241685450077,0.007673240732401609
BTI_BA.1-2,R346K,0.008321495726704597,0.004706248641014099
BTI_BA.1-2,K529L,0.008244694210588932,0.0030779382213950157
Vac_Pfiz-1,Q183V,0.00801913347095251,0.003850083565339446
Vac_Pfiz-2,Q183V,0.007617275696247816,0.003992048557847738
Vac_Mod-1,Q493K,0.007576952688395977,0.008605637587606907
Vac_Mod-1,S494R,0.007512330077588558,0.0023341733030974865
Conv_WT-1,A27L,0.007327567785978317,0.004696030635386705
Boost_Mod-3,R346K,0.007294141221791506,0.004786958452314138
Boost_Mod-1,R346K,0.007195168174803257,0.004927510395646095
BTI_Delta-3,R346K,0.007102608680725098,0.004549058619886637
Vac_Mod-2,Q183V,0.006995280273258686,0.004110416863113642
Boost_Mod-3,K529L,0.006990247406065464,0.003063763491809368
BTI_Delta-1,R346K,0.0069536990486085415,0.004756479058414698
Vac_Mod-1,T478K,0.006948290858417749,0.007894627749919891
Boost_Mod-1,K529L,0.0068289246410131454,0.0029971229378134012
BTI_Delta-3,K529L,0.006740487180650234,0.0031363368034362793
BTI_Delta-2,R346K,0.006726616527885199,0.004806251730769873
BTI_Delta-1,K529L,0.006573737133294344,0.0031089424155652523
BTI_Delta-2,K529L,0.006384792272001505,0.0031345575116574764
Vac_Mod-1,T76I,0.0061905765905976295,0.00784862320870161
BTI_BA.4/5,R346K,0.006079911254346371,0.004759456962347031
BTI_BA.1-3,K147N,0.005585214588791132,0.003478697966784239
BTI_BA.4/5,K529L,0.005572406575083733,0.0030491247307509184
Boost_Mod-2,R346K,0.005565118510276079,0.00480332225561142
Boost_Mod-2,K529L,0.005215490702539682,0.003060669871047139
Conv_Delta,Q183V,0.00486571853980422,0.003542676568031311
Boost_Pfiz-2,S155R,0.004534635692834854,0.0034121184144169092
Vac_Mod-1,L452R,0.00447206012904644,0.0034485533833503723
Bi-valent Boost,Q183V,0.004321943037211895,0.003544940846040845
BTI_BA.2.12.1,T19R,0.004047748167067766,0.004247345961630344
Boost_Pfiz-1,S155R,0.004008357413113117,0.003500626189634204
BTI_BA.1-1,S155R,0.003811910282820463,0.0034455000422894955
Vac_Mod-1,K417V,0.003766031702980399,0.004547616466879845
BTI_BA.1-2,S155R,0.0037094498984515667,0.0034339462872594595
Vac_Mod-1,Q493S,0.0035891691222786903,0.0061162919737398624
Vac_Mod-1,G339D,0.0033691497519612312,0.004817246925085783
Boost_Mod-3,S155R,0.0032833002042025328,0.003455301746726036
BTI_Delta-3,S155R,0.0031348748598247766,0.003394130151718855
Boost_Mod-1,S155R,0.0030272691510617733,0.0034145961981266737
BTI_BA.1-3,R346K,0.0030016328673809767,0.00475877383723855
BTI_Delta-2,S155R,0.0029437558259814978,0.0033704217057675123
BTI_Delta-1,S155R,0.002925788052380085,0.0033713565208017826
Conv_WT-1,Q183V,0.0028004932682961226,0.0035605267621576786
BTI_BA.1-3,K529L,0.0027735529001802206,0.003003906225785613
Vac_Mod-1,Q498Y,0.00275408779270947,0.004211115185171366
BTI_BA.4/5,S155R,0.0027155603747814894,0.0033542155288159847
Boost_Mod-2,S155R,0.0024199262261390686,0.0033907711040228605
BTI_BA.2.12.1,M153S,0.0021607642993330956,0.00795737188309431
Vac_Mod-1,V213G,0.0017837192863225937,0.006015142425894737
Vac_Mod-1,Q493R,0.001781933126039803,0.0033697744365781546
BTI_BA.2.12.1,K147N,0.0014348116237670183,0.003397131571546197
Vac_Mod-1,Y473F,0.001311587868258357,0.006141123361885548
BTI_BA.1-3,S155R,0.0011386737460270524,0.0034010193776339293
Vac_Mod-1,R346T,0.0010736397234722972,0.003052224637940526
Vac_Mod-1,V445E,0.001027810387313366,0.004168629180639982
Vac_Mod-1,F490R,0.0010228551691398025,0.004134283401072025
Vac_Mod-1,N481T,0.0010077045299112797,0.0047922078520059586
BTI_BA.2.12.1,K529L,0.0007014807197265327,0.0031231020111590624
BTI_BA.2.12.1,R346K,0.0005111214704811573,0.004803473129868507
Vac_Mod-1,A27L,0.0004881976346950978,0.005042949225753546
BTI_BA.2.12.1,S155R,0.0004168979648966342,0.0033822255209088326
Vac_Mod-1,Q183V,0.00024727926938794553,0.003880823031067848
Vac_Mod-1,S155R,-0.00011773085134336725,0.0037213654723018408
Vac_Mod-1,K529L,-0.0002545883762650192,0.003441867185756564
BTI_BA.2.12.1,Q183V,-0.0003632444713730365,0.003672582795843482
Vac_Mod-1,R346K,-0.0004345748748164624,0.005332521162927151
Vac_Mod-1,K147N,-0.000858009560033679,0.003839084878563881
Vac_Mod-1,M153S,-0.0010420768521726131,0.008678792044520378
BTI_BA.2.12.1,A27L,-0.001085778116248548,0.004660092759877443
BTI_BA.1-3,Q183V,-0.0016710874624550343,0.0035628313198685646
BTI_BA.2.12.1,F490R,-0.0018875792156904936,0.003662454430013895
BTI_BA.2.12.1,V445E,-0.0019080126658082008,0.003837121417745948
Conv_WT-1,S155R,-0.0020663917530328035,0.003376498119905591
BTI_BA.2.12.1,R346T,-0.0020747792441397905,0.002657427452504635
BTI_BA.2.12.1,N481T,-0.0020856764167547226,0.0043989503756165504
Vac_Mod-1,T19R,-0.002105008577927947,0.004587655421346426
BTI_BA.2.12.1,Y473F,-0.002206246368587017,0.005581542383879423
Bi-valent Boost,S155R,-0.0029554676730185747,0.0034415896516293287
BTI_BA.2.12.1,V213G,-0.003216537181288004,0.005396180786192417
BTI_BA.2.12.1,Q493R,-0.0033449516631662846,0.002969053341075778
Boost_Mod-2,Q183V,-0.0034040852915495634,0.0034875606652349234
BTI_BA.4/5,Q183V,-0.0035150700714439154,0.0035500628873705864
Conv_Delta,S155R,-0.0035853891167789698,0.0032875165343284607
BTI_Delta-1,Q183V,-0.004035900346934795,0.0036643121857196093
BTI_Delta-2,Q183V,-0.004041380248963833,0.0035757978912442923
BTI_Delta-3,Q183V,-0.004279686603695154,0.0034661907702684402
Boost_Mod-1,Q183V,-0.004284807946532965,0.0035554091446101665
Boost_Mod-3,Q183V,-0.004374851007014513,0.003529768669977784
Conv_WT-1,K529L,-0.004432535730302334,0.0029731919057667255
BTI_BA.1-3,A27L,-0.004618193954229355,0.004780049901455641
Conv_WT-1,R346K,-0.00474652461707592,0.004679735284298658
Vac_Mod-2,S155R,-0.004972787573933601,0.003785999957472086
BTI_BA.1-2,Q183V,-0.0050647021271288395,0.003708916949108243
BTI_BA.2.12.1,Q498Y,-0.005256688222289085,0.0038536309730261564
BTI_BA.1-1,Q183V,-0.005432137753814459,0.003736678743734956
Vac_Pfiz-2,S155R,-0.005646063480526209,0.0037998196203261614
Boost_Pfiz-1,Q183V,-0.005647547543048859,0.0037732345517724752
Vac_Pfiz-1,S155R,-0.005915740970522165,0.003543231636285782
Vac_Pfiz-3,S155R,-0.006255272775888443,0.004051696974784136
Boost_Pfiz-2,Q183V,-0.006276850588619709,0.003631013911217451
Conv_WT-3,S155R,-0.006469258572906256,0.003750154050067067
BTI_BA.2.12.1,G339D,-0.006625522393733263,0.004093583673238754
BTI_BA.2.12.1,Q493S,-0.006788397673517466,0.005531339906156063
Conv_WT-2,S155R,-0.0068594361655414104,0.0036311422009021044
Bi-valent Boost,K529L,-0.0069172135554254055,0.0030400778632611036
BTI_BA.2.12.1,K417V,-0.007182569708675146,0.003936948254704475
Bi-valent Boost,R346K,-0.007273576688021421,0.0047495015896856785
BTI_BA.1-3,F490R,-0.007299777586013079,0.0037393381353467703
BTI_BA.1-3,V445E,-0.007379177026450634,0.003762848675251007
Conv_Delta,K529L,-0.007743383292108774,0.0030170574318617582
BTI_BA.1-3,R346T,-0.008113658986985683,0.002748059341683984
Conv_Delta,R346K,-0.008115560747683048,0.004747013561427593
BTI_BA.1-3,N481T,-0.008336501196026802,0.004565115552395582
BTI_BA.1-3,Y473F,-0.008450491353869438,0.005771555472165346
BTI_BA.2.12.1,L452R,-0.00852189026772976,0.003193145152181387
Boost_Mod-2,A27L,-0.008727122098207474,0.004770231433212757
Conv_WT-1,K147N,-0.008740270510315895,0.0033931834623217583
BTI_BA.4/5,A27L,-0.009592809714376926,0.004788256250321865
BTI_Delta-2,A27L,-0.010562273673713207,0.0047348057851195335
BTI_Delta-1,A27L,-0.010690420866012573,0.004724780563265085
Vac_Mod-2,K529L,-0.011170309036970139,0.0033498918637633324
Boost_Mod-1,A27L,-0.011173008009791374,0.004754124209284782
BTI_Delta-3,A27L,-0.011294171214103699,0.00468671228736639
Boost_Mod-3,A27L,-0.01134346891194582,0.004773902241140604
Vac_Mod-2,R346K,-0.011663317680358887,0.0051774997264146805
BTI_BA.2.12.1,T76I,-0.012065624818205833,0.007141636218875647
Vac_Pfiz-2,K529L,-0.012354173697531223,0.0034462243784219027
BTI_BA.1-3,V213G,-0.012402603402733803,0.0053227972239255905
Vac_Pfiz-2,R346K,-0.012721745297312737,0.005260109901428223
BTI_BA.1-3,Q493R,-0.013009537011384964,0.00304337777197361
Vac_Pfiz-1,K529L,-0.01304473914206028,0.003397054271772504
BTI_BA.2.12.1,T478K,-0.013316860422492027,0.006863321177661419
BTI_BA.1-2,A27L,-0.013379713520407677,0.004649595823138952
Conv_WT-1,M153S,-0.013677489012479782,0.007965686731040478
Vac_Pfiz-1,R346K,-0.013777227140963078,0.005008854903280735
Bi-valent Boost,K147N,-0.013841917738318443,0.003450775286182761
Vac_Pfiz-3,K529L,-0.014027229510247707,0.0035800349432975054
BTI_BA.2.12.1,S494R,-0.014240186661481857,0.002149472013115883
BTI_BA.2.12.1,Q493K,-0.014320562593638897,0.0081760473549366
Boost_Mod-2,F490R,-0.014324399642646313,0.003633690532296896
BTI_BA.1-1,A27L,-0.014359119348227978,0.004751800559461117
Conv_WT-3,K529L,-0.0145107451826334,0.003513318719342351
Boost_Mod-2,V445E,-0.01452504750341177,0.0037629730068147182
Vac_Pfiz-3,R346K,-0.014543811790645123,0.00570676987990737
Boost_Pfiz-1,A27L,-0.014778973534703255,0.004505958408117294
BTI_BA.4/5,F490R,-0.015208064578473568,0.003902432043105364
BTI_BA.4/5,V445E,-0.015316775999963284,0.0038279779255390167
Conv_WT-3,R346K,-0.015363706275820732,0.0053389957174658775
Conv_WT-2,K529L,-0.015559038147330284,0.0033565980847924948
Conv_Delta,K147N,-0.015648892149329185,0.0034985928796231747
Boost_Mod-2,R346T,-0.015836913138628006,0.0026524101849645376
Boost_Pfiz-2,A27L,-0.015882670879364014,0.004606689792126417
Boost_Mod-2,N481T,-0.01627003401517868,0.004509180784225464
Conv_WT-2,R346K,-0.01634184829890728,0.005209989380091429
Boost_Mod-2,Y473F,-0.016682416200637817,0.0057998341508209705
BTI_BA.4/5,R346T,-0.01681828312575817,0.0026191745419055223
BTI_BA.4/5,Y473F,-0.017314746975898743,0.00573716638609767
BTI_Delta-2,F490R,-0.01734837330877781,0.0038139268290251493
BTI_Delta-1,F490R,-0.017484299838542938,0.0037689099553972483
BTI_BA.4/5,N481T,-0.01751982420682907,0.004551016725599766
BTI_Delta-2,V445E,-0.017622342333197594,0.003845405299216509
BTI_Delta-1,V445E,-0.017733843997120857,0.003835795447230339
Boost_Mod-1,F490R,-0.01805143803358078,0.003738297149538994
BTI_Delta-3,F490R,-0.018283672630786896,0.0039023139979690313
Boost_Mod-1,V445E,-0.018495073541998863,0.003859515069052577
BTI_Delta-3,V445E,-0.01866360753774643,0.0036721681244671345
Boost_Mod-3,F490R,-0.018702924251556396,0.0037823559250682592
Boost_Mod-3,V445E,-0.019092129543423653,0.0037946561351418495
BTI_Delta-2,R346T,-0.019378289580345154,0.0026280232705175877
BTI_Delta-1,R346T,-0.019567163661122322,0.002617360558360815
BTI_Delta-2,N481T,-0.019664697349071503,0.004541988950222731
BTI_Delta-1,N481T,-0.020006420090794563,0.004513314925134182
Boost_Mod-1,R346T,-0.020201975479722023,0.002621645573526621
BTI_BA.1-3,Q498Y,-0.020313357934355736,0.0039045242592692375
BTI_Delta-3,R346T,-0.020380884408950806,0.002698737196624279
BTI_Delta-1,Y473F,-0.020524172112345695,0.005806057248264551
BTI_Delta-2,Y473F,-0.02061253786087036,0.005795864854007959
Boost_Mod-1,N481T,-0.020704297348856926,0.004482069052755833
BTI_Delta-3,N481T,-0.020937500521540642,0.004451110027730465
Boost_Mod-3,R346T,-0.02105102315545082,0.0027496612165123224
Boost_Mod-1,Y473F,-0.02118688076734543,0.00566581217572093
Boost_Mod-3,N481T,-0.02125009521842003,0.004458629991859198
BTI_Delta-3,Y473F,-0.02150232344865799,0.005888539832085371
BTI_BA.1-2,F490R,-0.02164384350180626,0.003911664243787527
Bi-valent Boost,M153S,-0.02193766087293625,0.007830064743757248
BTI_BA.1-2,V445E,-0.022206448018550873,0.003749820636585355
Boost_Mod-3,Y473F,-0.022309837862849236,0.00570779200643301
Vac_Mod-2,K147N,-0.0223553404211998,0.0038200397975742817
BTI_BA.1-1,F490R,-0.02291565202176571,0.003861786797642708
BTI_BA.1-1,V445E,-0.02330245077610016,0.0038129515014588833
Boost_Pfiz-1,F490R,-0.023781413212418556,0.0038235762622207403
BTI_BA.1-2,R346T,-0.024208150804042816,0.002741267206147313
Boost_Pfiz-1,V445E,-0.02423114702105522,0.0038530793972313404
Boost_Mod-2,V213G,-0.024328624829649925,0.005460800603032112
Conv_WT-1,T19R,-0.024515299126505852,0.004147623665630817
Vac_Pfiz-2,K147N,-0.024538204073905945,0.0038105761632323265
Conv_Delta,M153S,-0.02454272098839283,0.007546115666627884
BTI_BA.1-2,N481T,-0.024811195209622383,0.0043991319835186005
Boost_Mod-2,Q493R,-0.02527712658047676,0.003056541783735156
BTI_BA.1-2,Y473F,-0.025278907269239426,0.005591489374637604
BTI_BA.1-1,R346T,-0.025665143504738808,0.0026838683988898993
BTI_BA.1-3,G339D,-0.02577187865972519,0.00422278419137001
Vac_Pfiz-1,K147N,-0.026066331192851067,0.003745195223018527
BTI_BA.4/5,V213G,-0.02615073136985302,0.005354191642254591
Boost_Pfiz-2,F490R,-0.02628401666879654,0.00382410129532218
BTI_BA.1-1,N481T,-0.026409847661852837,0.004562543239444494
BTI_BA.1-3,Q493S,-0.026580024510622025,0.00563059700652957
Boost_Pfiz-1,R346T,-0.02664477750658989,0.0027392602059990168
Boost_Pfiz-2,V445E,-0.026807675138115883,0.0037073546554893255
BTI_BA.1-1,Y473F,-0.026973828673362732,0.005686491262167692
BTI_BA.4/5,Q493R,-0.02701653353869915,0.003030802123248577
Boost_Pfiz-1,N481T,-0.027257831767201424,0.0042715114541351795
Boost_Pfiz-1,Y473F,-0.027876440435647964,0.005649701226502657
BTI_BA.1-3,K417V,-0.027888307347893715,0.004033530596643686
Vac_Pfiz-3,K147N,-0.02823723666369915,0.004062884021550417
BTI_Delta-2,V213G,-0.029358746483922005,0.005151285324245691
Boost_Pfiz-2,R346T,-0.029360417276620865,0.0026113896165043116
Conv_WT-3,K147N,-0.029399730265140533,0.003696690546348691
BTI_Delta-1,V213G,-0.02957189455628395,0.005710081662982702
Boost_Pfiz-2,N481T,-0.029791999608278275,0.004378363024443388
Boost_Mod-1,V213G,-0.030566906556487083,0.00544308265671134
BTI_Delta-2,Q493R,-0.030605630949139595,0.002994357142597437
BTI_Delta-1,Q493R,-0.030906127765774727,0.003027571365237236
BTI_Delta-3,V213G,-0.031109556555747986,0.005492544732987881
Conv_WT-2,K147N,-0.031154971569776535,0.003744297893717885
Boost_Pfiz-2,Y473F,-0.031244471669197083,0.005747959949076176
Boost_Mod-3,V213G,-0.03195277228951454,0.005508303176611662
Boost_Mod-1,Q493R,-0.0320388562977314,0.0029829845298081636
BTI_Delta-3,Q493R,-0.03231927007436752,0.0030984303448349237
Boost_Mod-3,Q493R,-0.03319716081023216,0.003042073454707861
BTI_BA.1-3,L452R,-0.03332918509840965,0.0031443031039088964
Vac_Mod-2,M153S,-0.03490762412548065,0.008695614524185658
BTI_BA.1-2,V213G,-0.036261267960071564,0.00561931449919939
Bi-valent Boost,T19R,-0.0381956472992897,0.0042803785763680935
BTI_BA.1-2,Q493R,-0.038196928799152374,0.002983253449201584
Vac_Pfiz-2,M153S,-0.03837573900818825,0.00852455198764801
BTI_BA.1-1,V213G,-0.03921405225992203,0.005461431108415127
Boost_Mod-2,Q498Y,-0.0396634079515934,0.003935223910957575
Boost_Pfiz-1,V213G,-0.04028795659542084,0.005532051902264357
Vac_Pfiz-1,M153S,-0.04064865782856941,0.00852180365473032
BTI_BA.1-1,Q493R,-0.040805596858263016,0.0030212446581572294
BTI_BA.4/5,Q498Y,-0.04212702810764313,0.00391100998967886
Boost_Pfiz-1,Q493R,-0.042193703353405,0.002972379792481661
Conv_Delta,T19R,-0.0432053878903389,0.004177127964794636
Vac_Pfiz-3,M153S,-0.043773721903562546,0.008806945756077766
Boost_Pfiz-2,V213G,-0.04429490491747856,0.005338786635547876
Conv_WT-3,M153S,-0.04526624083518982,0.008501364849507809
Boost_Pfiz-2,Q493R,-0.04641417786478996,0.0030305394902825356
BTI_BA.1-3,T76I,-0.04691992327570915,0.0070463065057992935
BTI_Delta-2,Q498Y,-0.048204585909843445,0.003862485522404313
Conv_WT-2,M153S,-0.048407964408397675,0.008517364040017128
BTI_Delta-1,Q498Y,-0.04843897372484207,0.0039013444911688566
Boost_Mod-2,G339D,-0.05016009509563446,0.0042568389326334
Boost_Mod-1,Q498Y,-0.05030876398086548,0.0038634140510112047
BTI_Delta-3,Q498Y,-0.0508720763027668,0.003925406839698553
BTI_BA.1-3,T478K,-0.05171182006597519,0.007089139893651009
Boost_Mod-2,Q493S,-0.05188285931944847,0.005556500982493162
Boost_Mod-3,Q498Y,-0.05223201960325241,0.003760051215067506
BTI_BA.4/5,G339D,-0.05342686176300049,0.004075807053595781
Boost_Mod-2,K417V,-0.05432925000786781,0.004017665516585112
BTI_BA.1-3,Q493K,-0.05531826242804527,0.008213029243052006
BTI_BA.4/5,Q493S,-0.055363819003105164,0.005675951484590769
BTI_BA.1-3,S494R,-0.05545806884765625,0.002139538526535034
BTI_BA.4/5,K417V,-0.05792204290628433,0.003994649741798639
BTI_BA.1-2,Q498Y,-0.0601566880941391,0.003836441785097122
BTI_Delta-2,G339D,-0.06131846457719803,0.003975429106503725
Vac_Mod-2,T19R,-0.061966195702552795,0.004488292150199413
BTI_Delta-1,G339D,-0.0619954876601696,0.004320070613175631
BTI_Delta-2,Q493S,-0.06323414295911789,0.005595365539193153
BTI_Delta-1,Q493S,-0.06377749145030975,0.005492581985890865
BTI_BA.1-1,Q498Y,-0.0638793334364891,0.003856489434838295
Boost_Mod-1,G339D,-0.06420282274484634,0.004231278784573078
BTI_Delta-3,G339D,-0.06457887589931488,0.004180639050900936
Boost_Mod-2,L452R,-0.06486983597278595,0.0032080591190606356
BTI_Delta-2,K417V,-0.06583239883184433,0.0039059710688889027
Boost_Mod-1,Q493S,-0.06600682437419891,0.005339520983397961
Boost_Pfiz-1,Q498Y,-0.06617754697799683,0.003906997386366129
BTI_Delta-1,K417V,-0.06643754243850708,0.004005042370408773
Boost_Mod-3,G339D,-0.06647802889347076,0.004196632653474808
BTI_Delta-3,Q493S,-0.06687400490045547,0.005550602916628122
Vac_Pfiz-2,T19R,-0.0681646317243576,0.004431125707924366
Boost_Mod-3,Q493S,-0.06844329833984375,0.005658203735947609
Boost_Mod-1,K417V,-0.06882435828447342,0.004046053625643253
BTI_BA.4/5,L452R,-0.06914404779672623,0.0032393287401646376
BTI_Delta-3,K417V,-0.06957071274518967,0.0039086355827748775
Boost_Mod-3,K417V,-0.07141203433275223,0.004063420929014683
Vac_Pfiz-1,T19R,-0.07221166044473648,0.004783781711012125
Boost_Pfiz-2,Q498Y,-0.07298874855041504,0.003876993665471673
BTI_BA.1-2,G339D,-0.07681577652692795,0.0043218485079705715
Vac_Pfiz-3,T19R,-0.07795504480600357,0.004968568682670593
BTI_BA.1-2,Q493S,-0.0785912275314331,0.0057241348549723625
BTI_Delta-2,L452R,-0.07898715883493423,0.003254188457503915
BTI_Delta-1,L452R,-0.07978910207748413,0.003235037438571453
Conv_WT-3,T19R,-0.08062250912189484,0.004488051403313875
BTI_BA.1-1,G339D,-0.0815519392490387,0.00423496775329113
BTI_BA.1-2,K417V,-0.08199858665466309,0.004029070492833853
Boost_Mod-1,L452R,-0.08273755013942719,0.00316588394343853
BTI_Delta-3,L452R,-0.0832839235663414,0.0031898014713078737
BTI_BA.1-1,Q493S,-0.0838804766535759,0.005706046707928181
Boost_Pfiz-1,G339D,-0.08424986898899078,0.004291031509637833
Conv_WT-2,T19R,-0.08564726263284683,0.004817137494683266
Boost_Mod-3,L452R,-0.08575990796089172,0.003194589400663972
Boost_Pfiz-1,Q493S,-0.0868285670876503,0.0054461769759655
BTI_BA.1-1,K417V,-0.08780528604984283,0.003952988889068365
Boost_Pfiz-1,K417V,-0.09051380306482315,0.0040865205228328705
Boost_Mod-2,T76I,-0.09148863703012466,0.007106385659426451
Boost_Pfiz-2,G339D,-0.093328095972538,0.0041405693627893925
Boost_Pfiz-2,Q493S,-0.09570181369781494,0.005521813407540321
BTI_BA.4/5,T76I,-0.09727796167135239,0.00685433205217123
BTI_BA.1-2,L452R,-0.09869064390659332,0.0033187028020620346
Boost_Pfiz-2,K417V,-0.09986427426338196,0.003972786478698254
Boost_Mod-2,T478K,-0.10088203102350235,0.0069132917560637
BTI_BA.1-1,L452R,-0.10541889816522598,0.0033523174934089184
BTI_BA.4/5,T478K,-0.1078423336148262,0.006707185413688421
Boost_Mod-2,Q493K,-0.10801702737808228,0.007853345014154911
Boost_Mod-2,S494R,-0.10819699615240097,0.002150321379303932
Boost_Pfiz-1,L452R,-0.10861057043075562,0.003226078348234296
BTI_Delta-2,T76I,-0.11178366839885712,0.007068566512316465
BTI_Delta-1,T76I,-0.11261817067861557,0.007258122321218252
BTI_BA.4/5,Q493K,-0.1150006353855133,0.007920644246041775
BTI_BA.4/5,S494R,-0.11531215906143188,0.002125523053109646
Boost_Mod-1,T76I,-0.11632987856864929,0.007138238754123449
BTI_Delta-3,T76I,-0.11769469082355499,0.007490022107958794
Boost_Pfiz-2,L452R,-0.12015146762132645,0.0031635232735425234
Boost_Mod-3,T76I,-0.12101300805807114,0.007245849817991257
BTI_Delta-2,T478K,-0.12265259027481079,0.007051175460219383
BTI_Delta-1,T478K,-0.1240643560886383,0.006780143827199936
Boost_Mod-1,T478K,-0.1284116953611374,0.006819638889282942
BTI_Delta-3,T478K,-0.12948504090309143,0.006852589547634125
BTI_Delta-2,S494R,-0.13158120214939117,0.002168085891753435
BTI_Delta-2,Q493K,-0.1316138058900833,0.008096513338387012
BTI_Delta-1,Q493K,-0.13272766768932343,0.007931915111839771
BTI_Delta-1,S494R,-0.13282275199890137,0.0020828654523938894
Boost_Mod-3,T478K,-0.13296864926815033,0.0069285486824810505
Boost_Mod-1,Q493K,-0.137649804353714,0.007986819371581078
Boost_Mod-1,S494R,-0.13771218061447144,0.002142741344869137
BTI_Delta-3,Q493K,-0.13863566517829895,0.007996870204806328
BTI_Delta-3,S494R,-0.1388625204563141,0.002161257667466998
BTI_BA.1-2,T76I,-0.1390855759382248,0.006832659710198641
Boost_Mod-3,S494R,-0.1427149921655655,0.0022039839532226324
Boost_Mod-3,Q493K,-0.14304473996162415,0.007954588159918785
BTI_BA.1-1,T76I,-0.14843076467514038,0.007021480239927769
Boost_Pfiz-1,T76I,-0.1531980037689209,0.006945602595806122
BTI_BA.1-2,T478K,-0.15333443880081177,0.00715941796079278
BTI_BA.1-1,T478K,-0.16377095878124237,0.007053645793348551
BTI_BA.1-2,Q493K,-0.16403011977672577,0.008079889230430126
BTI_BA.1-2,S494R,-0.1642114222049713,0.0022378151770681143
Boost_Pfiz-1,T478K,-0.16857394576072693,0.007188707124441862
Boost_Pfiz-2,T76I,-0.16968917846679688,0.0070589324459433556
BTI_BA.1-1,Q493K,-0.1749415248632431,0.008098894730210304
BTI_BA.1-1,S494R,-0.17525669932365417,0.002120686462149024
Boost_Pfiz-1,Q493K,-0.18063870072364807,0.007997896522283554
Boost_Pfiz-1,S494R,-0.18083199858665466,0.0021498019341379404
Boost_Pfiz-2,T478K,-0.18672247231006622,0.0067114150151610374
Boost_Pfiz-2,S494R,-0.19986769556999207,0.0021635096054524183
Boost_Pfiz-2,Q493K,-0.19994328916072845,0.008212587796151638
