Mutation,Mean,Std,N
K417V,0.31645784,0.0308260928962333,175.0
S155R,0.21668677,0.05619040316440111,282.0
T478K,0.21498261,0.018184517464667906,46.0
G339H,0.13153273,0.04396208963469549,23.0
S704L,0.07107249,0.02340604456768852,61.0
D950N,0.06276674,0.024287267300299314,1380.0
P681R,0.05605558,0.02119743223685284,21.0
S982A,0.054445695,0.01020559194209596,804.0
T19I,0.048502658,0.04390677492819726,267.0
E156G,0.047511864,0.023523978110726304,23.0
A570D,0.046751894,0.011435687769757329,1401.0
R158del,0.04599272,0.02160371706998844,367.0
D1118H,0.041873228,0.010019194562572002,1178.0
T716I,0.041542955,0.011117142555584105,23.0
F157del,0.04104915,0.02404192157189886,23.0
H69del,0.034837864,0.0357183011367455,1401.0
A27S,0.031163186,0.026824801069565734,23.0
V70del,0.028590214,0.03462935043635953,367.0
Q493K,0.026885899,0.01156386701480766,1380.0
L24del,0.014579276,0.02516078790142406,23.0
T95I,0.009128217,0.016104284079044618,1401.0
V213G,0.009097477,0.030154682198884345,21.0
L212I,0.0067611006,0.016795475757105282,23.0
G252V,0.0066129374,0.015301525515423733,44.0
N856K,0.006516774,0.017760753750183714,23.0
V143del,0.005241431,0.015412544419816643,1424.0
T20N,0.0026490032,0.011102282106597623,21.0
D138Y,0.0023713724,0.009265546953359053,367.0
T547K,0.0020932727,0.014576174655110942,367.0
R190S,0.001958693,0.0091473755587356,21.0
Y145del,0.0008635961,0.0170030126964179,257.0
Rins214EPE,-0.00014250116,0.016027214878698952,23.0
A67V,-0.0008446137,0.016273536374652984,395.0
F486V,-0.0011537101,0.033041219571573834,21.0
L981F,-0.0014690352,0.018624242159320507,1401.0
T1027I,-0.002826987,0.01003361659014116,1380.0
P26S,-0.003277499,0.008819132229943072,22.0
L452Q,-0.003853027,0.026185916193431965,189.0
G496S,-0.006397772,0.016338731392841116,23.0
N211del,-0.0068750647,0.01735066560032587,395.0
K417T,-0.008845673,0.01053648279486616,1470.0
V445E,-0.010355644,0.03946844125133444,23.0
S371L,-0.01117619,0.015283973163094508,367.0
Q498Y,-0.0143742915,0.03804186260899096,19.0
F490R,-0.023510307,0.03820553900878082,55.0
G142D,-0.023969214,0.013322827829449223,1401.0
P681H,-0.028897595,0.02561245406339693,276.0
N481T,-0.033385858,0.02422269702535045,395.0
M153S,-0.037837766,0.028534236623390226,46.0
Q498R,-0.045304317,0.045014179401474834,23.0
D796Y,-0.05399115,0.03040534099414874,293.0
S371F,-0.055166785,0.020325990509122094,21.0
T376A,-0.057201322,0.01980345349118794,1295.0
S373P,-0.058669463,0.02985698736830036,783.0
S375F,-0.058797274,0.028623029608463336,1401.0
F157L,-0.059303023,0.04193517104792955,23.0
Q954H,-0.060295604,0.03014549174551768,109.0
R346K,-0.061446905,0.054982907286230315,1424.0
N969K,-0.062189974,0.028661897954968832,297.0
D405N,-0.062336847,0.02039142760505514,23.0
S477N,-0.063828915,0.03069281974316523,23.0
P25del,-0.06615751,0.02123746645531602,1401.0
N679K,-0.067152016,0.028475184283497088,21.0
R408S,-0.067804985,0.021314275934774866,77.0
H655Y,-0.068240896,0.03572576389575054,23.0
P26del,-0.06956436,0.02075201305649549,1401.0
Y505H,-0.07003769,0.03021433883991234,21.0
N764K,-0.07192781,0.026680711211758707,417.0
W152R,-0.07227106,0.04059121262090477,326.0
T19R,-0.07272256,0.04592840507101809,23.0
Q183E,-0.07287043,0.04112630059037984,23.0
N440K,-0.073452,0.02940636270620432,339.0
E484A,-0.07380387,0.029575548639196467,411.0
T76I,-0.0772587,0.026850062892282527,950.0
G257S,-0.07944176,0.041243954133471344,1401.0
Q493S,-0.07967656,0.011807563276525265,620.0
V213E,-0.08506245,0.023193443774986628,65.0
L241del,-0.08562993,0.019668647361897707,74.0
L242del,-0.087131806,0.020416834222475568,1380.0
A243del,-0.08725872,0.018611809937103256,39.0
L18F,-0.08863637,0.027733821501086636,451.0
I210V,-0.08902157,0.04005255528953609,202.0
D215G,-0.089035936,0.018578629181626484,21.0
A27L,-0.09181946,0.02141636241504922,1401.0
E484K,-0.09963922,0.028899470030608203,899.0
D80A,-0.099788904,0.020676575832275258,23.0
K147E,-0.100698166,0.03199811284830054,21.0
A701V,-0.10137716,0.01962189469502513,1297.0
N501Y,-0.12121692,0.04930064547780117,23.0
Q183V,-0.12393241,0.027375400103982036,326.0
K529L,-0.12830597,0.05653119989840888,1326.0
Y473F,-0.13543703,0.036656159618859104,1380.0
Y144del,-0.1590537,0.05032276814313952,21.0
F486P,-0.16070229,0.018096049401274333,267.0
V445P,-0.16637686,0.05463570183332753,21.0
Q493R,-0.18930055,0.053755479948556915,1447.0
G339D,-0.19318503,0.03726108832573146,312.0
K147N,-0.19445357,0.024366425020074994,313.0
H146Q,-0.19865504,0.060688631138069195,1357.0
V83A,-0.19907403,0.05944521486070947,83.0
F490S,-0.20677005,0.06042896221473546,1424.0
L368I,-0.2115919,0.056362025726069895,395.0
R346T,-0.22629882,0.05439191373864247,23.0
N460K,-0.2346826,0.05515191254553379,319.0
S494R,-0.25174332,0.06454369696517438,1357.0
G446S,-0.2611405,0.035084509957041335,533.0
K417N,-0.31977883,0.0529227028564251,1401.0
K444T,-0.45102298,0.05409482160746567,1380.0
L452R,-0.4538531,0.10156774402201794,127.0
F486S,-0.49596664,0.09184903438430998,23.0
