Mutation,Pool,Mean Effect,N
S155R,BTI_BA.4/5,-0.5170353,10.0
S155R,BTI_BA.1,-0.5050666,30.0
S155R,Vac_Pfiz,-0.46311846,12.0
S155R,Conv_Delta,-0.44083658,10.0
S155R,Vac_Mod,-0.4371876,12.0
S155R,Bi-valent Boost,-0.4324291,10.0
S155R,Boost_Pfiz,-0.4308438,13.0
S155R,Conv_WT,-0.42923668,22.0
S155R,BTI_Delta,-0.42320386,30.0
S155R,BTI_BA.2.12.1,-0.41814017,10.0
S155R,Boost_Mod,-0.38489655,30.0
G339H,Boost_Pfiz,-0.28864706,44.0
G339H,Bi-valent Boost,-0.28529418,23.0
G339H,Boost_Mod,-0.27128226,69.0
G339H,BTI_BA.2.12.1,-0.264389,23.0
K417V,BTI_BA.2.12.1,-0.26033723,8.0
G339H,Vac_Mod,-0.26022214,32.0
G339H,BTI_BA.1,-0.25401163,69.0
G339H,BTI_Delta,-0.251615,69.0
K417V,Boost_Mod,-0.24125546,24.0
K417V,Vac_Pfiz,-0.23636831,15.0
K417V,Conv_WT,-0.23305027,24.0
K417V,BTI_Delta,-0.23300554,24.0
K417V,Bi-valent Boost,-0.23278709,8.0
K417V,Vac_Mod,-0.23243292,16.0
G339H,Conv_WT,-0.22994938,54.0
K417V,Boost_Pfiz,-0.22454594,16.0
K417V,Conv_Delta,-0.22344737,8.0
G339H,Conv_Delta,-0.219509,23.0
G339H,BTI_BA.4/5,-0.21631509,23.0
S704L,Vac_Mod,-0.21574402,28.0
T478K,BTI_BA.2.12.1,-0.20785901,70.0
S704L,Boost_Mod,-0.20531493,42.0
T478K,Vac_Mod,-0.2037162,116.0
K417V,BTI_BA.4/5,-0.2023556,8.0
S704L,BTI_Delta,-0.20183387,42.0
T478K,Conv_Delta,-0.20118134,70.0
K417V,BTI_BA.1,-0.20070328,24.0
T478K,BTI_Delta,-0.20016478,210.0
T478K,Boost_Pfiz,-0.19983572,132.0
T478K,Bi-valent Boost,-0.19661571,70.0
S704L,Conv_Delta,-0.19654515,14.0
T478K,Boost_Mod,-0.19595474,210.0
G339H,Vac_Pfiz,-0.19251852,22.0
S704L,Conv_WT,-0.19231431,42.0
S704L,Boost_Pfiz,-0.19182782,28.0
T478K,BTI_BA.1,-0.18675196,210.0
S704L,BTI_BA.2.12.1,-0.18560189,14.0
T478K,BTI_BA.4/5,-0.18410598,70.0
S704L,Bi-valent Boost,-0.18399031,14.0
S704L,Vac_Pfiz,-0.1774731,33.0
T478K,Vac_Pfiz,-0.17688458,105.0
S704L,BTI_BA.1,-0.16873182,42.0
T478K,Conv_WT,-0.16833372,184.0
S704L,BTI_BA.4/5,-0.15191472,14.0
V213G,Vac_Mod,-0.13595268,100.0
V213G,Conv_Delta,-0.13337827,56.0
V213G,Boost_Mod,-0.11677975,168.0
V213G,Conv_WT,-0.11462775,155.0
V213G,BTI_Delta,-0.11360624,168.0
T19I,Boost_Pfiz,-0.1115234,123.0
V213G,Bi-valent Boost,-0.10401517,56.0
V213G,BTI_BA.4/5,-0.10132337,56.0
V213G,Boost_Pfiz,-0.10008727,106.0
T19I,Conv_Delta,-0.09412626,64.0
T19I,Bi-valent Boost,-0.09297072,64.0
T19I,BTI_BA.2.12.1,-0.091177784,64.0
T19I,Boost_Mod,-0.08582315,192.0
T19I,Vac_Mod,-0.08556702,107.0
V70del,Conv_Delta,-0.08520637,15.0
V213G,BTI_BA.2.12.1,-0.08036625,56.0
H69del,Conv_Delta,-0.07413311,15.0
L24del,Boost_Pfiz,-0.07178528,124.0
V213G,Vac_Pfiz,-0.06865721,89.0
L24del,Conv_Delta,-0.0683444,66.0
F486V,Conv_Delta,-0.068215884,13.0
V213G,BTI_BA.1,-0.06794968,168.0
T19I,BTI_Delta,-0.06661183,192.0
G252V,Boost_Mod,-0.06587287,6.0
D950N,BTI_BA.1,-0.06286162,3.0
L24del,Vac_Mod,-0.060128503,108.0
D950N,Conv_WT,-0.060044676,3.0
A27S,Bi-valent Boost,-0.059486005,63.0
P681R,BTI_BA.1,-0.05817074,3.0
A27S,Vac_Mod,-0.056730047,103.0
A27S,Boost_Pfiz,-0.056616254,118.0
G252V,Conv_WT,-0.05635705,4.0
D950N,Vac_Pfiz,-0.055114705,3.0
G252V,Boost_Pfiz,-0.054986328,4.0
G252V,BTI_Delta,-0.054959454,6.0
L24del,BTI_BA.4/5,-0.05469613,66.0
F157del,BTI_BA.1,-0.054615516,3.0
D950N,BTI_BA.2.12.1,-0.054004334,1.0
P681R,Vac_Pfiz,-0.05220879,3.0
P681R,Conv_WT,-0.05192282,3.0
G252V,BTI_BA.2.12.1,-0.051716786,2.0
V70del,BTI_Delta,-0.05149651,45.0
L24del,Bi-valent Boost,-0.05143369,66.0
L24del,BTI_Delta,-0.051268365,198.0
A27S,Conv_Delta,-0.05109547,63.0
P681R,BTI_BA.2.12.1,-0.050943397,1.0
A27S,Boost_Mod,-0.0507655,189.0
Q498R,Bi-valent Boost,-0.050399434,66.0
T19I,Conv_WT,-0.05027596,169.0
F157del,Conv_WT,-0.048715513,3.0
E156G,BTI_BA.1,-0.048154417,3.0
F157del,Vac_Pfiz,-0.04812837,3.0
V70del,BTI_BA.4/5,-0.047962993,15.0
F157del,BTI_BA.2.12.1,-0.047323707,1.0
G252V,Vac_Pfiz,-0.046590168,2.0
G252V,Bi-valent Boost,-0.046245527,2.0
V70del,BTI_BA.2.12.1,-0.04605717,15.0
G252V,Vac_Mod,-0.04604289,3.0
L24del,Boost_Mod,-0.0458308,198.0
G252V,Conv_Delta,-0.04565298,2.0
E156G,Conv_WT,-0.045172837,3.0
G252V,BTI_BA.1,-0.044561647,6.0
P681R,BTI_BA.4/5,-0.044235818,1.0
A27S,BTI_Delta,-0.04411125,189.0
A27S,BTI_BA.2.12.1,-0.043269098,63.0
D950N,BTI_BA.4/5,-0.04276371,1.0
Q498R,Conv_Delta,-0.04245834,66.0
V70del,Conv_WT,-0.04241591,45.0
E156G,Vac_Pfiz,-0.04219011,3.0
F486V,BTI_BA.4/5,-0.041829456,13.0
R158del,BTI_BA.1,-0.04160678,3.0
E156G,BTI_BA.2.12.1,-0.0413433,1.0
G252V,BTI_BA.4/5,-0.04087653,2.0
N211del,Bi-valent Boost,-0.04052947,1.0
L24del,BTI_BA.1,-0.040106215,198.0
H69del,BTI_Delta,-0.03959692,45.0
R158del,Vac_Pfiz,-0.038495738,3.0
R158del,Conv_WT,-0.03816418,3.0
F157del,BTI_BA.4/5,-0.037959564,1.0
L24del,BTI_BA.2.12.1,-0.03788869,66.0
H69del,BTI_BA.2.12.1,-0.03745115,15.0
T19I,BTI_BA.4/5,-0.03709755,64.0
H69del,BTI_BA.4/5,-0.037049107,15.0
A27S,BTI_BA.4/5,-0.036702666,63.0
E156G,BTI_BA.4/5,-0.03610323,1.0
D950N,Boost_Pfiz,-0.036065076,2.0
D950N,Boost_Mod,-0.035514567,3.0
A67V,Bi-valent Boost,-0.035173506,1.0
P681R,Boost_Mod,-0.034765374,3.0
V70del,Vac_Pfiz,-0.033435035,26.0
D950N,BTI_Delta,-0.03245542,3.0
P681R,Boost_Pfiz,-0.032273237,2.0
D950N,Vac_Mod,-0.032138992,2.0
L981F,Bi-valent Boost,-0.031643793,1.0
Y145del,Bi-valent Boost,-0.0316334,1.0
G496S,Bi-valent Boost,-0.030950297,1.0
R158del,BTI_BA.2.12.1,-0.03090533,1.0
T716I,Conv_WT,-0.03073112,3.0
Q498R,Boost_Pfiz,-0.030383844,124.0
P681R,Vac_Mod,-0.030374637,2.0
F157del,Boost_Mod,-0.030082712,3.0
N211del,BTI_Delta,-0.02960216,3.0
T19I,BTI_BA.1,-0.02937858,192.0
H69del,Conv_WT,-0.029287076,45.0
S371L,Bi-valent Boost,-0.029002054,1.0
E156G,Boost_Mod,-0.028782832,3.0
K529L,BTI_BA.1,-0.028416058,63.0
V70del,Boost_Mod,-0.028389648,45.0
T95I,Bi-valent Boost,-0.028056538,1.0
D950N,Conv_Delta,-0.027691675,1.0
P681R,Conv_Delta,-0.027651967,1.0
P681R,BTI_Delta,-0.027291821,3.0
V70del,Boost_Pfiz,-0.027062725,30.0
Q498R,BTI_BA.4/5,-0.02691406,66.0
V70del,Vac_Mod,-0.026903683,30.0
Rins214EPE,Bi-valent Boost,-0.026794208,1.0
N856K,Bi-valent Boost,-0.026594754,1.0
Y145del,BTI_Delta,-0.026451724,3.0
F157del,Vac_Mod,-0.026292652,2.0
T716I,BTI_BA.2.12.1,-0.026177472,1.0
Q498R,Vac_Mod,-0.026077706,108.0
A67V,BTI_BA.2.12.1,-0.025982382,1.0
T716I,BTI_BA.1,-0.025717588,3.0
A67V,BTI_Delta,-0.025690226,3.0
T716I,BTI_Delta,-0.025646176,3.0
N211del,BTI_BA.2.12.1,-0.025437685,1.0
A67V,Boost_Mod,-0.025365729,3.0
V445E,Bi-valent Boost,-0.02533086,4.0
R158del,BTI_BA.4/5,-0.025129408,1.0
F157del,Conv_Delta,-0.02496998,1.0
F157del,Boost_Pfiz,-0.024784591,2.0
A27S,BTI_BA.1,-0.024722653,189.0
Q498R,BTI_BA.2.12.1,-0.02465101,66.0
N211del,Vac_Mod,-0.024561144,2.0
D950N,Bi-valent Boost,-0.024440857,1.0
N211del,Boost_Mod,-0.024260305,3.0
S982A,Conv_WT,-0.02393993,3.0
F486V,Conv_WT,-0.023928696,39.0
L981F,BTI_Delta,-0.023893496,3.0
T716I,Vac_Pfiz,-0.023549147,3.0
T716I,Boost_Mod,-0.02345794,3.0
E156G,Boost_Pfiz,-0.023192873,2.0
H69del,Boost_Mod,-0.022707412,45.0
Y145del,Boost_Mod,-0.022707285,3.0
V70del,Bi-valent Boost,-0.022617554,15.0
A67V,Vac_Mod,-0.022332061,2.0
N211del,Conv_Delta,-0.022326415,1.0
P681R,Bi-valent Boost,-0.022229046,1.0
T716I,Vac_Mod,-0.0221128,2.0
N211del,Boost_Pfiz,-0.02209713,2.0
F157del,BTI_Delta,-0.022018272,3.0
T547K,Bi-valent Boost,-0.020944798,1.0
T95I,Boost_Mod,-0.020681499,3.0
Rins214EPE,BTI_Delta,-0.020531604,3.0
N211del,Vac_Pfiz,-0.020382924,1.0
E156G,Vac_Mod,-0.020154398,2.0
T19I,Vac_Pfiz,-0.02010476,95.0
Y145del,BTI_BA.2.12.1,-0.020017445,1.0
F157del,Bi-valent Boost,-0.019999677,1.0
N856K,BTI_Delta,-0.019972289,3.0
T716I,Conv_Delta,-0.01965465,1.0
Rins214EPE,Boost_Mod,-0.019598223,3.0
S371L,BTI_Delta,-0.019163987,3.0
F486V,BTI_Delta,-0.018946411,39.0
Y145del,Vac_Mod,-0.018889347,2.0
S371L,BTI_BA.2.12.1,-0.018842103,1.0
S371L,Boost_Mod,-0.018648723,3.0
L981F,BTI_BA.2.12.1,-0.018645128,1.0
E156G,Conv_Delta,-0.018270621,1.0
A570D,Conv_WT,-0.018241659,3.0
L24del,Conv_WT,-0.018122949,172.0
G496S,Boost_Mod,-0.018085595,3.0
G496S,BTI_Delta,-0.017926559,3.0
S371L,Vac_Mod,-0.017810127,2.0
H69del,Vac_Pfiz,-0.017793937,26.0
N856K,Boost_Mod,-0.017544983,3.0
A570D,BTI_BA.2.12.1,-0.017446965,1.0
Q498R,Vac_Pfiz,-0.01739975,95.0
T95I,BTI_Delta,-0.017304154,3.0
L981F,Vac_Mod,-0.017231729,2.0
T716I,Bi-valent Boost,-0.017135885,1.0
E156G,BTI_Delta,-0.017109916,3.0
Q183E,BTI_BA.1,-0.017052643,51.0
R158del,Boost_Mod,-0.017030863,3.0
N856K,Vac_Mod,-0.016945085,2.0
V143del,Bi-valent Boost,-0.016815806,1.0
D1118H,Conv_WT,-0.016801963,3.0
L981F,Boost_Mod,-0.016782073,3.0
A67V,Conv_Delta,-0.016347704,1.0
S982A,BTI_BA.1,-0.016295139,3.0
S982A,BTI_BA.2.12.1,-0.01623358,1.0
A67V,Boost_Pfiz,-0.01600316,2.0
H69del,Vac_Mod,-0.015933214,30.0
F486V,BTI_BA.2.12.1,-0.015693745,13.0
Rins214EPE,BTI_BA.2.12.1,-0.015654322,1.0
S982A,BTI_Delta,-0.01555563,3.0
N856K,BTI_BA.2.12.1,-0.015515561,1.0
S982A,Vac_Pfiz,-0.015495929,3.0
E156G,Bi-valent Boost,-0.015454433,1.0
G496S,BTI_BA.2.12.1,-0.015215065,1.0
Q498R,Boost_Mod,-0.015165411,198.0
A67V,Vac_Pfiz,-0.01499578,1.0
Rins214EPE,Vac_Mod,-0.014934082,2.0
G496S,Vac_Mod,-0.014744505,2.0
T716I,Boost_Pfiz,-0.01453418,2.0
T95I,BTI_BA.2.12.1,-0.014517736,1.0
F486V,Boost_Pfiz,-0.014188339,26.0
S371L,Vac_Pfiz,-0.014116333,1.0
S982A,Boost_Mod,-0.014115035,3.0
T95I,Vac_Mod,-0.014040509,2.0
Q498R,BTI_Delta,-0.014036458,198.0
T547K,BTI_Delta,-0.013909447,3.0
L981F,Boost_Pfiz,-0.013619048,2.0
Y145del,Boost_Pfiz,-0.013500385,2.0
T95I,Boost_Pfiz,-0.01328925,2.0
A570D,Boost_Mod,-0.013273526,3.0
R158del,Vac_Mod,-0.013044678,2.0
S371L,Boost_Pfiz,-0.012945589,2.0
A570D,Vac_Pfiz,-0.012773061,3.0
T716I,BTI_BA.4/5,-0.01252934,1.0
H69del,Boost_Pfiz,-0.012138052,30.0
R158del,Boost_Pfiz,-0.01206216,2.0
A570D,BTI_Delta,-0.012054141,3.0
D1118H,Vac_Pfiz,-0.0118895555,3.0
T547K,BTI_BA.2.12.1,-0.01184969,1.0
S982A,Vac_Mod,-0.011780665,2.0
L981F,Vac_Pfiz,-0.011654884,1.0
N211del,BTI_BA.4/5,-0.01159675,1.0
L24del,Vac_Pfiz,-0.011347882,95.0
Rins214EPE,Vac_Pfiz,-0.011086972,1.0
F486V,Vac_Pfiz,-0.0109770745,22.0
Y145del,Vac_Pfiz,-0.010970611,1.0
Rins214EPE,Conv_Delta,-0.0108840205,1.0
G496S,Boost_Pfiz,-0.010798034,2.0
S982A,Conv_Delta,-0.010776142,1.0
S371L,Conv_Delta,-0.010675732,1.0
A570D,BTI_BA.1,-0.010567847,3.0
R158del,BTI_Delta,-0.010305373,3.0
M153S,Conv_WT,-0.009973879,40.0
Y145del,Conv_Delta,-0.009941042,1.0
A570D,Conv_Delta,-0.009859764,1.0
T95I,Vac_Pfiz,-0.009722311,1.0
D1118H,BTI_BA.2.12.1,-0.009616759,1.0
N856K,Boost_Pfiz,-0.009493016,2.0
L981F,Conv_Delta,-0.009279204,1.0
Rins214EPE,Boost_Pfiz,-0.00907772,2.0
N211del,BTI_BA.1,-0.008945744,3.0
T95I,Conv_Delta,-0.00889162,1.0
S982A,Bi-valent Boost,-0.008775603,1.0
G496S,Conv_Delta,-0.008652279,1.0
T547K,Vac_Mod,-0.008524736,2.0
N856K,Conv_Delta,-0.008249978,1.0
T547K,Boost_Mod,-0.008119851,3.0
D1118H,Bi-valent Boost,-0.007901583,1.0
L212I,Bi-valent Boost,-0.007822773,1.0
V143del,BTI_Delta,-0.0077352934,3.0
G496S,Vac_Pfiz,-0.0077095698,1.0
A570D,Vac_Mod,-0.0075914795,2.0
R158del,Bi-valent Boost,-0.0074928724,1.0
T547K,Boost_Pfiz,-0.007313939,2.0
R158del,Conv_Delta,-0.007221533,1.0
A67V,BTI_BA.4/5,-0.00706084,1.0
D1118H,BTI_BA.1,-0.006845595,3.0
F486V,Vac_Mod,-0.0068408623,26.0
N856K,Vac_Pfiz,-0.006693525,1.0
D1118H,BTI_Delta,-0.006648246,3.0
D1118H,Boost_Mod,-0.0066124704,3.0
A570D,Bi-valent Boost,-0.006544683,1.0
A67V,BTI_BA.1,-0.0061800363,3.0
N211del,Conv_WT,-0.0061089997,3.0
D1118H,Vac_Mod,-0.006037591,2.0
H69del,Bi-valent Boost,-0.0060333903,15.0
Y145del,BTI_BA.4/5,-0.005735078,1.0
A27S,Vac_Pfiz,-0.00540754,93.0
Q498R,BTI_BA.1,-0.0051138545,198.0
D1118H,Conv_Delta,-0.005048226,1.0
V143del,Boost_Mod,-0.004949704,3.0
T547K,Vac_Pfiz,-0.004791419,1.0
V143del,BTI_BA.2.12.1,-0.004535305,1.0
T547K,Conv_Delta,-0.0042392164,1.0
A67V,Conv_WT,-0.0041400003,3.0
F486V,Boost_Mod,-0.003948525,39.0
S371L,BTI_BA.4/5,-0.003607306,1.0
S982A,Boost_Pfiz,-0.0032922588,2.0
S371L,Conv_WT,-0.0032825149,3.0
S982A,BTI_BA.4/5,-0.003268945,1.0
D1118H,Boost_Pfiz,-0.003048169,2.0
V445E,BTI_BA.1,-0.0030045344,12.0
L981F,BTI_BA.4/5,-0.0024397087,1.0
M153S,Conv_Delta,-0.002257975,14.0
V143del,Vac_Mod,-0.002238366,2.0
Rins214EPE,BTI_BA.4/5,-0.002021196,1.0
A570D,Boost_Pfiz,-0.0018248364,2.0
N856K,Conv_WT,-0.0016924639,3.0
G496S,BTI_BA.4/5,-0.0015374117,1.0
Y145del,Conv_WT,-0.0011348774,3.0
A570D,BTI_BA.4/5,-0.0009978082,1.0
L212I,BTI_Delta,-0.0007882637,3.0
L981F,Conv_WT,-0.0007820386,3.0
L981F,BTI_BA.1,-0.00069446256,3.0
N856K,BTI_BA.4/5,-0.0006741012,1.0
V143del,Boost_Pfiz,-2.324028e-05,2.0
S371L,BTI_BA.1,0.00035150404,3.0
V143del,Conv_Delta,0.00045411836,1.0
Y145del,BTI_BA.1,0.0005117928,3.0
L212I,BTI_BA.2.12.1,0.0005861418,1.0
N856K,BTI_BA.1,0.0014373525,3.0
Rins214EPE,BTI_BA.1,0.0014611433,3.0
Rins214EPE,Conv_WT,0.0017383065,3.0
T95I,BTI_BA.4/5,0.002047768,1.0
T95I,BTI_BA.1,0.0022859352,3.0
M153S,Boost_Pfiz,0.002305436,28.0
D1118H,BTI_BA.4/5,0.0025616002,1.0
V143del,Vac_Pfiz,0.002625549,1.0
G496S,BTI_BA.1,0.0034446712,3.0
G496S,Conv_WT,0.0036526462,3.0
L212I,Boost_Mod,0.004295963,3.0
A27S,Conv_WT,0.0046912474,164.0
G142D,Boost_Pfiz,0.004862643,130.0
N481T,BTI_Delta,0.0056674955,18.0
L212I,Boost_Pfiz,0.0058949194,2.0
T547K,Conv_WT,0.006165256,3.0
G142D,Conv_Delta,0.006890225,69.0
T95I,Conv_WT,0.006945285,3.0
L212I,Vac_Mod,0.0070585664,2.0
T547K,BTI_BA.1,0.0071974183,3.0
G142D,Vac_Mod,0.00804898,114.0
V445E,BTI_BA.2.12.1,0.008738239,4.0
T547K,BTI_BA.4/5,0.008839208,1.0
L212I,Conv_Delta,0.008937319,1.0
G142D,BTI_BA.2.12.1,0.010083741,69.0
L212I,Vac_Pfiz,0.0107923485,1.0
V70del,BTI_BA.1,0.01127014,45.0
T1027I,Bi-valent Boost,0.012230055,1.0
G142D,Bi-valent Boost,0.012357034,69.0
V445E,Conv_Delta,0.012440243,4.0
V143del,BTI_BA.4/5,0.01249568,1.0
T1027I,Boost_Pfiz,0.013115509,2.0
N481T,Conv_WT,0.013966916,17.0
F486V,Bi-valent Boost,0.014452873,13.0
G142D,Boost_Mod,0.014865744,207.0
V143del,Conv_WT,0.015089136,3.0
M153S,Vac_Mod,0.015393427,26.0
N481T,Conv_Delta,0.015406391,6.0
K529L,BTI_BA.4/5,0.016118668,21.0
L212I,BTI_BA.4/5,0.01642798,1.0
T1027I,Vac_Mod,0.017246976,2.0
T20N,Bi-valent Boost,0.01746136,1.0
V143del,BTI_BA.1,0.017583124,3.0
V445E,BTI_BA.4/5,0.017650161,4.0
P26S,Boost_Pfiz,0.017953224,2.0
V445E,Vac_Pfiz,0.018023679,4.0
D138Y,Boost_Pfiz,0.018047528,2.0
D138Y,Bi-valent Boost,0.018140119,1.0
E484A,Boost_Pfiz,0.01823326,128.0
M153S,BTI_Delta,0.018338652,42.0
G142D,BTI_Delta,0.01844355,207.0
T1027I,BTI_Delta,0.018463098,3.0
N481T,BTI_BA.4/5,0.018764302,6.0
N481T,Boost_Pfiz,0.019112043,12.0
D138Y,Conv_WT,0.01912507,3.0
E484A,Vac_Mod,0.019133676,112.0
P26S,Bi-valent Boost,0.019168083,1.0
E484A,Conv_Delta,0.019189868,68.0
G142D,BTI_BA.1,0.019477135,207.0
T1027I,Boost_Mod,0.019496668,3.0
T1027I,Conv_WT,0.019735994,3.0
P26S,Vac_Mod,0.019821597,2.0
K417T,Boost_Pfiz,0.019989027,2.0
K417T,Bi-valent Boost,0.020088514,1.0
T1027I,BTI_BA.4/5,0.020371856,1.0
T20N,Boost_Pfiz,0.020495402,2.0
E484A,Bi-valent Boost,0.020750957,68.0
F486V,BTI_BA.1,0.020876335,39.0
G142D,BTI_BA.4/5,0.020919068,69.0
T1027I,BTI_BA.2.12.1,0.020990526,1.0
D138Y,Vac_Mod,0.021080557,2.0
Q183E,BTI_BA.4/5,0.021110607,17.0
M153S,BTI_BA.4/5,0.02116834,14.0
Y505H,Conv_Delta,0.021341851,68.0
T1027I,Conv_Delta,0.022020679,1.0
T1027I,Vac_Pfiz,0.022870889,3.0
L212I,Conv_WT,0.0229052,3.0
T20N,Vac_Mod,0.022979235,2.0
Y505H,Bi-valent Boost,0.02323397,68.0
T20N,Conv_WT,0.023413595,3.0
T20N,BTI_BA.2.12.1,0.023467502,1.0
K417T,Conv_WT,0.023806648,3.0
T20N,BTI_Delta,0.024346365,3.0
D138Y,BTI_Delta,0.024480194,3.0
K417T,Vac_Mod,0.024542656,2.0
N679K,Bi-valent Boost,0.02455462,68.0
D138Y,BTI_BA.4/5,0.024765993,1.0
P26S,Boost_Mod,0.02478037,3.0
Y505H,Boost_Pfiz,0.02486578,128.0
D138Y,Boost_Mod,0.024946649,3.0
P26S,Conv_WT,0.024956385,3.0
T20N,Boost_Mod,0.025297994,3.0
R190S,Bi-valent Boost,0.025341054,1.0
D138Y,Conv_Delta,0.025488649,1.0
P26S,BTI_BA.2.12.1,0.025620854,1.0
S375F,Bi-valent Boost,0.026014138,68.0
D138Y,Vac_Pfiz,0.026152574,3.0
D138Y,BTI_BA.2.12.1,0.026158942,1.0
K417T,BTI_BA.2.12.1,0.026294513,1.0
N679K,Boost_Pfiz,0.026403481,128.0
H69del,BTI_BA.1,0.026484262,45.0
L212I,BTI_BA.1,0.026523078,3.0
T20N,Conv_Delta,0.026655048,1.0
M153S,Bi-valent Boost,0.026836725,14.0
Y505H,Vac_Mod,0.026868504,112.0
T20N,BTI_BA.4/5,0.02713078,1.0
P26S,Conv_Delta,0.027146352,1.0
N481T,Boost_Mod,0.027275927,18.0
P26S,Vac_Pfiz,0.027338758,3.0
P26S,BTI_BA.4/5,0.02738959,1.0
V445E,Boost_Pfiz,0.027557531,6.0
T1027I,BTI_BA.1,0.027730307,3.0
K417T,Vac_Pfiz,0.028316364,3.0
K417T,Boost_Mod,0.028555293,3.0
S375F,Boost_Pfiz,0.028626684,128.0
T20N,Vac_Pfiz,0.02864842,3.0
Q183E,Boost_Pfiz,0.02865788,28.0
N679K,Conv_Delta,0.028788062,68.0
N969K,Bi-valent Boost,0.028870123,68.0
P26S,BTI_Delta,0.02897707,3.0
M153S,Boost_Mod,0.029431231,42.0
Q493K,Conv_WT,0.029524604,3.0
R190S,Boost_Pfiz,0.02988659,2.0
K417T,BTI_Delta,0.030066712,3.0
N969K,Conv_Delta,0.030268453,68.0
K417T,Conv_Delta,0.030332493,1.0
E484A,BTI_Delta,0.0304711,204.0
M153S,BTI_BA.2.12.1,0.030623514,14.0
N969K,Boost_Pfiz,0.03078151,128.0
K417T,BTI_BA.4/5,0.030998072,1.0
N481T,Vac_Mod,0.031228686,11.0
S375F,Conv_Delta,0.03127226,68.0
S375F,Vac_Mod,0.03130262,112.0
R190S,Vac_Mod,0.031659327,2.0
Q493K,Conv_Delta,0.031968355,1.0
S373P,Conv_Delta,0.031996787,68.0
E484A,Boost_Mod,0.032155246,204.0
Q493K,Vac_Pfiz,0.03226279,2.0
V445E,Boost_Mod,0.032443736,12.0
N679K,Vac_Mod,0.032480102,112.0
T20N,BTI_BA.1,0.03274088,3.0
R190S,Conv_WT,0.03289513,3.0
Q954H,Conv_Delta,0.033101015,68.0
R346K,BTI_BA.4/5,0.03349873,6.0
R190S,Boost_Mod,0.033531725,3.0
Q954H,Boost_Pfiz,0.03357041,128.0
D405N,Conv_Delta,0.03360386,67.0
Q183E,Vac_Pfiz,0.033612646,15.0
Q493K,BTI_BA.1,0.033671685,3.0
V445E,Vac_Mod,0.033830076,4.0
P26S,BTI_BA.1,0.033855554,3.0
S373P,Boost_Pfiz,0.034036145,128.0
R190S,BTI_Delta,0.034247726,3.0
K417T,BTI_BA.1,0.034255203,3.0
S371F,Conv_Delta,0.034689747,67.0
N969K,Vac_Mod,0.03471443,112.0
D138Y,BTI_BA.1,0.034727253,3.0
P681H,Bi-valent Boost,0.034787547,69.0
Q954H,Bi-valent Boost,0.03486577,68.0
Q493K,BTI_Delta,0.034963854,3.0
S373P,Bi-valent Boost,0.035189208,68.0
Q493K,Boost_Pfiz,0.03522111,2.0
Y505H,BTI_Delta,0.035343856,204.0
D796Y,Boost_Pfiz,0.035773985,128.0
S477N,Conv_Delta,0.035806797,68.0
N481T,BTI_BA.2.12.1,0.036209486,6.0
S371F,Boost_Pfiz,0.036321595,126.0
R190S,Conv_Delta,0.03697998,1.0
Q493K,Vac_Mod,0.037107255,2.0
D405N,Boost_Pfiz,0.0374253,126.0
M153S,BTI_BA.1,0.037512958,42.0
S373P,Vac_Mod,0.037632726,112.0
P681H,Conv_Delta,0.037750673,69.0
R190S,BTI_BA.4/5,0.03776424,1.0
D796Y,Bi-valent Boost,0.03805917,68.0
N481T,BTI_BA.1,0.038067784,18.0
S477N,Boost_Pfiz,0.038088884,128.0
D796Y,Conv_Delta,0.038216364,68.0
R190S,Vac_Pfiz,0.038767252,3.0
Q493K,BTI_BA.2.12.1,0.039067596,1.0
P25del,Conv_Delta,0.039072968,67.0
P681H,Boost_Pfiz,0.03908268,130.0
P681H,Vac_Mod,0.03934064,114.0
P26del,Conv_Delta,0.039476655,67.0
F490R,BTI_Delta,0.040017184,9.0
N679K,BTI_Delta,0.040367864,204.0
S477N,Bi-valent Boost,0.040683266,68.0
R190S,BTI_BA.2.12.1,0.04071198,1.0
Q493K,Boost_Mod,0.04071451,3.0
S477N,Vac_Mod,0.04071451,112.0
Y505H,Boost_Mod,0.040790536,204.0
S371F,Vac_Mod,0.04089225,110.0
Q954H,Vac_Mod,0.04114237,112.0
F490R,Boost_Mod,0.041195206,9.0
G142D,Vac_Pfiz,0.041930974,102.0
G142D,Conv_WT,0.041946776,181.0
P25del,Boost_Pfiz,0.04223537,126.0
N481T,Bi-valent Boost,0.042710014,6.0
N440K,Boost_Pfiz,0.043359067,128.0
D796Y,Vac_Mod,0.04354307,112.0
P26del,Boost_Pfiz,0.043575697,126.0
K529L,Conv_WT,0.043767847,52.0
E484A,BTI_BA.2.12.1,0.043989122,68.0
T376A,Boost_Pfiz,0.044007443,126.0
P681H,BTI_Delta,0.04426277,207.0
Q493K,BTI_BA.4/5,0.044465218,1.0
Q493K,Bi-valent Boost,0.044591088,1.0
N440K,Vac_Mod,0.04502277,112.0
N969K,BTI_Delta,0.045487955,204.0
N440K,Conv_Delta,0.045524087,68.0
N969K,Boost_Mod,0.045715924,204.0
T376A,Conv_Delta,0.045722693,67.0
S375F,BTI_Delta,0.045745842,204.0
N460K,BTI_BA.4/5,0.04584726,41.0
N679K,Boost_Mod,0.045972515,204.0
S375F,Boost_Mod,0.045974106,204.0
R190S,BTI_BA.1,0.04610461,3.0
Q183E,BTI_BA.2.12.1,0.046411786,17.0
S373P,Boost_Mod,0.046466127,204.0
N764K,Conv_Delta,0.046597958,68.0
N440K,Bi-valent Boost,0.04715518,68.0
S373P,BTI_Delta,0.047280483,204.0
K529L,Vac_Mod,0.047311556,32.0
Q183E,Bi-valent Boost,0.04755771,17.0
R408S,Boost_Pfiz,0.047734227,126.0
K529L,Vac_Pfiz,0.047736548,25.0
V445E,BTI_Delta,0.047837343,12.0
N764K,Boost_Pfiz,0.047875874,128.0
D405N,Vac_Mod,0.04814243,110.0
Q954H,Boost_Mod,0.048303016,204.0
N764K,Bi-valent Boost,0.048447754,68.0
E484A,BTI_BA.4/5,0.04853658,68.0
S477N,Boost_Mod,0.048554562,204.0
R346K,BTI_BA.1,0.048637263,18.0
Y505H,BTI_BA.2.12.1,0.048654422,68.0
V445E,Conv_WT,0.048884943,8.0
F490R,Vac_Pfiz,0.049115557,5.0
P26del,Vac_Mod,0.049487095,110.0
F490R,BTI_BA.1,0.049512755,9.0
N764K,Vac_Mod,0.049577642,112.0
N679K,BTI_BA.2.12.1,0.049727194,68.0
P681H,Boost_Mod,0.050005417,207.0
P25del,Vac_Mod,0.05044529,110.0
F490R,BTI_BA.4/5,0.051046904,3.0
N460K,BTI_BA.1,0.051372718,123.0
N481T,Vac_Pfiz,0.051377315,9.0
Y505H,BTI_BA.4/5,0.051445607,68.0
R408S,Conv_Delta,0.051603694,67.0
P681H,BTI_BA.2.12.1,0.051756464,69.0
Q498Y,Conv_WT,0.0522775,6.0
T376A,Vac_Mod,0.05236215,110.0
S477N,BTI_Delta,0.052682545,204.0
M153S,Vac_Pfiz,0.052701656,21.0
D796Y,Boost_Mod,0.052703265,204.0
F490R,Vac_Mod,0.05293014,6.0
Q954H,BTI_Delta,0.053205416,204.0
S371F,BTI_BA.4/5,0.0534768,67.0
D796Y,BTI_Delta,0.053758055,204.0
N969K,BTI_BA.2.12.1,0.05484555,68.0
N679K,BTI_BA.4/5,0.054958086,68.0
D405N,Bi-valent Boost,0.05546562,67.0
Q498R,Conv_WT,0.055576287,172.0
S375F,BTI_BA.4/5,0.05647774,68.0
P26del,Bi-valent Boost,0.05697243,67.0
S373P,BTI_BA.2.12.1,0.057282433,68.0
N440K,BTI_Delta,0.05733578,204.0
Q183E,Conv_Delta,0.058065027,17.0
S375F,BTI_BA.2.12.1,0.058157515,68.0
N440K,Boost_Mod,0.0582158,204.0
D405N,BTI_BA.4/5,0.05837195,67.0
P25del,BTI_BA.4/5,0.05854413,67.0
S371F,Boost_Mod,0.058690764,201.0
K529L,BTI_Delta,0.058928303,63.0
Q954H,BTI_BA.2.12.1,0.05894044,68.0
S371F,Bi-valent Boost,0.05915633,67.0
F490R,BTI_BA.2.12.1,0.059861872,3.0
P26del,BTI_BA.4/5,0.06028473,67.0
N969K,BTI_BA.4/5,0.060315106,68.0
P25del,Bi-valent Boost,0.06116957,67.0
F490R,Boost_Pfiz,0.061249245,6.0
R408S,Vac_Mod,0.06141133,110.0
H655Y,Boost_Pfiz,0.06152972,130.0
N764K,Boost_Mod,0.061902117,204.0
S373P,BTI_BA.4/5,0.062173426,68.0
Q498Y,BTI_Delta,0.06219145,6.0
N764K,BTI_Delta,0.06221055,204.0
H655Y,Bi-valent Boost,0.06247003,69.0
D405N,BTI_Delta,0.06278042,201.0
S371F,BTI_Delta,0.06299812,201.0
Q954H,BTI_BA.4/5,0.06331599,68.0
T19R,BTI_BA.1,0.06383962,12.0
P26del,Boost_Mod,0.0638757,201.0
D405N,Boost_Mod,0.06420863,201.0
P26del,BTI_Delta,0.0643823,201.0
D796Y,BTI_BA.4/5,0.0644275,68.0
T376A,Bi-valent Boost,0.06458429,67.0
P25del,BTI_Delta,0.06491535,201.0
F490R,Bi-valent Boost,0.06523941,3.0
T376A,BTI_BA.4/5,0.06563304,67.0
E484A,BTI_BA.1,0.06565486,204.0
P25del,Boost_Mod,0.06569059,201.0
K529L,Bi-valent Boost,0.06588077,21.0
H655Y,Conv_Delta,0.066073895,69.0
F490R,Conv_Delta,0.066118136,3.0
D796Y,BTI_BA.2.12.1,0.0665005,68.0
S371F,BTI_BA.2.12.1,0.067013144,67.0
S477N,BTI_BA.2.12.1,0.06738771,68.0
T376A,Boost_Mod,0.06784392,201.0
T376A,BTI_Delta,0.06801229,201.0
H655Y,Vac_Mod,0.06807152,114.0
S477N,BTI_BA.4/5,0.06810387,68.0
A27L,Conv_WT,0.068108134,11.0
Q183E,BTI_Delta,0.06847188,51.0
Y505H,BTI_BA.1,0.06892338,204.0
N460K,Bi-valent Boost,0.06920616,41.0
N764K,BTI_BA.2.12.1,0.069505624,68.0
D405N,BTI_BA.1,0.06951745,201.0
D405N,BTI_BA.2.12.1,0.070161,67.0
S371F,BTI_BA.1,0.07027365,201.0
R408S,Bi-valent Boost,0.07107649,67.0
P681H,BTI_BA.4/5,0.071278326,69.0
P26del,BTI_BA.1,0.07131685,201.0
Q498Y,Vac_Mod,0.071359895,4.0
N679K,BTI_BA.1,0.07155767,204.0
Q498Y,Boost_Mod,0.07211023,6.0
P25del,BTI_BA.2.12.1,0.0722885,67.0
N440K,BTI_BA.4/5,0.07232358,68.0
R408S,BTI_BA.4/5,0.07235631,67.0
R408S,Boost_Mod,0.0725985,201.0
P26del,BTI_BA.2.12.1,0.07265973,67.0
A27L,Conv_Delta,0.07278785,4.0
R346K,Vac_Pfiz,0.072913915,6.0
N440K,BTI_BA.2.12.1,0.073135614,68.0
K529L,Boost_Mod,0.07315246,63.0
Q498Y,Boost_Pfiz,0.07364322,4.0
T19R,BTI_BA.4/5,0.07474881,4.0
N969K,BTI_BA.1,0.074979834,204.0
R408S,BTI_Delta,0.07534403,201.0
T376A,BTI_BA.1,0.075524114,201.0
P25del,BTI_BA.1,0.076065846,201.0
S375F,BTI_BA.1,0.076493524,204.0
T376A,BTI_BA.2.12.1,0.07665135,67.0
N764K,BTI_BA.4/5,0.0770619,68.0
K529L,Conv_Delta,0.0779562,21.0
E484A,Conv_WT,0.07805883,178.0
P681H,BTI_BA.1,0.078374185,207.0
A27L,BTI_BA.1,0.07881889,12.0
E484A,Vac_Pfiz,0.079221174,99.0
Y505H,Vac_Pfiz,0.079933725,99.0
A27L,Boost_Pfiz,0.080091506,8.0
S373P,BTI_BA.1,0.0801022,204.0
A27L,Vac_Mod,0.08014143,7.0
Q183E,Vac_Mod,0.08093754,16.0
H655Y,BTI_Delta,0.081137314,207.0
N679K,Vac_Pfiz,0.08135018,99.0
Q954H,BTI_BA.1,0.0815921,204.0
A27L,Vac_Pfiz,0.082556285,5.0
H655Y,Boost_Mod,0.08294683,207.0
T19R,Vac_Pfiz,0.08319533,6.0
D796Y,BTI_BA.1,0.08365623,204.0
A27L,BTI_BA.4/5,0.083777174,4.0
R408S,BTI_BA.1,0.08415107,201.0
G257S,Boost_Mod,0.08431407,57.0
F157L,Boost_Mod,0.08464129,57.0
N460K,Boost_Pfiz,0.084863104,74.0
S477N,BTI_BA.1,0.08515383,204.0
R408S,BTI_BA.2.12.1,0.08539002,67.0
A243del,Bi-valent Boost,0.08555877,1.0
P681H,Conv_WT,0.085843764,181.0
S371F,Conv_WT,0.085954376,175.0
A243del,Vac_Mod,0.086028606,2.0
S375F,Vac_Pfiz,0.08613728,99.0
W152R,Boost_Mod,0.08619739,57.0
D405N,Conv_WT,0.08626116,175.0
P681H,Vac_Pfiz,0.086413406,102.0
N679K,Conv_WT,0.086592294,178.0
Q498Y,Conv_Delta,0.08672144,2.0
Y505H,Conv_WT,0.08688303,178.0
K529L,Boost_Pfiz,0.08692922,35.0
Q183E,Boost_Mod,0.087002076,51.0
A243del,Boost_Pfiz,0.08704335,2.0
P25del,Conv_WT,0.088748574,175.0
N969K,Vac_Pfiz,0.08879448,99.0
A243del,Boost_Mod,0.08886025,3.0
A27L,BTI_Delta,0.08898998,12.0
W152R,Conv_WT,0.089034274,53.0
Q498Y,BTI_BA.2.12.1,0.089042984,2.0
K529L,BTI_BA.2.12.1,0.08992673,21.0
N764K,BTI_BA.1,0.090347,204.0
A701V,Boost_Pfiz,0.09119255,2.0
S373P,Vac_Pfiz,0.09127141,99.0
P26del,Conv_WT,0.09141519,175.0
A701V,Bi-valent Boost,0.091590784,1.0
N440K,BTI_BA.1,0.09176503,204.0
A243del,Conv_WT,0.09215719,3.0
S375F,Conv_WT,0.09225116,178.0
Q498Y,Bi-valent Boost,0.092287175,2.0
Q954H,Vac_Pfiz,0.093124665,99.0
S371F,Vac_Pfiz,0.09327798,98.0
A27L,Boost_Mod,0.09358084,12.0
A27L,Bi-valent Boost,0.09376537,4.0
F157L,Conv_WT,0.09381488,53.0
D796Y,Vac_Pfiz,0.09398621,99.0
Q498Y,BTI_BA.1,0.09445093,6.0
D215G,Boost_Pfiz,0.09447731,2.0
T376A,Conv_WT,0.09487537,175.0
I210V,Boost_Mod,0.09495848,57.0
P26del,Vac_Pfiz,0.094976276,98.0
N969K,Conv_WT,0.0949902,178.0
G257S,Conv_WT,0.09503111,53.0
A243del,BTI_Delta,0.09512849,3.0
F490S,BTI_BA.1,0.09557547,60.0
A243del,Conv_Delta,0.0956168,1.0
A701V,Vac_Mod,0.095763974,2.0
D405N,Vac_Pfiz,0.09578254,98.0
Q954H,Conv_WT,0.09620898,178.0
S477N,Vac_Pfiz,0.09626524,99.0
R346K,Conv_Delta,0.09630319,6.0
H655Y,BTI_BA.2.12.1,0.097069785,69.0
S373P,Conv_WT,0.0971111,178.0
A701V,Conv_Delta,0.09778475,1.0
A701V,Conv_WT,0.0980824,3.0
A701V,Boost_Mod,0.09810469,3.0
H655Y,BTI_BA.4/5,0.098888956,69.0
D80A,Boost_Pfiz,0.09902679,2.0
R408S,Conv_WT,0.09973916,175.0
D80A,Bi-valent Boost,0.099741854,1.0
L368I,BTI_BA.1,0.09989843,60.0
F157L,Bi-valent Boost,0.10002742,19.0
P25del,Vac_Pfiz,0.10015476,98.0
W152R,Bi-valent Boost,0.100166775,19.0
F490R,Conv_WT,0.10042693,9.0
T376A,Vac_Pfiz,0.10053515,98.0
Q498Y,BTI_BA.4/5,0.100672305,2.0
A701V,BTI_Delta,0.10092235,3.0
A243del,BTI_BA.2.12.1,0.10095313,1.0
D80A,Conv_WT,0.101037905,3.0
N460K,BTI_BA.2.12.1,0.10128428,41.0
A27L,BTI_BA.2.12.1,0.10131865,4.0
D215G,Bi-valent Boost,0.10148279,1.0
I210V,Conv_WT,0.10162685,53.0
D215G,Conv_WT,0.10179758,3.0
L241del,Bi-valent Boost,0.101874374,1.0
L242del,Boost_Pfiz,0.1018764,2.0
D80A,Vac_Mod,0.10188204,2.0
D796Y,Conv_WT,0.10215981,178.0
N440K,Vac_Pfiz,0.102186814,99.0
L242del,Bi-valent Boost,0.1024004,1.0
R346K,Vac_Mod,0.10251776,6.0
D215G,Vac_Mod,0.10271366,2.0
L241del,Boost_Pfiz,0.10275557,2.0
D80A,Boost_Mod,0.10343302,3.0
S477N,Conv_WT,0.103554115,178.0
W152R,Vac_Mod,0.10356207,35.0
D215G,Boost_Mod,0.10405132,3.0
A701V,BTI_BA.2.12.1,0.104210354,1.0
A243del,BTI_BA.4/5,0.10445354,1.0
G257S,Bi-valent Boost,0.10470128,19.0
N764K,Vac_Pfiz,0.104777135,99.0
T19R,Conv_WT,0.10501171,9.0
L242del,Vac_Mod,0.10505039,2.0
A243del,Vac_Pfiz,0.105169654,3.0
L242del,Boost_Mod,0.105309434,3.0
F157L,Vac_Mod,0.10551067,35.0
L241del,Conv_WT,0.105610155,3.0
L241del,Vac_Mod,0.10595864,2.0
G257S,Vac_Mod,0.106427535,35.0
D80A,Conv_Delta,0.10643031,1.0
N460K,Vac_Mod,0.10650241,58.0
L241del,Boost_Mod,0.10706362,3.0
I210V,Bi-valent Boost,0.1072747,19.0
D80A,BTI_Delta,0.10782101,3.0
A243del,BTI_BA.1,0.10784016,3.0
D215G,Conv_Delta,0.107840955,1.0
L241del,Conv_Delta,0.10807003,1.0
L242del,Conv_WT,0.10894051,3.0
R408S,Vac_Pfiz,0.108978786,98.0
A701V,Vac_Pfiz,0.10923855,3.0
N440K,Conv_WT,0.10967786,178.0
L242del,Conv_Delta,0.1096936,1.0
D215G,BTI_BA.2.12.1,0.110109314,1.0
L242del,BTI_Delta,0.11034675,3.0
D215G,BTI_Delta,0.11044237,3.0
A701V,BTI_BA.4/5,0.11057385,1.0
L18F,Bi-valent Boost,0.1109558,2.0
L241del,BTI_Delta,0.11099918,3.0
T76I,Conv_WT,0.11127787,43.0
N764K,Conv_WT,0.11207074,178.0
D80A,BTI_BA.2.12.1,0.112099625,1.0
Y144del,BTI_BA.1,0.11227524,66.0
V83A,BTI_BA.1,0.11246536,60.0
H146Q,BTI_BA.1,0.11253812,60.0
L18F,Boost_Pfiz,0.112627916,4.0
I210V,Vac_Mod,0.112919286,35.0
L242del,BTI_BA.2.12.1,0.11317165,1.0
D215G,Vac_Pfiz,0.11355265,3.0
L18F,Vac_Mod,0.113914646,4.0
L241del,BTI_BA.2.12.1,0.114160545,1.0
N460K,Boost_Mod,0.114381395,123.0
R346K,Conv_WT,0.11490076,12.0
D80A,Vac_Pfiz,0.11499956,3.0
D80A,BTI_BA.4/5,0.11538077,1.0
D215G,BTI_BA.4/5,0.11622048,1.0
R346K,BTI_Delta,0.11637062,18.0
W152R,BTI_BA.2.12.1,0.117524624,19.0
A701V,BTI_BA.1,0.11765725,3.0
Q183E,Conv_WT,0.118425794,32.0
W152R,BTI_Delta,0.118503675,57.0
F157L,BTI_BA.2.12.1,0.11867357,19.0
L18F,Boost_Mod,0.11869574,6.0
L241del,Vac_Pfiz,0.118849844,3.0
G257S,BTI_BA.2.12.1,0.118951805,19.0
R346K,Boost_Pfiz,0.11899237,7.0
L18F,Conv_WT,0.11938308,6.0
T19R,BTI_Delta,0.119463295,12.0
Q498Y,Vac_Pfiz,0.119519606,4.0
G257S,BTI_Delta,0.119530715,57.0
F157L,BTI_Delta,0.11957174,57.0
L242del,Vac_Pfiz,0.11983522,3.0
T76I,Conv_Delta,0.12045887,15.0
L241del,BTI_BA.4/5,0.120706156,1.0
I210V,BTI_BA.2.12.1,0.12144168,19.0
E484K,Boost_Pfiz,0.12330629,4.0
D215G,BTI_BA.1,0.12338226,3.0
L18F,BTI_Delta,0.12398915,6.0
T19R,Vac_Mod,0.12398978,5.0
H655Y,BTI_BA.1,0.1240225,207.0
T76I,Boost_Pfiz,0.124353506,30.0
I210V,BTI_Delta,0.124637425,57.0
L242del,BTI_BA.4/5,0.12478616,1.0
E484K,Bi-valent Boost,0.124815114,2.0
D80A,BTI_BA.1,0.12525,3.0
V213E,BTI_BA.1,0.12664473,33.0
L18F,Conv_Delta,0.12690449,2.0
L242del,BTI_BA.1,0.12730901,3.0
R346K,BTI_BA.2.12.1,0.1274224,6.0
T19R,Conv_Delta,0.12801413,4.0
H655Y,Conv_WT,0.12819837,181.0
W152R,Boost_Pfiz,0.12839738,38.0
G257S,Boost_Pfiz,0.12941699,38.0
N460K,Conv_Delta,0.12965056,41.0
L18F,BTI_BA.2.12.1,0.12970419,2.0
T19R,BTI_BA.2.12.1,0.12998147,4.0
H655Y,Vac_Pfiz,0.13003437,102.0
L241del,BTI_BA.1,0.13043185,3.0
F157L,Boost_Pfiz,0.131284,38.0
V213E,Boost_Pfiz,0.1325484,20.0
N460K,BTI_Delta,0.1327314,123.0
E484K,Vac_Mod,0.13320617,4.0
R346K,Bi-valent Boost,0.13326585,6.0
Q183V,BTI_BA.1,0.13406318,9.0
K147E,Conv_WT,0.13417768,35.0
V445P,BTI_BA.1,0.13520844,48.0
Q183V,BTI_BA.4/5,0.13539194,3.0
E484K,Conv_WT,0.13542019,6.0
V213E,BTI_BA.2.12.1,0.13636935,11.0
E484K,Conv_Delta,0.13689633,2.0
T19R,Boost_Mod,0.13694127,12.0
E484K,Boost_Mod,0.13701601,6.0
L18F,Vac_Pfiz,0.1373684,6.0
T76I,BTI_Delta,0.13798264,45.0
T76I,Vac_Mod,0.13813943,28.0
N460K,Vac_Pfiz,0.13825813,42.0
F490S,BTI_BA.4/5,0.13839847,20.0
I210V,Boost_Pfiz,0.138928,38.0
L18F,BTI_BA.4/5,0.13964853,2.0
T19R,Boost_Pfiz,0.13973667,5.0
E484K,BTI_Delta,0.14153956,6.0
R346K,Boost_Mod,0.1425385,18.0
L368I,BTI_BA.4/5,0.14308704,20.0
E484K,BTI_BA.2.12.1,0.14379187,2.0
T76I,BTI_BA.4/5,0.14539532,15.0
K147E,Boost_Mod,0.14578548,39.0
V83A,BTI_BA.4/5,0.14802825,20.0
Q183V,Vac_Pfiz,0.14809789,3.0
V213E,Vac_Pfiz,0.14837648,9.0
V445P,BTI_BA.4/5,0.1488504,16.0
V213E,BTI_BA.4/5,0.14942466,11.0
T19R,Bi-valent Boost,0.14944322,4.0
V213E,Bi-valent Boost,0.14974022,11.0
T76I,Bi-valent Boost,0.14974952,15.0
Y144del,BTI_BA.4/5,0.15084136,22.0
E484K,BTI_BA.4/5,0.15099166,2.0
T76I,BTI_BA.1,0.1517984,45.0
L18F,BTI_BA.1,0.15232316,6.0
H146Q,BTI_BA.4/5,0.152375,20.0
Q183V,Conv_Delta,0.15289806,3.0
K147E,Bi-valent Boost,0.1533718,13.0
E484K,Vac_Pfiz,0.15383793,6.0
T76I,Boost_Mod,0.15643893,45.0
K147E,Vac_Mod,0.15724143,23.0
Q183V,Vac_Mod,0.1575547,3.0
T76I,BTI_BA.2.12.1,0.15835,15.0
N501Y,Bi-valent Boost,0.15916769,71.0
W152R,Conv_Delta,0.15970026,19.0
Y144del,Vac_Pfiz,0.16008742,22.0
V213E,Conv_Delta,0.16153894,11.0
T76I,Vac_Pfiz,0.16188653,23.0
Q183V,Bi-valent Boost,0.16282883,3.0
F157L,Conv_Delta,0.16292264,19.0
N501Y,Boost_Pfiz,0.16311926,134.0
N460K,Conv_WT,0.16344018,97.0
L452Q,Vac_Mod,0.1643583,24.0
G257S,Conv_Delta,0.16447209,19.0
Q183V,Boost_Pfiz,0.16470517,4.0
K147E,Boost_Pfiz,0.16479675,26.0
F490S,Vac_Pfiz,0.16482289,18.0
W152R,BTI_BA.1,0.16594905,57.0
I210V,Conv_Delta,0.16650164,19.0
V213E,BTI_Delta,0.16655344,33.0
E484K,BTI_BA.1,0.1665777,6.0
G257S,BTI_BA.1,0.16733082,57.0
N501Y,Vac_Mod,0.16767436,118.0
L452Q,BTI_Delta,0.16780077,36.0
K147E,BTI_Delta,0.16832528,39.0
F157L,BTI_BA.1,0.16877066,57.0
L368I,Vac_Pfiz,0.16924399,18.0
V213E,Boost_Mod,0.16934924,33.0
L452Q,Boost_Mod,0.169405,36.0
Y144del,Bi-valent Boost,0.16977005,22.0
Y473F,Conv_WT,0.17034853,37.0
V213E,Vac_Mod,0.1706308,10.0
Q183V,Conv_WT,0.17254302,6.0
I210V,BTI_BA.1,0.17307234,57.0
F490S,Boost_Pfiz,0.1739741,32.0
Q183V,BTI_Delta,0.17486154,9.0
N501Y,Conv_Delta,0.17509747,71.0
W152R,BTI_BA.4/5,0.17525943,19.0
F157L,BTI_BA.4/5,0.17577282,19.0
K147E,BTI_BA.2.12.1,0.17607437,13.0
F157L,Vac_Pfiz,0.17626457,22.0
H146Q,Vac_Pfiz,0.17741764,18.0
V445P,Boost_Pfiz,0.17762336,26.0
Q183V,Boost_Mod,0.17796989,9.0
W152R,Vac_Pfiz,0.17798942,22.0
L368I,Boost_Pfiz,0.17826326,32.0
Y144del,Boost_Pfiz,0.17865615,36.0
V445P,Vac_Pfiz,0.1786626,14.0
L452Q,Conv_Delta,0.17866506,12.0
G257S,Vac_Pfiz,0.17963974,22.0
V83A,Vac_Pfiz,0.17966293,18.0
I210V,Vac_Pfiz,0.17979543,22.0
G257S,BTI_BA.4/5,0.180898,19.0
N501Y,Boost_Mod,0.18140489,213.0
N501Y,BTI_Delta,0.182794,213.0
I210V,BTI_BA.4/5,0.1838071,19.0
Q183V,BTI_BA.2.12.1,0.18617699,3.0
L452Q,Boost_Pfiz,0.18675075,24.0
V83A,Boost_Pfiz,0.1886113,32.0
H146Q,Boost_Pfiz,0.18877059,32.0
K147E,Conv_Delta,0.18890113,13.0
V213E,Conv_WT,0.19032758,20.0
F490S,Bi-valent Boost,0.1912081,20.0
K147E,BTI_BA.4/5,0.19124801,13.0
L368I,Bi-valent Boost,0.1917861,20.0
L452Q,Vac_Pfiz,0.19249886,27.0
Y144del,Conv_Delta,0.19377722,22.0
L452Q,BTI_BA.2.12.1,0.19451971,12.0
Y473F,Conv_Delta,0.19456066,13.0
K147E,BTI_BA.1,0.19494693,39.0
F490S,Conv_Delta,0.19496073,20.0
N501Y,BTI_BA.2.12.1,0.19587438,71.0
Y473F,Boost_Pfiz,0.19642249,26.0
H146Q,Bi-valent Boost,0.20044038,20.0
L368I,Conv_Delta,0.20137723,20.0
V83A,Bi-valent Boost,0.2014514,20.0
Y144del,BTI_BA.2.12.1,0.20300041,22.0
Y473F,BTI_BA.4/5,0.2030238,13.0
L452Q,Bi-valent Boost,0.20324478,12.0
Y473F,Vac_Mod,0.20457394,24.0
L452Q,BTI_BA.1,0.20484313,36.0
V83A,Conv_Delta,0.20742795,20.0
Q493R,Conv_WT,0.20758757,117.0
Y473F,BTI_Delta,0.20898345,39.0
H146Q,Conv_Delta,0.20899095,20.0
V445P,BTI_Delta,0.21076159,48.0
L452Q,Conv_WT,0.21222351,36.0
Y144del,BTI_Delta,0.21312073,66.0
V445P,Conv_Delta,0.21358599,16.0
L452Q,BTI_BA.4/5,0.21438208,12.0
F490S,BTI_BA.2.12.1,0.21566248,20.0
K147E,Vac_Pfiz,0.21701899,14.0
N501Y,Conv_WT,0.21783437,187.0
Y144del,Vac_Mod,0.21855275,23.0
Q493R,Vac_Mod,0.21875547,75.0
V445P,Vac_Mod,0.21929719,15.0
L368I,BTI_BA.2.12.1,0.21989314,20.0
Y473F,BTI_BA.1,0.22083877,39.0
F490S,Vac_Mod,0.22094351,19.0
Q493R,BTI_BA.1,0.22228342,129.0
L368I,Vac_Mod,0.2223372,19.0
Y473F,Boost_Mod,0.22306672,39.0
N501Y,BTI_BA.4/5,0.22368659,71.0
Q493R,BTI_BA.4/5,0.22652318,43.0
Y473F,Bi-valent Boost,0.22687243,13.0
V83A,BTI_BA.2.12.1,0.2279114,20.0
Q493R,Vac_Pfiz,0.2296074,69.0
F490S,BTI_Delta,0.22987925,60.0
H146Q,BTI_BA.2.12.1,0.23002438,20.0
Y473F,BTI_BA.2.12.1,0.2307644,13.0
Y144del,Boost_Mod,0.2329678,66.0
L368I,BTI_Delta,0.23299643,60.0
G339D,Conv_Delta,0.23380587,45.0
V445P,BTI_BA.2.12.1,0.2355894,16.0
H146Q,Vac_Mod,0.23649487,19.0
V83A,Vac_Mod,0.2365873,19.0
Y473F,Vac_Pfiz,0.23662071,20.0
Q493R,Conv_Delta,0.23798105,43.0
N501Y,Vac_Pfiz,0.23873404,108.0
Q493R,BTI_Delta,0.23977344,129.0
H146Q,BTI_Delta,0.24061772,60.0
V445P,Boost_Mod,0.24081692,48.0
V83A,BTI_Delta,0.24192023,60.0
R346T,BTI_BA.1,0.24243647,81.0
V445P,Bi-valent Boost,0.24295537,16.0
N501Y,BTI_BA.1,0.2429763,213.0
F490S,Boost_Mod,0.24584123,60.0
L368I,Boost_Mod,0.249173,60.0
Q493R,Boost_Pfiz,0.24962422,79.0
V445P,Conv_WT,0.25562197,30.0
H146Q,Boost_Mod,0.25635278,60.0
V83A,Boost_Mod,0.25790188,60.0
Q493R,Bi-valent Boost,0.2596248,43.0
G339D,BTI_BA.4/5,0.2604478,45.0
G339D,Vac_Pfiz,0.26498514,77.0
F490S,Conv_WT,0.27040103,38.0
R346T,BTI_BA.4/5,0.271305,27.0
Y144del,Conv_WT,0.27246624,44.0
L368I,Conv_WT,0.27519602,38.0
G446S,Bi-valent Boost,0.28025052,40.0
R346T,Boost_Pfiz,0.2813192,51.0
G339D,Vac_Mod,0.2828979,80.0
G339D,BTI_Delta,0.28326938,135.0
G446S,BTI_BA.1,0.28477436,120.0
H146Q,Conv_WT,0.2852127,38.0
Q493S,Bi-valent Boost,0.28637147,1.0
V83A,Conv_WT,0.28822547,38.0
Q493S,Conv_Delta,0.29130292,1.0
Q493S,Conv_WT,0.29421228,3.0
Q493R,Boost_Mod,0.2944298,129.0
Q493S,BTI_BA.1,0.29567385,3.0
Q493S,BTI_BA.2.12.1,0.29575923,1.0
Q493R,BTI_BA.2.12.1,0.29707384,43.0
Q493S,Boost_Mod,0.29731083,3.0
Q493S,Vac_Mod,0.29753858,2.0
G339D,Boost_Mod,0.29787254,135.0
G339D,Boost_Pfiz,0.2996429,84.0
Q493S,Boost_Pfiz,0.30015215,2.0
R346T,Boost_Mod,0.30024874,81.0
Q493S,Vac_Pfiz,0.30037543,3.0
G339D,Bi-valent Boost,0.30220145,45.0
Q493S,BTI_Delta,0.30444324,3.0
Q493S,BTI_BA.4/5,0.30565095,1.0
G339D,BTI_BA.2.12.1,0.30671492,45.0
G339D,Conv_WT,0.30702835,124.0
R346T,Bi-valent Boost,0.30839792,27.0
R346T,BTI_BA.2.12.1,0.3091485,27.0
G446S,Boost_Pfiz,0.30960873,72.0
K147N,BTI_BA.1,0.31130567,51.0
R346T,Conv_Delta,0.31396946,27.0
G339D,BTI_BA.1,0.3148251,135.0
R346T,Vac_Pfiz,0.3218975,33.0
K147N,BTI_BA.4/5,0.32658458,17.0
G446S,Boost_Mod,0.32691142,120.0
K147N,Vac_Mod,0.32821324,26.0
K147N,Bi-valent Boost,0.3288065,17.0
G446S,Vac_Mod,0.3304748,56.0
R346T,Vac_Mod,0.33142987,36.0
G446S,BTI_BA.4/5,0.33179942,40.0
G446S,BTI_BA.2.12.1,0.33539358,40.0
R346T,BTI_Delta,0.3364522,81.0
K147N,BTI_Delta,0.34137505,51.0
G446S,BTI_Delta,0.3448338,120.0
K147N,Conv_WT,0.34499216,43.0
K147N,Boost_Pfiz,0.34616825,27.0
G446S,Vac_Pfiz,0.3464734,41.0
K147N,Vac_Pfiz,0.34729448,22.0
K147N,Conv_Delta,0.34815243,17.0
S494R,BTI_BA.1,0.36450216,36.0
G446S,Conv_Delta,0.36529198,40.0
S494R,Vac_Mod,0.3690104,22.0
K147N,Boost_Mod,0.36930704,51.0
K147N,BTI_BA.2.12.1,0.3704234,17.0
R346T,Conv_WT,0.3756535,62.0
S494R,BTI_BA.4/5,0.37594098,12.0
S494R,Conv_Delta,0.37749413,12.0
S494R,Vac_Pfiz,0.3812977,22.0
G446S,Conv_WT,0.38309833,94.0
S494R,Boost_Mod,0.38482466,36.0
S494R,BTI_Delta,0.39502272,36.0
S494R,Boost_Pfiz,0.4019545,23.0
S494R,Conv_WT,0.40959322,34.0
S494R,BTI_BA.2.12.1,0.4347457,12.0
S494R,Bi-valent Boost,0.4629668,12.0
F486P,Conv_WT,0.47221056,2.0
F486P,Boost_Mod,0.4790615,3.0
L452R,BTI_BA.4/5,0.4797862,30.0
F486P,Boost_Pfiz,0.47990668,2.0
F486P,Conv_Delta,0.48263067,1.0
K417N,Boost_Pfiz,0.48289332,118.0
F486P,BTI_BA.1,0.48394018,3.0
F486P,Vac_Mod,0.4847189,1.0
F486P,BTI_BA.4/5,0.48840162,1.0
K417N,Conv_Delta,0.48908135,63.0
F486P,Vac_Pfiz,0.48935968,1.0
F486P,BTI_Delta,0.49244764,3.0
F486P,BTI_BA.2.12.1,0.4925589,1.0
F486P,Bi-valent Boost,0.49434853,1.0
L452R,BTI_BA.1,0.4967509,90.0
K417N,Vac_Mod,0.50092,102.0
K417N,Bi-valent Boost,0.5109351,63.0
K417N,BTI_BA.4/5,0.5125018,63.0
F486S,BTI_BA.1,0.52628726,60.0
K417N,BTI_Delta,0.5264454,189.0
K417N,Boost_Mod,0.5294623,189.0
K417N,BTI_BA.1,0.5315336,189.0
L452R,Vac_Pfiz,0.54328644,46.0
L452R,Conv_WT,0.5559647,80.0
K417N,Conv_WT,0.5570323,163.0
L452R,Conv_Delta,0.5586742,30.0
F486S,BTI_BA.4/5,0.5667302,20.0
K417N,BTI_BA.2.12.1,0.57239145,63.0
K417N,Vac_Pfiz,0.5767491,93.0
K444T,BTI_BA.4/5,0.59203625,3.0
F486S,Vac_Pfiz,0.59761643,18.0
L452R,Vac_Mod,0.6001885,51.0
L452R,Boost_Pfiz,0.60118365,53.0
L452R,BTI_BA.2.12.1,0.6183951,30.0
F486S,Boost_Pfiz,0.62381446,32.0
L452R,BTI_Delta,0.63434905,90.0
F486S,Conv_Delta,0.6375899,20.0
K444T,Conv_Delta,0.64291924,3.0
K444T,BTI_BA.1,0.64310837,9.0
F486S,Bi-valent Boost,0.645499,20.0
L452R,Bi-valent Boost,0.6490662,30.0
K444T,BTI_BA.2.12.1,0.6544159,3.0
K444T,Boost_Pfiz,0.65459573,6.0
K444T,Vac_Mod,0.65813696,5.0
L452R,Boost_Mod,0.6599359,90.0
K444T,Vac_Pfiz,0.6615881,3.0
K444T,Boost_Mod,0.6667101,9.0
F486S,BTI_BA.2.12.1,0.6696384,20.0
F486S,Vac_Mod,0.66985196,19.0
K444T,BTI_Delta,0.6709459,9.0
K444T,Bi-valent Boost,0.67915,3.0
F486S,BTI_Delta,0.67996716,60.0
K444T,Conv_WT,0.6870371,8.0
F486S,Boost_Mod,0.707363,60.0
F486S,Conv_WT,0.7395364,38.0
