Mutation,μ_β_q,σ_β_q,N
A222V,0.13184325397014618,0.06574732810258865,11
A570D,-0.02535179816186428,0.018800385296344757,280
A647A,0.08309484273195267,0.03626393899321556,78
A647S,0.08241535723209381,0.037355199456214905,78
A67V,0.09942355006933212,0.011553589254617691,233
A701V,0.014101546257734299,0.014366413466632366,509
A845I,-0.048185307532548904,0.0703141987323761,16
C136F,-0.02053733542561531,0.07690823078155518,12
D1118H,-0.06494883447885513,0.018639644607901573,296
D1153Y,-0.05200677737593651,0.04373681917786598,29
D138Y,0.036990970373153687,0.025450732558965683,193
D215G,-0.04978086054325104,0.016720961779356003,363
D253G,-0.044807806611061096,0.04109807685017586,63
D253N,0.06079096347093582,0.06704498827457428,8
D405N,0.06861338764429092,0.013477365486323833,307
D796Y,0.09059201180934906,0.013358412310481071,460
D80A,0.04783524572849274,0.013480039313435555,446
D80Y,0.0615171417593956,0.09647667407989502,8
D950N,0.05709550529718399,0.017052307724952698,600
E154K,0.06859955936670303,0.03742579370737076,110
E156G,-0.03329811245203018,0.015586297027766705,307
E471Q,0.06423769146203995,0.09873625636100769,8
E484A,0.02085641585290432,0.013179861009120941,388
E484K,0.2228042185306549,0.012391751632094383,918
E484Q,0.02903466485440731,0.03167545050382614,115
F157L,-0.016418348997831345,0.05494174361228943,16
F486P,0.02150479145348072,0.04914054647088051,42
F486S,0.003736454527825117,0.0618850477039814,38
F486V,0.05062013864517212,0.03132803738117218,89
F490L,0.0952601507306099,0.07888417690992355,1
F490S,0.07589516043663025,0.019923370331525803,269
F888L,-0.016454266384243965,0.03971049562096596,50
G142D,-0.0938631147146225,0.010169999673962593,840
G252V,0.03325643390417099,0.04019239544868469,80
G339D,0.0628400444984436,0.008029644377529621,380
G339H,0.0304997731000185,0.044952161610126495,80
G446S,0.04478894919157028,0.01856539584696293,191
G496S,-0.02801685221493244,0.05037754401564598,81
G72R,0.03499637916684151,0.02319732867181301,85
G75V,0.022338181734085083,0.031006965786218643,171
G769V,-0.01126333698630333,0.06088317930698395,29
H1101D,0.09914419054985046,0.06886112689971924,8
H146N,-0.07300854474306107,0.05419045314192772,8
H146Q,0.030779743567109108,0.0262592826038599,80
H655Y,0.08521713316440582,0.013840388506650925,673
H69H,0.07743097841739655,0.03619315102696419,78
H69R,0.08524832874536514,0.03843808174133301,78
I692V,-0.16727431118488312,0.06594826281070709,18
K417K,0.07637201994657516,0.04301769658923149,78
K417N,-0.01826135627925396,0.01949896477162838,896
K417T,0.03864224627614021,0.022806836292147636,193
K444T,0.04580859839916229,0.0888672024011612,29
K558N,-0.02129261940717697,0.04980489984154701,39
L18F,0.008473893627524376,0.013441784307360649,426
L24S,0.00804149266332388,0.035328980535268784,277
L368I,0.01839921995997429,0.03796513006091118,80
L452Q,-0.017762551084160805,0.03265794366598129,90
L452R,0.11407419294118881,0.01071577426046133,662
L5F,-0.05632434040307999,0.036223504692316055,75
L981F,0.030509429052472115,0.02939792536199093,153
M1229I,-0.14313183724880219,0.06695349514484406,18
M869N,0.15859228372573853,0.030368395149707794,97
N440K,0.020817657932639122,0.016054296866059303,388
N460K,0.06245439127087593,0.027216803282499313,109
N501Y,0.12313012033700943,0.004707006271928549,1258
N679K,0.03120783343911171,0.012841851450502872,472
N764K,0.09098589420318604,0.02210300974547863,460
N856K,0.034268494695425034,0.0223112590610981,153
N969K,0.09063580632209778,0.013032659888267517,460
P26S,-0.10406863689422607,0.03592081367969513,248
P681H,0.10613515973091125,0.014287610538303852,861
P681R,0.09218721836805344,0.01773250661790371,640
P9L,-0.09220057725906372,0.09992697089910507,12
Q1071H,0.05414966493844986,0.03256835415959358,105
Q1208H,-0.038955945521593094,0.04915932938456535,12
Q183E,0.027928240597248077,0.026674345135688782,80
Q493R,-0.06323450803756714,0.016210615634918213,219
Q498R,0.021885404363274574,0.015531529672443867,388
Q52R,-0.008332271128892899,0.04525133594870567,50
Q613H,-0.035058289766311646,0.07577773183584213,16
Q677H,-0.07473105192184448,0.04525348171591759,60
Q954H,0.09094181656837463,0.010809231549501419,460
Q957H,0.08919762820005417,0.06711502373218536,8
R102I,-0.022175956517457962,0.0799262523651123,8
R190S,-0.017604194581508636,0.014610663056373596,205
R214ins,0.0770714059472084,0.019373653456568718,148
R246I,0.2392437905073166,0.06772338598966599,12
R246N,0.057354263961315155,0.05930202081799507,37
R346K,0.015070018358528614,0.038819607347249985,99
R346T,0.06149973347783089,0.022361354902386665,109
R408S,-0.057161908596754074,0.04362139105796814,272
R685L,0.07659504562616348,0.05104899778962135,78
R685R,0.07706864178180695,0.03761426359415054,78
S1147L,-0.11820925772190094,0.07134391367435455,18
S13I,0.08423999696969986,0.036074165254831314,66
S371F,0.0685187503695488,0.012142754159867764,307
S371L,-0.04409792274236679,0.03685588389635086,81
S373P,0.020765651017427444,0.01788666658103466,388
S375F,0.021762723103165627,0.013811170123517513,388
S477N,-0.017426492646336555,0.018824031576514244,404
S494P,0.360479474067688,0.05511380732059479,27
S704L,0.1255933940410614,0.035954106599092484,35
S982A,-0.023615363985300064,0.01672074757516384,280
T1027I,-0.0014992952346801758,0.02600502409040928,209
T19I,0.008720317855477333,0.015264524146914482,277
T19R,0.04872431606054306,0.01584373041987419,514
T20N,0.04028455168008804,0.02887212298810482,193
T376A,0.00880421046167612,0.012846806086599827,277
T478K,-0.005513973068445921,0.026632975786924362,941
T478R,0.08749058842658997,0.06322245299816132,8
T547K,0.03659942373633385,0.03406491503119469,153
T63I,0.08731941133737564,0.08915078639984131,8
T716I,-0.08119401335716248,0.014806564897298813,292
T76I,0.016729123890399933,0.016559777781367302,171
T859N,0.07664007693529129,0.032696682959795,65
T95I,0.06716173142194748,0.013514401391148567,285
V1176F,0.07545269280672073,0.019610200077295303,173
V213E,0.02943490631878376,0.02380760945379734,80
V213G,-0.022952483966946602,0.015962231904268265,197
V367F,-0.0212516188621521,0.06681018322706223,16
V382L,-0.042814113199710846,0.05485938489437103,29
V445P,0.03165663033723831,0.030455179512500763,80
V772I,0.08533518016338348,0.0391579270362854,78
V772V,0.08623004704713821,0.04540097340941429,78
W152C,0.04398009553551674,0.03421010822057724,65
W152L,0.02706011012196541,0.062379177659749985,29
W258L,0.0943581834435463,0.08422133326530457,8
Y144S,0.07872837036848068,0.06172618269920349,18
Y144T,0.08841334283351898,0.055186573415994644,54
Y144ins,0.1299232542514801,0.07360609620809555,9
Y145H,-0.06694717705249786,0.04862269014120102,21
Y145N,0.04292241111397743,0.062294747680425644,18
Y145S,0.08566299080848694,0.04249368607997894,54
Y145ins,0.13570982217788696,0.05700859799981117,46
Y505H,0.02158547192811966,0.016414588317275047,388
Δ141,0.09298843890428543,0.11453887075185776,3
Δ142,-0.04675579071044922,0.10485775768756866,3
Δ143,0.12182110548019409,0.02114020101726055,186
Δ144,0.24594643712043762,0.01445133425295353,517
Δ145,-0.053554683923721313,0.01686226762831211,370
Δ156,0.07530932873487473,0.02457917295396328,191
Δ157,0.05297303944826126,0.017008796334266663,498
Δ158,-0.03279254958033562,0.028095792979002,307
Δ210,0.04930925369262695,0.0925452709197998,8
Δ212,0.09751308709383011,0.03025955893099308,183
Δ241,0.06033788621425629,0.020624646916985512,107
Δ242,0.060750562697649,0.010793759487569332,305
Δ243,0.06397045403718948,0.017961759120225906,305
Δ244,0.09194549173116684,0.025579703971743584,275
Δ245,0.10492613911628723,0.10225065797567368,3
Δ246,0.007204660214483738,0.020916122943162918,145
Δ247,0.05978192016482353,0.023600483313202858,182
Δ248,0.02404739335179329,0.02474951557815075,179
Δ249,-0.009326907806098461,0.027154231444001198,171
Δ25,0.0006074821576476097,0.022788068279623985,448
Δ250,-0.007939226925373077,0.02703043818473816,171
Δ251,-0.006057851482182741,0.025996573269367218,171
Δ252,-0.006424623541533947,0.02185116894543171,171
Δ253,0.06157394126057625,0.051062531769275665,37
Δ26,0.0071958014741539955,0.01761811040341854,277
Δ27,0.009032731875777245,0.012503963895142078,277
Δ64,0.08309642225503922,0.07977300137281418,8
Δ65,0.03315526992082596,0.10612700134515762,8
Δ66,0.026814622804522514,0.08924052864313126,8
Δ67,0.07343105226755142,0.08701446652412415,8
Δ68,0.09215784072875977,0.084572434425354,8
Δ69,0.03221840038895607,0.010227111168205738,599
Δ70,0.0005857175565324724,0.011457224376499653,514
Δ71,0.03246171399950981,0.07714491337537766,8
Δ72,0.04120790213346481,0.07749799638986588,8
Δ73,0.05660194903612137,0.09213899075984955,8
Δ74,0.08175180852413177,0.061709336936473846,8
Δ75,0.03545812889933586,0.06740633398294449,8
Δ76,0.053249359130859375,0.0967404767870903,8
