Mutation,Effect,N
S704L,1.156543493270874,48.0
E484V,0.9728438258171082,30.0
V83A,0.9474763870239258,72.0
N501Y,0.7455992102622986,360.0
K356T,0.7039904594421387,24.0
P681H,0.6391260623931885,330.0
Q183V,0.4770677089691162,6.0
Q183E,0.4638115167617798,66.0
N460K,0.4590233266353607,207.0
R158A,0.4574684798717499,6.0
R683N,0.45469677448272705,18.0
R683V,0.4522254765033722,6.0
I210V,0.4121890366077423,87.0
W152R,0.41050267219543457,87.0
G257S,0.3978857100009918,87.0
L216F,0.39034968614578247,27.0
L368I,0.38840001821517944,72.0
R346K,0.37276899814605713,12.0
Q498R,0.3597128093242645,330.0
E484K,0.341240793466568,27.0
N481K,0.31875529885292053,21.0
F486V,0.3169078230857849,105.0
L452W,0.30817264318466187,21.0
L452R,0.3069651126861572,175.0
F486P,0.27997100353240967,39.0
H146Q,0.25416067242622375,69.0
H69del,0.2419721633195877,129.0
V70del,0.23677074909210205,129.0
V445P,0.19033455848693848,67.0
R346T,0.1789054125547409,171.0
V445E,0.17397671937942505,8.0
P26del,0.15929552912712097,324.0
ins214EPE,0.1561233401298523,6.0
Y145del,0.15605318546295166,6.0
P25del,0.15463760495185852,324.0
V213E,0.1518598049879074,54.0
N658S,0.1488746553659439,12.0
V143del,0.14672578871250153,6.0
K417N,0.13766853511333466,327.0
L981F,0.1347319334745407,9.0
T547K,0.13466894626617432,9.0
S371L,0.13208384811878204,9.0
G496S,0.12915220856666565,9.0
A67V,0.12715601921081543,9.0
E554K,0.1257217973470688,21.0
N856K,0.12378250062465668,9.0
S939F,0.11697554588317871,21.0
R158G,0.09998028725385666,24.0
A570V,0.09951668232679367,24.0
K147N,0.09734389930963516,85.0
H245N,0.09470269083976746,24.0
P1143L,0.09203051030635834,24.0
V445H,0.09164614975452423,24.0
P621S,0.08772377669811249,24.0
N450D,0.08733828365802765,24.0
A264D,0.08668971061706543,24.0
S50L,0.08394759893417358,24.0
V127F,0.08024447411298752,24.0
I332V,0.07544068247079849,24.0
R403K,0.07434755563735962,24.0
F157S,0.07093792408704758,24.0
K417V,0.05407039821147919,24.0
L18F,0.03345659002661705,6.0
F486S,0.03312699496746063,81.0
L24del,0.029401326552033424,318.0
L452Q,0.019564373418688774,39.0
R408S,0.01873021200299263,336.0
S494P,0.014043787494301796,6.0
V213G,0.012654641643166542,282.0
G446S,0.0054683443158864975,198.0
G252V,-0.002292894758284092,24.0
ins16MPLF,-0.010577427223324776,18.0
R683L,-0.013377885334193707,12.0
V483del,-0.02398793026804924,18.0
Y473F,-0.026546811684966087,40.0
T19I,-0.02684701234102249,324.0
K113T,-0.027312252670526505,21.0
M153S,-0.03151208907365799,43.0
Q493R,-0.04648466408252716,134.0
G339D,-0.048866692930459976,201.0
N969K,-0.07615438103675842,348.0
Q954H,-0.08266288787126541,348.0
A27S,-0.08394379913806915,310.0
D796Y,-0.08394495397806168,351.0
S477N,-0.0844191312789917,351.0
N764K,-0.09069757163524628,351.0
N440K,-0.0977894589304924,351.0
K147E,-0.10391950607299805,66.0
F456L,-0.10783558338880539,6.0
N679K,-0.10890668630599976,351.0
S373P,-0.11082447320222855,348.0
T478K,-0.11100126802921295,390.0
Q493S,-0.11152874678373337,12.0
S375F,-0.11531779170036316,348.0
Y248D,-0.1164177879691124,12.0
T76I,-0.13291041553020477,46.0
D1199N,-0.13952261209487915,9.0
H69G,-0.14532232284545898,12.0
N481T,-0.1504637897014618,17.0
F490S,-0.1508580595254898,78.0
H146K,-0.1605590283870697,6.0
N149T,-0.16298452019691467,6.0
M153V,-0.16703854501247406,6.0
Y145T,-0.16732527315616608,6.0
S151G,-0.1674608737230301,6.0
N148T,-0.1735592782497406,6.0
Y144F,-0.17552581429481506,6.0
E154S,-0.17596246302127838,6.0
ins152K,-0.1762831211090088,6.0
S494R,-0.1793399304151535,89.0
T883I,-0.1830267310142517,9.0
ins150V,-0.18368615210056305,6.0
G142D,-0.2074931412935257,339.0
G339H,-0.20890764892101288,144.0
D405N,-0.2254202663898468,342.0
R21T,-0.23538431525230408,21.0
T376A,-0.2520797848701477,339.0
A27L,-0.25376036763191223,14.0
F157L,-0.25519776344299316,90.0
S371F,-0.25584471225738525,339.0
Y505H,-0.2595803439617157,348.0
K529L,-0.2645109295845032,97.0
I670V,-0.2848036587238312,12.0
N211del,-0.2992289066314697,33.0
F490R,-0.30543890595436096,54.0
S673G,-0.3144490122795105,6.0
T95I,-0.33076176047325134,12.0
L5F,-0.340157151222229,6.0
L212I,-0.34807050228118896,36.0
T604I,-0.370657354593277,6.0
T19R,-0.40249136090278625,9.0
K444T,-0.4070906937122345,33.0
Q498Y,-0.492521196603775,21.0
E484A,-0.49615535140037537,324.0
N439R,-0.5564601421356201,24.0
P681R,-0.5648722052574158,27.0
H655Y,-0.7020462155342102,354.0
S155R,-0.7110080718994141,55.0
A701V,-1.0432666540145874,6.0
R403T,-1.3493741750717163,12.0
Y144del,-1.549285650253296,102.0
