Name,Base VoC,Pool,Neutralization - Log,Predicted Neutralization - Log
WuG,WuG,Conv_Delta,8.910045761473558,8.655441
WuG,WuG,Conv_WT,8.782629654920699,6.935524
WuG,WuG,Conv_WT,6.658011045870748,6.935524
WuG,WuG,Conv_WT,5.318119993844216,6.935524
WuG,WuG,Vac_Mod,7.617759576608505,7.2927456
WuG,WuG,Vac_Mod,7.659642954564682,7.2927456
WuG,WuG,Vac_Pfiz,6.595780513961311,5.7699747
WuG,WuG,Vac_Pfiz,6.470799503782602,5.7699747
WuG,WuG,Vac_Pfiz,5.187385805840755,5.7699747
WuG,WuG,Boost_Mod,8.939843124278502,8.613815
WuG,WuG,Boost_Mod,9.301094735244646,8.613815
WuG,WuG,Boost_Mod,8.460834457746854,8.613815
WuG,WuG,Boost_Pfiz,8.537583881063972,8.022975
WuG,WuG,Boost_Pfiz,8.131824785007195,8.022975
WuG,WuG,Bi-valent Boost,9.056023011591826,9.390433
WuG,WuG,BTI_Delta,8.649098262296176,9.254226
WuG,WuG,BTI_Delta,9.508888197738269,9.254226
WuG,WuG,BTI_Delta,10.39194486044011,9.254226
WuG,WuG,BTI_BA.1,8.178919332848396,8.888238
WuG,WuG,BTI_BA.1,9.449357272446683,8.888238
WuG,WuG,BTI_BA.1,9.95555804482713,8.888238
WuG,WuG,BTI_BA.2.12.1,7.979338895262328,8.362946
WuG,WuG,BTI_BA.4/5,8.012349639327795,8.266728
BQ.1,BA.5,Conv_Delta,3.6888794541139363,4.978286
BQ.1,BA.5,Conv_WT,5.075173815233827,4.4840555
BQ.1,BA.5,Conv_WT,5.351858133476067,4.4840555
BQ.1,BA.5,Conv_WT,2.302585092994046,4.4840555
BQ.1,BA.5,Vac_Mod,2.302585092994046,3.5794973
BQ.1,BA.5,Vac_Mod,3.6888794541139363,3.5794973
BQ.1,BA.5,Vac_Pfiz,2.302585092994046,2.4590619
BQ.1,BA.5,Boost_Mod,5.655991810819852,5.967421
BQ.1,BA.5,Boost_Mod,6.354370040797351,5.967421
BQ.1,BA.5,Boost_Mod,5.298317366548036,5.967421
BQ.1,BA.5,Boost_Pfiz,5.342334251964811,5.358977
BQ.1,BA.5,Boost_Pfiz,4.976733742420574,5.358977
BQ.1,BA.5,Bi-valent Boost,7.866722285136729,7.921918
BQ.1,BA.5,BTI_Delta,5.749392985908253,6.4215975
BQ.1,BA.5,BTI_Delta,6.616065185132817,6.4215975
BQ.1,BA.5,BTI_Delta,6.594413459749778,6.4215975
BQ.1,BA.5,BTI_BA.1,5.438079308923196,6.4941864
BQ.1,BA.5,BTI_BA.1,6.525029657843462,6.4941864
BQ.1,BA.5,BTI_BA.1,6.570882962339584,6.4941864
BQ.1,BA.5,BTI_BA.2.12.1,6.220590170099739,6.337861
BQ.1,BA.5,BTI_BA.4/5,5.986452005284438,6.414527
BQ.1.1,BQ.1,Conv_Delta,4.532599493153256,4.6827507
BQ.1.1,BQ.1,Conv_WT,5.14166355650266,4.3181586
BQ.1.1,BQ.1,Conv_WT,6.124683390894205,4.3181586
BQ.1.1,BQ.1,Conv_WT,5.272999558563747,4.3181586
BQ.1.1,BQ.1,Vac_Mod,2.302585092994046,3.3362584
BQ.1.1,BQ.1,Vac_Mod,4.143134726391533,3.3362584
BQ.1.1,BQ.1,Vac_Pfiz,2.302585092994046,2.342365
BQ.1.1,BQ.1,Boost_Mod,5.736572297479192,5.7010937
BQ.1.1,BQ.1,Boost_Mod,6.206575926724928,5.7010937
BQ.1.1,BQ.1,Boost_Mod,5.365976015021851,5.7010937
BQ.1.1,BQ.1,Boost_Pfiz,5.424950017481403,5.146265
BQ.1.1,BQ.1,Boost_Pfiz,5.0689042022202315,5.146265
BQ.1.1,BQ.1,Bi-valent Boost,8.054840221101024,7.718596
BQ.1.1,BQ.1,BTI_Delta,6.331501849893691,6.17414
BQ.1.1,BQ.1,BTI_Delta,6.638567789166521,6.17414
BQ.1.1,BQ.1,BTI_Delta,6.651571873589727,6.17414
BQ.1.1,BQ.1,BTI_BA.1,5.877735781779639,6.251116
BQ.1.1,BQ.1,BTI_BA.1,7.025538314638521,6.251116
BQ.1.1,BQ.1,BTI_BA.1,6.876264611890766,6.251116
BQ.1.1,BQ.1,BTI_BA.2.12.1,6.131226489483141,6.095817
BQ.1.1,BQ.1,BTI_BA.4/5,6.639875833826536,6.255557
XBB,XBB,Conv_Delta,3.332204510175204,2.941039
XBB,BA.2.75,Conv_Delta,3.332204510175204,2.941039
XBB,XBB,Conv_Delta,2.302585092994046,2.941039
XBB,BA.2.75,Conv_Delta,2.302585092994046,2.941039
XBB,XBB,Conv_WT,4.0943445622221,3.461197
XBB,BA.2.75,Conv_WT,4.0943445622221,3.461197
XBB,XBB,Conv_WT,4.343805421853684,3.461197
XBB,BA.2.75,Conv_WT,4.343805421853684,3.461197
XBB,XBB,Conv_WT,2.302585092994046,3.461197
XBB,BA.2.75,Conv_WT,2.302585092994046,3.461197
XBB,XBB,Vac_Mod,2.302585092994046,2.6474338
XBB,BA.2.75,Vac_Mod,2.302585092994046,2.6474338
XBB,XBB,Vac_Pfiz,2.302585092994046,2.4179661
XBB,BA.2.75,Vac_Pfiz,2.302585092994046,2.4179661
XBB,XBB,Boost_Mod,5.384495062789089,4.6055613
XBB,BA.2.75,Boost_Mod,5.384495062789089,4.6055613
XBB,XBB,Boost_Mod,5.153291594497779,4.6055613
XBB,BA.2.75,Boost_Mod,5.153291594497779,4.6055613
XBB,XBB,Boost_Mod,5.19295685089021,4.6055613
XBB,BA.2.75,Boost_Mod,5.19295685089021,4.6055613
XBB,XBB,Boost_Mod,5.424950017481403,4.6055613
XBB,BA.2.75,Boost_Mod,5.424950017481403,4.6055613
XBB,XBB,Boost_Mod,3.784189633918261,4.6055613
XBB,BA.2.75,Boost_Mod,3.784189633918261,4.6055613
XBB,XBB,Boost_Mod,4.454347296253507,4.6055613
XBB,BA.2.75,Boost_Mod,4.454347296253507,4.6055613
XBB,XBB,Boost_Pfiz,3.970291913552122,3.9818048
XBB,BA.2.75,Boost_Pfiz,3.970291913552122,3.9818048
XBB,XBB,Boost_Pfiz,4.795790545596741,3.9818048
XBB,BA.2.75,Boost_Pfiz,4.795790545596741,3.9818048
XBB,XBB,Boost_Pfiz,4.07753744390572,3.9818048
XBB,BA.2.75,Boost_Pfiz,4.07753744390572,3.9818048
XBB,XBB,Boost_Pfiz,4.3694478524670215,3.9818048
XBB,BA.2.75,Boost_Pfiz,4.3694478524670215,3.9818048
XBB,XBB,Bi-valent Boost,6.0867747269123065,6.3143606
XBB,BA.2.75,Bi-valent Boost,6.0867747269123065,6.3143606
XBB,XBB,Bi-valent Boost,6.481577129276431,6.3143606
XBB,BA.2.75,Bi-valent Boost,6.481577129276431,6.3143606
XBB,XBB,BTI_Delta,5.099866427824199,5.240004
XBB,BA.2.75,BTI_Delta,5.099866427824199,5.240004
XBB,XBB,BTI_Delta,4.736198448394496,5.240004
XBB,BA.2.75,BTI_Delta,4.736198448394496,5.240004
XBB,XBB,BTI_Delta,5.902633333401366,5.240004
XBB,BA.2.75,BTI_Delta,5.902633333401366,5.240004
XBB,XBB,BTI_Delta,5.62040086571715,5.240004
XBB,BA.2.75,BTI_Delta,5.62040086571715,5.240004
XBB,XBB,BTI_Delta,5.973809611869261,5.240004
XBB,BA.2.75,BTI_Delta,5.973809611869261,5.240004
XBB,XBB,BTI_Delta,5.521460917862246,5.240004
XBB,BA.2.75,BTI_Delta,5.521460917862246,5.240004
XBB,XBB,BTI_BA.1,5.472270673671475,5.6985073
XBB,BA.2.75,BTI_BA.1,5.472270673671475,5.6985073
XBB,XBB,BTI_BA.1,4.997212273764115,5.6985073
XBB,BA.2.75,BTI_BA.1,4.997212273764115,5.6985073
XBB,XBB,BTI_BA.1,6.192362489474872,5.6985073
XBB,BA.2.75,BTI_BA.1,6.192362489474872,5.6985073
XBB,XBB,BTI_BA.1,6.2422232654551655,5.6985073
XBB,BA.2.75,BTI_BA.1,6.2422232654551655,5.6985073
XBB,XBB,BTI_BA.1,6.208590026096629,5.6985073
XBB,BA.2.75,BTI_BA.1,6.208590026096629,5.6985073
XBB,XBB,BTI_BA.1,6.3835066348840055,5.6985073
XBB,BA.2.75,BTI_BA.1,6.3835066348840055,5.6985073
XBB,XBB,BTI_BA.2.12.1,4.804021044733257,4.9325466
XBB,BA.2.75,BTI_BA.2.12.1,4.804021044733257,4.9325466
XBB,XBB,BTI_BA.2.12.1,5.135798437050262,4.9325466
XBB,BA.2.75,BTI_BA.2.12.1,5.135798437050262,4.9325466
XBB,XBB,BTI_BA.4/5,5.736572297479192,5.727421
XBB,BA.2.75,BTI_BA.4/5,5.736572297479192,5.727421
XBB,XBB,BTI_BA.4/5,6.139884552226255,5.727421
XBB,BA.2.75,BTI_BA.4/5,6.139884552226255,5.727421
XBB.1,XBB,Conv_Delta,3.1354942159291497,2.9682174
XBB.1,XBB,Conv_WT,4.6913478822291435,3.4450068
XBB.1,XBB,Conv_WT,2.302585092994046,3.4450068
XBB.1,XBB,Vac_Mod,2.302585092994046,2.64115
XBB.1,XBB,Vac_Mod,3.6109179126442243,2.64115
XBB.1,XBB,Vac_Pfiz,2.302585092994046,2.4116461
XBB.1,XBB,Boost_Mod,5.365976015021851,4.6200943
XBB.1,XBB,Boost_Mod,5.961005339623274,4.6200943
XBB.1,XBB,Boost_Mod,3.9512437185814275,4.6200943
XBB.1,XBB,Boost_Pfiz,4.6913478822291435,4.012012
XBB.1,XBB,Boost_Pfiz,4.382026634673881,4.012012
XBB.1,XBB,Bi-valent Boost,6.2878585601617845,6.299576
XBB.1,XBB,BTI_Delta,5.099866427824199,5.238714
XBB.1,XBB,BTI_Delta,5.241747015059643,5.238714
XBB.1,XBB,BTI_Delta,6.361302477572996,5.238714
XBB.1,XBB,BTI_BA.1,5.3981627015177525,5.6734157
XBB.1,XBB,BTI_BA.1,6.09807428216624,5.6734157
XBB.1,XBB,BTI_BA.1,6.182084906716632,5.6734157
XBB.1,XBB,BTI_BA.2.12.1,4.955827057601261,4.923402
XBB.1,XBB,BTI_BA.4/5,5.921578419643816,5.732477
XBB.1.5,XBB.1,Conv_Delta,4.02535169073515,3.4720345
XBB.1.5,XBB.1,Conv_WT,4.499809670330265,3.6978683
XBB.1.5,XBB.1,Conv_WT,2.302585092994046,3.6978683
XBB.1.5,XBB.1,Vac_Mod,2.302585092994046,2.8955588
XBB.1.5,XBB.1,Vac_Pfiz,2.302585092994046,2.587097
XBB.1.5,XBB.1,Boost_Mod,4.836281906951478,5.000172
XBB.1.5,XBB.1,Boost_Mod,5.3471075307174685,5.000172
XBB.1.5,XBB.1,Boost_Mod,3.8066624897703196,5.000172
XBB.1.5,XBB.1,Boost_Pfiz,4.634728988229636,4.465072
XBB.1.5,XBB.1,Boost_Pfiz,4.204692619390966,4.465072
XBB.1.5,XBB.1,Bi-valent Boost,6.375024819828097,6.630728
XBB.1.5,XBB.1,BTI_Delta,4.890349128221754,5.605773
XBB.1.5,XBB.1,BTI_Delta,5.214935757608986,5.605773
XBB.1.5,XBB.1,BTI_Delta,5.652489180268651,5.605773
XBB.1.5,XBB.1,BTI_BA.1,4.02535169073515,6.017
XBB.1.5,XBB.1,BTI_BA.1,6.481577129276431,6.017
XBB.1.5,XBB.1,BTI_BA.1,6.280395838960195,6.017
XBB.1.5,XBB.1,BTI_BA.2.12.1,5.081404364984463,5.3141584
XBB.1.5,XBB.1,BTI_BA.4/5,6.1092475827643655,6.0725865
CH.1.1,BA.2.75,Conv_Delta,2.302585092994046,3.8904877
CH.1.1,BA.2.75,Conv_WT,3.58351893845611,3.1351266
CH.1.1,BA.2.75,Conv_WT,2.302585092994046,3.1351266
CH.1.1,BA.2.75,Vac_Mod,2.302585092994046,2.1983933
CH.1.1,BA.2.75,Vac_Pfiz,2.302585092994046,1.6632915
CH.1.1,BA.2.75,Boost_Mod,4.23410650459726,4.7434416
CH.1.1,BA.2.75,Boost_Mod,4.406719247264253,4.7434416
CH.1.1,BA.2.75,Boost_Mod,3.295836866004329,4.7434416
CH.1.1,BA.2.75,Boost_Pfiz,3.6635616461296463,4.446233
CH.1.1,BA.2.75,Boost_Pfiz,3.332204510175204,4.446233
CH.1.1,BA.2.75,Bi-valent Boost,5.730099782973574,6.276729
CH.1.1,BA.2.75,BTI_Delta,3.7376696182833684,5.2764816
CH.1.1,BA.2.75,BTI_Delta,4.812184355372417,5.2764816
CH.1.1,BA.2.75,BTI_Delta,4.804021044733257,5.2764816
CH.1.1,BA.2.75,BTI_BA.1,2.302585092994046,5.672706
CH.1.1,BA.2.75,BTI_BA.1,5.924255797414532,5.672706
CH.1.1,BA.2.75,BTI_BA.1,5.700443573390687,5.672706
CH.1.1,BA.2.75,BTI_BA.2.12.1,4.454347296253507,5.3862696
CH.1.1,BA.2.75,BTI_BA.4/5,4.875197323201151,5.5230637
Alpha,WuG,Conv_Delta,9.305377787310935,8.560424
Alpha,WuG,Conv_WT,8.406485069431817,6.7830625
Alpha,WuG,Conv_WT,6.620073206530356,6.7830625
Alpha,WuG,Conv_WT,4.9344739331306915,6.7830625
Alpha,WuG,Vac_Mod,7.21081845347222,7.177607
Alpha,WuG,Vac_Mod,7.3727463664043285,7.177607
Alpha,WuG,Vac_Pfiz,6.255750041753367,5.582438
Alpha,WuG,Vac_Pfiz,5.82600010738045,5.582438
Alpha,WuG,Vac_Pfiz,4.919980925828125,5.582438
Alpha,WuG,Boost_Mod,8.83695515733143,8.6096
Alpha,WuG,Boost_Mod,9.119977931895791,8.6096
Alpha,WuG,Boost_Mod,8.016977746762262,8.6096
Alpha,WuG,Boost_Pfiz,8.107418811719974,7.956741
Alpha,WuG,Boost_Pfiz,7.949091499830517,7.956741
Alpha,WuG,Bi-valent Boost,9.666625329080981,9.555704
Alpha,WuG,BTI_Delta,8.531096096585228,9.261872
Alpha,WuG,BTI_Delta,9.038008749211576,9.261872
Alpha,WuG,BTI_Delta,10.528195279873552,9.261872
Alpha,WuG,BTI_BA.1,7.950502434808851,8.865718
Alpha,WuG,BTI_BA.1,8.776630098427717,8.865718
Alpha,WuG,BTI_BA.1,9.819834167538875,8.865718
Alpha,WuG,BTI_BA.2.12.1,8.374707543119483,8.325393
Alpha,WuG,BTI_BA.4/5,7.855544677915663,8.219607
Gamma,WuG,Conv_Delta,8.463581421967588,8.296027
Gamma,WuG,Conv_WT,8.176391596633795,6.3915668
Gamma,WuG,Conv_WT,6.269096283706261,6.3915668
Gamma,WuG,Conv_WT,4.574710978503383,6.3915668
Gamma,WuG,Vac_Mod,6.498282149476434,6.7125583
Gamma,WuG,Vac_Mod,6.673297967767654,6.7125583
Gamma,WuG,Vac_Pfiz,5.62040086571715,5.05911
Gamma,WuG,Vac_Pfiz,5.159055299214529,5.05911
Gamma,WuG,Vac_Pfiz,3.8918202981106265,5.05911
Gamma,WuG,Boost_Mod,8.128585200374497,8.227153
Gamma,WuG,Boost_Mod,8.854379458771108,8.227153
Gamma,WuG,Boost_Mod,7.614805364711073,8.227153
Gamma,WuG,Boost_Pfiz,7.744136627627991,7.6828194
Gamma,WuG,Boost_Pfiz,7.565793282428515,7.6828194
Gamma,WuG,Bi-valent Boost,9.100525505968976,9.089481
Gamma,WuG,BTI_Delta,7.88193748927207,8.81563
Gamma,WuG,BTI_Delta,8.727616178321068,8.81563
Gamma,WuG,BTI_Delta,9.730383384791782,8.81563
Gamma,WuG,BTI_BA.1,7.487173694213739,8.66801
Gamma,WuG,BTI_BA.1,8.976262255609193,8.66801
Gamma,WuG,BTI_BA.1,9.818528613308937,8.66801
Gamma,WuG,BTI_BA.2.12.1,8.464635940677562,8.185047
Gamma,WuG,BTI_BA.4/5,8.65486599654131,8.163394
BA.1,WuG,Conv_Delta,4.897839799950911,5.6669216
BA.1,WuG,Conv_WT,6.954638864880987,4.805148
BA.1,WuG,Conv_WT,4.727387818712341,4.805148
BA.1,WuG,Conv_WT,2.302585092994046,4.805148
BA.1,WuG,Vac_Mod,4.605170185988092,4.8195324
BA.1,WuG,Vac_Mod,4.890349128221754,4.8195324
BA.1,WuG,Vac_Pfiz,2.302585092994046,3.0931134
BA.1,WuG,Boost_Mod,7.4770384723196965,7.0541387
BA.1,WuG,Boost_Mod,7.605392364814935,7.0541387
BA.1,WuG,Boost_Mod,6.530877627725885,7.0541387
BA.1,WuG,Boost_Pfiz,6.505784060128229,6.3223104
BA.1,WuG,Boost_Pfiz,6.508769136971682,6.3223104
BA.1,WuG,Bi-valent Boost,8.236420527265391,8.274302
BA.1,WuG,BTI_Delta,6.86171134048073,7.3660164
BA.1,WuG,BTI_Delta,8.192570471152173,7.3660164
BA.1,WuG,BTI_Delta,7.338238150065589,7.3660164
BA.1,WuG,BTI_BA.1,6.946975992135418,7.7546334
BA.1,WuG,BTI_BA.1,8.62604759632832,7.7546334
BA.1,WuG,BTI_BA.1,8.521185212685776,7.7546334
BA.1,WuG,BTI_BA.2.12.1,7.346010209913293,7.093158
BA.1,WuG,BTI_BA.4/5,7.042286171939743,6.9860497
BA.2,WuG,Conv_Delta,6.52649485957079,6.007513
BA.2,WuG,Conv_WT,6.922643891475888,4.9931726
BA.2,WuG,Conv_WT,5.5053315359323625,4.9931726
BA.2,WuG,Conv_WT,3.1354942159291497,4.9931726
BA.2,WuG,Vac_Mod,4.477336814478207,4.5177994
BA.2,WuG,Vac_Mod,4.867534450455582,4.5177994
BA.2,WuG,Vac_Pfiz,3.713572066704308,3.3062818
BA.2,WuG,Vac_Pfiz,3.6635616461296463,3.3062818
BA.2,WuG,Vac_Pfiz,2.302585092994046,3.3062818
BA.2,WuG,Boost_Mod,7.4377951216719325,6.952223
BA.2,WuG,Boost_Mod,7.664346632098617,6.952223
BA.2,WuG,Boost_Mod,6.4425401664681985,6.952223
BA.2,WuG,Boost_Pfiz,6.656726524178391,6.3543797
BA.2,WuG,Boost_Pfiz,6.634633357861686,6.3543797
BA.2,WuG,Bi-valent Boost,8.53895468319775,8.552902
BA.2,WuG,BTI_Delta,6.806829360392176,7.265367
BA.2,WuG,BTI_Delta,8.031710375322042,7.265367
BA.2,WuG,BTI_Delta,7.440733707389261,7.265367
BA.2,WuG,BTI_BA.1,6.42648845745769,7.5427485
BA.2,WuG,BTI_BA.1,8.09040229659332,7.5427485
BA.2,WuG,BTI_BA.1,8.806274284781725,7.5427485
BA.2,WuG,BTI_BA.2.12.1,7.544861068658458,7.32207
BA.2,WuG,BTI_BA.4/5,7.450660796211539,7.3116126
BA.2.12.1,BA.2.12.1,Conv_Delta,6.075346031088684,6.0346074
BA.2.12.1,BA.2,Conv_Delta,6.075346031088684,6.0346074
BA.2.12.1,BA.2.12.1,Conv_Delta,6.194405391104672,6.0346074
BA.2.12.1,BA.2,Conv_Delta,6.194405391104672,6.0346074
BA.2.12.1,BA.2.12.1,Conv_WT,6.480044561926653,4.988575
BA.2.12.1,BA.2,Conv_WT,6.480044561926653,4.988575
BA.2.12.1,BA.2.12.1,Conv_WT,6.536691597591305,4.988575
BA.2.12.1,BA.2,Conv_WT,6.536691597591305,4.988575
BA.2.12.1,BA.2.12.1,Conv_WT,5.402677381872279,4.988575
BA.2.12.1,BA.2,Conv_WT,5.402677381872279,4.988575
BA.2.12.1,BA.2.12.1,Conv_WT,5.075173815233827,4.988575
BA.2.12.1,BA.2,Conv_WT,5.075173815233827,4.988575
BA.2.12.1,BA.2.12.1,Conv_WT,3.091042453358316,4.988575
BA.2.12.1,BA.2,Conv_WT,3.091042453358316,4.988575
BA.2.12.1,BA.2.12.1,Conv_WT,2.302585092994046,4.988575
BA.2.12.1,BA.2,Conv_WT,2.302585092994046,4.988575
BA.2.12.1,BA.2.12.1,Vac_Mod,4.31748811353631,4.5687037
BA.2.12.1,BA.2,Vac_Mod,4.31748811353631,4.5687037
BA.2.12.1,BA.2.12.1,Vac_Mod,4.30406509320417,4.5687037
BA.2.12.1,BA.2,Vac_Mod,4.30406509320417,4.5687037
BA.2.12.1,BA.2.12.1,Vac_Mod,4.787491742782046,4.5687037
BA.2.12.1,BA.2,Vac_Mod,4.787491742782046,4.5687037
BA.2.12.1,BA.2.12.1,Vac_Mod,4.564348191467836,4.5687037
BA.2.12.1,BA.2,Vac_Mod,4.564348191467836,4.5687037
BA.2.12.1,BA.2.12.1,Vac_Pfiz,3.970291913552122,3.3446295
BA.2.12.1,BA.2,Vac_Pfiz,3.970291913552122,3.3446295
BA.2.12.1,BA.2.12.1,Vac_Pfiz,3.4657359027997265,3.3446295
BA.2.12.1,BA.2,Vac_Pfiz,3.4657359027997265,3.3446295
BA.2.12.1,BA.2.12.1,Vac_Pfiz,3.4011973816621555,3.3446295
BA.2.12.1,BA.2,Vac_Pfiz,3.4011973816621555,3.3446295
BA.2.12.1,BA.2.12.1,Vac_Pfiz,3.1354942159291497,3.3446295
BA.2.12.1,BA.2,Vac_Pfiz,3.1354942159291497,3.3446295
BA.2.12.1,BA.2.12.1,Vac_Pfiz,2.302585092994046,3.3446295
BA.2.12.1,BA.2,Vac_Pfiz,2.302585092994046,3.3446295
BA.2.12.1,BA.2.12.1,Boost_Mod,6.893656354602635,7.0629907
BA.2.12.1,BA.2,Boost_Mod,6.893656354602635,7.0629907
BA.2.12.1,BA.2.12.1,Boost_Mod,6.878326468291325,7.0629907
BA.2.12.1,BA.2,Boost_Mod,6.878326468291325,7.0629907
BA.2.12.1,BA.2.12.1,Boost_Mod,7.411556287811163,7.0629907
BA.2.12.1,BA.2,Boost_Mod,7.411556287811163,7.0629907
BA.2.12.1,BA.2.12.1,Boost_Mod,7.832014180505469,7.0629907
BA.2.12.1,BA.2,Boost_Mod,7.832014180505469,7.0629907
BA.2.12.1,BA.2.12.1,Boost_Mod,6.343880434126331,7.0629907
BA.2.12.1,BA.2,Boost_Mod,6.343880434126331,7.0629907
BA.2.12.1,BA.2.12.1,Boost_Mod,6.660575149839686,7.0629907
BA.2.12.1,BA.2,Boost_Mod,6.660575149839686,7.0629907
BA.2.12.1,BA.2.12.1,Boost_Pfiz,6.60934924316738,6.4593163
BA.2.12.1,BA.2,Boost_Pfiz,6.60934924316738,6.4593163
BA.2.12.1,BA.2.12.1,Boost_Pfiz,6.601230118728877,6.4593163
BA.2.12.1,BA.2,Boost_Pfiz,6.601230118728877,6.4593163
BA.2.12.1,BA.2.12.1,Boost_Pfiz,6.192362489474872,6.4593163
BA.2.12.1,BA.2,Boost_Pfiz,6.192362489474872,6.4593163
BA.2.12.1,BA.2.12.1,Boost_Pfiz,6.432940092739179,6.4593163
BA.2.12.1,BA.2,Boost_Pfiz,6.432940092739179,6.4593163
BA.2.12.1,BA.2.12.1,Bi-valent Boost,8.637284671674058,8.62456
BA.2.12.1,BA.2,Bi-valent Boost,8.637284671674058,8.62456
BA.2.12.1,BA.2.12.1,Bi-valent Boost,8.56483984488359,8.62456
BA.2.12.1,BA.2,Bi-valent Boost,8.56483984488359,8.62456
BA.2.12.1,BA.2.12.1,BTI_Delta,7.261927092702751,7.3169384
BA.2.12.1,BA.2,BTI_Delta,7.261927092702751,7.3169384
BA.2.12.1,BA.2.12.1,BTI_Delta,6.608000625296087,7.3169384
BA.2.12.1,BA.2,BTI_Delta,6.608000625296087,7.3169384
BA.2.12.1,BA.2.12.1,BTI_Delta,7.935229539816907,7.3169384
BA.2.12.1,BA.2,BTI_Delta,7.935229539816907,7.3169384
BA.2.12.1,BA.2.12.1,BTI_Delta,7.774435510302958,7.3169384
BA.2.12.1,BA.2,BTI_Delta,7.774435510302958,7.3169384
BA.2.12.1,BA.2.12.1,BTI_Delta,7.3613754289773485,7.3169384
BA.2.12.1,BA.2,BTI_Delta,7.3613754289773485,7.3169384
BA.2.12.1,BA.2.12.1,BTI_Delta,7.175489713624222,7.3169384
BA.2.12.1,BA.2,BTI_Delta,7.175489713624222,7.3169384
BA.2.12.1,BA.2.12.1,BTI_BA.1,6.0844994130751715,7.582608
BA.2.12.1,BA.2,BTI_BA.1,6.0844994130751715,7.582608
BA.2.12.1,BA.2.12.1,BTI_BA.1,6.297109319933935,7.582608
BA.2.12.1,BA.2,BTI_BA.1,6.297109319933935,7.582608
BA.2.12.1,BA.2.12.1,BTI_BA.1,7.906547232368036,7.582608
BA.2.12.1,BA.2,BTI_BA.1,7.906547232368036,7.582608
BA.2.12.1,BA.2.12.1,BTI_BA.1,8.233503140233994,7.582608
BA.2.12.1,BA.2,BTI_BA.1,8.233503140233994,7.582608
BA.2.12.1,BA.2.12.1,BTI_BA.1,8.805075243870684,7.582608
BA.2.12.1,BA.2,BTI_BA.1,8.805075243870684,7.582608
BA.2.12.1,BA.2.12.1,BTI_BA.1,8.850230965588816,7.582608
BA.2.12.1,BA.2,BTI_BA.1,8.850230965588816,7.582608
BA.2.12.1,BA.2.12.1,BTI_BA.2.12.1,7.507141079727608,7.4593554
BA.2.12.1,BA.2,BTI_BA.2.12.1,7.507141079727608,7.4593554
BA.2.12.1,BA.2.12.1,BTI_BA.2.12.1,7.51425465281641,7.4593554
BA.2.12.1,BA.2,BTI_BA.2.12.1,7.51425465281641,7.4593554
BA.2.12.1,BA.2.12.1,BTI_BA.4/5,7.475339236566737,7.401801
BA.2.12.1,BA.2,BTI_BA.4/5,7.475339236566737,7.401801
BA.2.12.1,BA.2.12.1,BTI_BA.4/5,7.440733707389261,7.401801
BA.2.12.1,BA.2,BTI_BA.4/5,7.440733707389261,7.401801
Delta,WuG,Conv_Delta,9.850244991140409,8.786836
Delta,WuG,Conv_WT,8.63141433550626,7.020388
Delta,WuG,Conv_WT,7.042286171939743,7.020388
Delta,WuG,Conv_WT,5.605802066295998,7.020388
Delta,WuG,Vac_Mod,7.328437352895162,7.386476
Delta,WuG,Vac_Mod,8.172164452111904,7.386476
Delta,WuG,Vac_Pfiz,7.280697195384741,6.0659833
Delta,WuG,Vac_Pfiz,6.890609120147166,6.0659833
Delta,WuG,Vac_Pfiz,5.1298987149230735,6.0659833
Delta,WuG,Boost_Mod,8.134467570277563,8.319394
Delta,WuG,Boost_Mod,8.847934753328465,8.319394
Delta,WuG,Boost_Mod,7.48324441607385,8.319394
Delta,WuG,Boost_Pfiz,7.964155718840937,7.762442
Delta,WuG,Boost_Pfiz,7.501082124259871,7.762442
Delta,WuG,Bi-valent Boost,8.696844519654313,9.228802
Delta,WuG,BTI_Delta,8.223090551161533,9.220508
Delta,WuG,BTI_Delta,9.547954813176172,9.220508
Delta,WuG,BTI_Delta,10.661977618146238,9.220508
Delta,WuG,BTI_BA.1,7.297091005160418,8.494821
Delta,WuG,BTI_BA.1,8.447199819595703,8.494821
Delta,WuG,BTI_BA.1,9.04617302576227,8.494821
Delta,WuG,BTI_BA.2.12.1,7.763021309018518,8.170475
Delta,WuG,BTI_BA.4/5,7.826443135456014,8.079947
Beta,WuG,Conv_Delta,7.68662133494462,7.5661473
Beta,WuG,Conv_WT,7.044032897274685,5.535308
Beta,WuG,Conv_WT,5.3612921657094255,5.535308
Beta,WuG,Conv_WT,3.295836866004329,5.535308
Beta,WuG,Vac_Mod,5.313205979041787,5.8253226
Beta,WuG,Vac_Mod,5.564520407322694,5.8253226
Beta,WuG,Vac_Pfiz,4.6443908991413725,4.191502
Beta,WuG,Vac_Pfiz,4.30406509320417,4.191502
Beta,WuG,Vac_Pfiz,2.302585092994046,4.191502
Beta,WuG,Boost_Mod,7.419979923661835,7.401728
Beta,WuG,Boost_Mod,7.51479976048867,7.401728
Beta,WuG,Boost_Mod,6.8966943316227125,7.401728
Beta,WuG,Boost_Pfiz,6.92951677076365,6.9252906
Beta,WuG,Boost_Pfiz,6.898714534329988,6.9252906
Beta,WuG,Bi-valent Boost,8.493719835230594,8.411584
Beta,WuG,BTI_Delta,6.922643891475888,7.903889
Beta,WuG,BTI_Delta,7.510977752014095,7.903889
Beta,WuG,BTI_Delta,8.688622307043769,7.903889
Beta,WuG,BTI_BA.1,6.5722825426940075,7.8811097
Beta,WuG,BTI_BA.1,8.283999304248526,7.8811097
Beta,WuG,BTI_BA.1,8.887100204123687,7.8811097
Beta,WuG,BTI_BA.2.12.1,7.7886260656250315,7.4679785
Beta,WuG,BTI_BA.4/5,8.051340933292979,7.4658084
WuG-2a,WuG,Conv_Delta,8.864464055279676,8.543317
WuG-2a,WuG,Conv_WT,8.835355971121606,6.945798
WuG-2a,WuG,Conv_WT,6.682108597449809,6.945798
WuG-2a,WuG,Conv_WT,5.4638318050256105,6.945798
WuG-2a,WuG,Vac_Mod,7.4127640174265625,7.2412105
WuG-2a,WuG,Vac_Mod,7.771910256435763,7.2412105
WuG-2a,WuG,Vac_Pfiz,6.687108607866515,5.8458176
WuG-2a,WuG,Vac_Pfiz,6.118097198041348,5.8458176
WuG-2a,WuG,Vac_Pfiz,5.049856007249537,5.8458176
WuG-2a,WuG,Boost_Mod,9.308192772143688,8.561505
WuG-2a,WuG,Boost_Mod,9.737196812814702,8.561505
WuG-2a,WuG,Boost_Mod,7.929846429742503,8.561505
WuG-2a,WuG,Boost_Pfiz,8.237743803890933,8.019658
WuG-2a,WuG,Boost_Pfiz,8.40827078419205,8.019658
WuG-2a,WuG,Bi-valent Boost,9.917045230468194,9.398849
WuG-2a,WuG,BTI_Delta,8.801168401936692,9.251029
WuG-2a,WuG,BTI_Delta,9.546741177474825,9.251029
WuG-2a,WuG,BTI_Delta,10.546945414808707,9.251029
WuG-2a,WuG,BTI_BA.1,8.368925174747135,8.856275
WuG-2a,WuG,BTI_BA.1,9.175955945114351,8.856275
WuG-2a,WuG,BTI_BA.1,9.828063329889288,8.856275
WuG-2a,WuG,BTI_BA.2.12.1,8.79920924224139,8.323704
WuG-2a,WuG,BTI_BA.4/5,8.40827078419205,8.312755
WuG-2b,WuG,Conv_Delta,8.688116703257823,8.0932455
WuG-2b,WuG,Conv_WT,8.83695515733143,6.5648165
WuG-2b,WuG,Conv_WT,7.099201743553092,6.5648165
WuG-2b,WuG,Conv_WT,5.717027701406222,6.5648165
WuG-2b,WuG,Vac_Mod,7.149131598557407,6.833015
WuG-2b,WuG,Vac_Mod,7.65491704784832,6.833015
WuG-2b,WuG,Vac_Pfiz,6.309918278226516,5.458421
WuG-2b,WuG,Vac_Pfiz,6.386879319362645,5.458421
WuG-2b,WuG,Vac_Pfiz,4.48863636973214,5.458421
WuG-2b,WuG,Boost_Mod,8.60135049942296,8.0769
WuG-2b,WuG,Boost_Mod,9.330343164370879,8.0769
WuG-2b,WuG,Boost_Mod,7.9441374911141125,8.0769
WuG-2b,WuG,Boost_Pfiz,8.367532416861831,7.562695
WuG-2b,WuG,Boost_Pfiz,8.046549357283078,7.562695
WuG-2b,WuG,Bi-valent Boost,9.86998247397873,8.998472
WuG-2b,WuG,BTI_Delta,8.066835314417336,8.673962
WuG-2b,WuG,BTI_Delta,9.512369038134885,8.673962
WuG-2b,WuG,BTI_Delta,9.414994033976548,8.673962
WuG-2b,WuG,BTI_BA.1,7.823645930834952,8.256285
WuG-2b,WuG,BTI_BA.1,8.74623928838306,8.256285
WuG-2b,WuG,BTI_BA.1,9.267287652417933,8.256285
WuG-2b,WuG,BTI_BA.2.12.1,8.873047798971067,7.9190364
WuG-2b,WuG,BTI_BA.4/5,8.48301573961465,7.846214
WuG-2c,WuG,Conv_Delta,9.069813136839207,8.667157
WuG-2c,WuG,Conv_WT,8.843326450242271,7.042986
WuG-2c,WuG,Conv_WT,7.017506142941256,7.042986
WuG-2c,WuG,Conv_WT,5.71042701737487,7.042986
WuG-2c,WuG,Vac_Mod,7.195187320178709,7.376296
WuG-2c,WuG,Vac_Mod,7.5953872788539725,7.376296
WuG-2c,WuG,Vac_Pfiz,6.5722825426940075,5.900209
WuG-2c,WuG,Vac_Pfiz,6.675823221634848,5.900209
WuG-2c,WuG,Vac_Pfiz,5.111987788356544,5.900209
WuG-2c,WuG,Boost_Mod,8.787067645218054,8.660446
WuG-2c,WuG,Boost_Mod,9.189831495344642,8.660446
WuG-2c,WuG,Boost_Mod,7.99799931797973,8.660446
WuG-2c,WuG,Boost_Pfiz,8.216628493133443,8.13581
WuG-2c,WuG,Boost_Pfiz,8.008698182988528,8.13581
WuG-2c,WuG,Bi-valent Boost,10.287150034683448,9.503596
WuG-2c,WuG,BTI_Delta,8.613593685702552,9.370665
WuG-2c,WuG,BTI_Delta,9.817820725779036,9.370665
WuG-2c,WuG,BTI_Delta,9.719444514843833,9.370665
WuG-2c,WuG,BTI_BA.1,8.078998258685154,8.957825
WuG-2c,WuG,BTI_BA.1,9.241645221804594,8.957825
WuG-2c,WuG,BTI_BA.1,9.771554881275302,8.957825
WuG-2c,WuG,BTI_BA.2.12.1,8.816260208734581,8.426969
WuG-2c,WuG,BTI_BA.4/5,8.829372735468406,8.4110565
WuG-2d,WuG,Conv_Delta,9.404013917106361,8.782552
WuG-2d,WuG,Conv_WT,8.534246945982066,7.018736
WuG-2d,WuG,Conv_WT,6.779921907472252,7.018736
WuG-2d,WuG,Conv_WT,5.71042701737487,7.018736
WuG-2d,WuG,Vac_Mod,7.084226422097916,7.404408
WuG-2d,WuG,Vac_Mod,7.65491704784832,7.404408
WuG-2d,WuG,Vac_Pfiz,6.304448802421981,5.847834
WuG-2d,WuG,Vac_Pfiz,6.025865973825314,5.847834
WuG-2d,WuG,Vac_Pfiz,4.804021044733257,5.847834
WuG-2d,WuG,Boost_Mod,8.99961934066053,8.752651
WuG-2d,WuG,Boost_Mod,9.317758768743452,8.752651
WuG-2d,WuG,Boost_Mod,7.988542982737695,8.752651
WuG-2d,WuG,Boost_Pfiz,8.4071550862073,8.129425
WuG-2d,WuG,Boost_Pfiz,8.014996894348302,8.129425
WuG-2d,WuG,Bi-valent Boost,10.196418326423577,9.530351
WuG-2d,WuG,BTI_Delta,8.718172930028725,9.39145
WuG-2d,WuG,BTI_Delta,9.595942850988095,9.39145
WuG-2d,WuG,BTI_Delta,9.794899612119229,9.39145
WuG-2d,WuG,BTI_BA.1,8.064636475774222,9.049558
WuG-2d,WuG,BTI_BA.1,9.107088742165708,9.049558
WuG-2d,WuG,BTI_BA.1,9.667132107249687,9.049558
WuG-2d,WuG,BTI_BA.2.12.1,8.903815211722922,8.516577
WuG-2d,WuG,BTI_BA.4/5,8.7509996908987,8.390437
WuG-4a,WuG,Conv_Delta,8.624611588183507,8.459036
WuG-4a,WuG,Conv_WT,8.361474616416817,6.520697
WuG-4a,WuG,Conv_WT,6.670766320845874,6.520697
WuG-4a,WuG,Conv_WT,4.859812404361672,6.520697
WuG-4a,WuG,Vac_Mod,7.003065458786462,6.7808895
WuG-4a,WuG,Vac_Mod,7.1770187659099,6.7808895
WuG-4a,WuG,Vac_Pfiz,6.052089168924417,5.3353887
WuG-4a,WuG,Vac_Pfiz,5.71042701737487,5.3353887
WuG-4a,WuG,Vac_Pfiz,4.394449154672439,5.3353887
WuG-4a,WuG,Boost_Mod,8.132706489693264,8.146176
WuG-4a,WuG,Boost_Mod,8.713417653379183,8.146176
WuG-4a,WuG,Boost_Mod,7.269616749608169,8.146176
WuG-4a,WuG,Boost_Pfiz,7.213031659834869,7.443042
WuG-4a,WuG,Boost_Pfiz,7.188412736496954,7.443042
WuG-4a,WuG,Bi-valent Boost,9.102309627762478,9.069886
WuG-4a,WuG,BTI_Delta,7.428333194190806,8.65463
WuG-4a,WuG,BTI_Delta,8.11162807830774,8.65463
WuG-4a,WuG,BTI_Delta,9.702777967428895,8.65463
WuG-4a,WuG,BTI_BA.1,7.324489979348532,8.358123
WuG-4a,WuG,BTI_BA.1,8.161089512845797,8.358123
WuG-4a,WuG,BTI_BA.1,9.290075339995036,8.358123
WuG-4a,WuG,BTI_BA.2.12.1,7.862497197230545,7.9958773
WuG-4a,WuG,BTI_BA.4/5,7.794411205726601,7.9075294
WuG-5a,WuG,Conv_Delta,8.246433786160365,8.449945
WuG-5a,WuG,Conv_WT,8.369620826949102,6.5036
WuG-5a,WuG,Conv_WT,6.760414691083428,6.5036
WuG-5a,WuG,Conv_WT,4.844187086458591,6.5036
WuG-5a,WuG,Vac_Mod,6.400257445308821,6.7039356
WuG-5a,WuG,Vac_Mod,6.931471805599453,6.7039356
WuG-5a,WuG,Vac_Pfiz,5.820082930352362,5.2877846
WuG-5a,WuG,Vac_Pfiz,5.4680601411351315,5.2877846
WuG-5a,WuG,Vac_Pfiz,4.454347296253507,5.2877846
WuG-5a,WuG,Boost_Mod,8.321664807135,8.144521
WuG-5a,WuG,Boost_Mod,8.729397122692061,8.144521
WuG-5a,WuG,Boost_Mod,7.244941546337007,8.144521
WuG-5a,WuG,Boost_Pfiz,7.27931883541462,7.411946
WuG-5a,WuG,Boost_Pfiz,7.094234845924755,7.411946
WuG-5a,WuG,Bi-valent Boost,9.092457331319466,9.054423
WuG-5a,WuG,BTI_Delta,8.130647968160584,8.608095
WuG-5a,WuG,BTI_Delta,8.36450810375059,8.608095
WuG-5a,WuG,BTI_Delta,9.939144229744162,8.608095
WuG-5a,WuG,BTI_BA.1,7.252762418053187,8.29943
WuG-5a,WuG,BTI_BA.1,8.440744019252831,8.29943
WuG-5a,WuG,BTI_BA.1,9.237858258012922,8.29943
WuG-5a,WuG,BTI_BA.2.12.1,7.671360923190644,7.9666185
WuG-5a,WuG,BTI_BA.4/5,7.8083230503910555,7.892911
BA.5,BA.5,Conv_Delta,5.5134287461649825,5.8004494
BA.5,BA.2,Conv_Delta,5.5134287461649825,5.8004494
BA.5,BA.5,Conv_WT,6.284134161070802,4.9477696
BA.5,BA.2,Conv_WT,6.284134161070802,4.9477696
BA.5,BA.5,Conv_WT,5.111987788356544,4.9477696
BA.5,BA.2,Conv_WT,5.111987788356544,4.9477696
BA.5,BA.5,Conv_WT,3.091042453358316,4.9477696
BA.5,BA.2,Conv_WT,3.091042453358316,4.9477696
BA.5,BA.5,Vac_Mod,3.9512437185814275,4.320888
BA.5,BA.2,Vac_Mod,3.9512437185814275,4.320888
BA.5,BA.5,Vac_Mod,4.499809670330265,4.320888
BA.5,BA.2,Vac_Mod,4.499809670330265,4.320888
BA.5,BA.5,Vac_Pfiz,3.044522437723423,3.0232363
BA.5,BA.2,Vac_Pfiz,3.044522437723423,3.0232363
BA.5,BA.5,Vac_Pfiz,3.258096538021482,3.0232363
BA.5,BA.2,Vac_Pfiz,3.258096538021482,3.0232363
BA.5,BA.5,Vac_Pfiz,2.302585092994046,3.0232363
BA.5,BA.2,Vac_Pfiz,2.302585092994046,3.0232363
BA.5,BA.5,Boost_Mod,6.720220155135295,6.7280426
BA.5,BA.2,Boost_Mod,6.720220155135295,6.7280426
BA.5,BA.5,Boost_Mod,7.213031659834869,6.7280426
BA.5,BA.2,Boost_Mod,7.213031659834869,6.7280426
BA.5,BA.5,Boost_Mod,6.269096283706261,6.7280426
BA.5,BA.2,Boost_Mod,6.269096283706261,6.7280426
BA.5,BA.5,Boost_Pfiz,5.87493073085203,6.079865
BA.5,BA.2,Boost_Pfiz,5.87493073085203,6.079865
BA.5,BA.5,Boost_Pfiz,6.1224928095143865,6.079865
BA.5,BA.2,Boost_Pfiz,6.1224928095143865,6.079865
BA.5,BA.5,Bi-valent Boost,8.554488976159934,8.59689
BA.5,BA.2,Bi-valent Boost,8.554488976159934,8.59689
BA.5,BA.5,BTI_Delta,6.263398262591624,7.103221
BA.5,BA.2,BTI_Delta,6.263398262591624,7.103221
BA.5,BA.5,BTI_Delta,7.222566018822171,7.103221
BA.5,BA.2,BTI_Delta,7.222566018822171,7.103221
BA.5,BA.5,BTI_Delta,7.103322062526113,7.103221
BA.5,BA.2,BTI_Delta,7.103322062526113,7.103221
BA.5,BA.5,BTI_BA.1,5.493061443340548,7.1866493
BA.5,BA.2,BTI_BA.1,5.493061443340548,7.1866493
BA.5,BA.5,BTI_BA.1,7.344072850573066,7.1866493
BA.5,BA.2,BTI_BA.1,7.344072850573066,7.1866493
BA.5,BA.5,BTI_BA.1,8.006700845440367,7.1866493
BA.5,BA.2,BTI_BA.1,8.006700845440367,7.1866493
BA.5,BA.5,BTI_BA.2.12.1,6.931471805599453,7.010952
BA.5,BA.2,BTI_BA.2.12.1,6.931471805599453,7.010952
BA.5,BA.5,BTI_BA.4/5,7.215239978730097,7.057845
BA.5,BA.2,BTI_BA.4/5,7.215239978730097,7.057845
BA.5-1g,BA.5,Conv_Delta,5.968707559985366,5.5337896
BA.5-1g,BA.5,Conv_WT,6.255750041753367,4.742959
BA.5-1g,BA.5,Conv_WT,5.521460917862246,4.742959
BA.5-1g,BA.5,Conv_WT,2.302585092994046,4.742959
BA.5-1g,BA.5,Vac_Mod,3.828641396489095,4.104397
BA.5-1g,BA.5,Vac_Mod,4.844187086458591,4.104397
BA.5-1g,BA.5,Vac_Pfiz,3.295836866004329,2.8283794
BA.5-1g,BA.5,Vac_Pfiz,2.302585092994046,2.8283794
BA.5-1g,BA.5,Boost_Mod,6.030685260261263,6.4574547
BA.5-1g,BA.5,Boost_Mod,6.761572768804055,6.4574547
BA.5-1g,BA.5,Boost_Mod,6.184148890937483,6.4574547
BA.5-1g,BA.5,Boost_Pfiz,5.579729825986222,5.8322973
BA.5-1g,BA.5,Boost_Pfiz,5.730099782973574,5.8322973
BA.5-1g,BA.5,Bi-valent Boost,8.903951072058707,8.408251
BA.5-1g,BA.5,BTI_Delta,6.385194398997726,6.7704144
BA.5-1g,BA.5,BTI_Delta,7.061334366910438,6.7704144
BA.5-1g,BA.5,BTI_Delta,6.664409020350408,6.7704144
BA.5-1g,BA.5,BTI_BA.1,5.365976015021851,6.7977667
BA.5-1g,BA.5,BTI_BA.1,6.968850378341948,6.7977667
BA.5-1g,BA.5,BTI_BA.1,8.386400901166214,6.7977667
BA.5-1g,BA.5,BTI_BA.2.12.1,6.787844982309579,6.809087
BA.5-1g,BA.5,BTI_BA.4/5,6.580639137284949,6.7963
BA.5-2d,BA.5,Conv_Delta,6.3784261836515865,5.806351
BA.5-2d,BA.5,Conv_WT,6.210600077024653,4.845991
BA.5-2d,BA.5,Conv_WT,5.68697535633982,4.845991
BA.5-2d,BA.5,Conv_WT,2.302585092994046,4.845991
BA.5-2d,BA.5,Vac_Mod,4.007333185232471,4.2934346
BA.5-2d,BA.5,Vac_Mod,5.081404364984463,4.2934346
BA.5-2d,BA.5,Vac_Pfiz,3.6375861597263857,2.9693925
BA.5-2d,BA.5,Vac_Pfiz,2.302585092994046,2.9693925
BA.5-2d,BA.5,Boost_Mod,6.541029999189903,6.626105
BA.5-2d,BA.5,Boost_Mod,7.1180162044653335,6.626105
BA.5-2d,BA.5,Boost_Mod,6.548219102762372,6.626105
BA.5-2d,BA.5,Boost_Pfiz,5.765191102784844,5.9503813
BA.5-2d,BA.5,Boost_Pfiz,5.966146739123692,5.9503813
BA.5-2d,BA.5,Bi-valent Boost,8.828201089171515,8.512359
BA.5-2d,BA.5,BTI_Delta,6.495265555937008,6.947031
BA.5-2d,BA.5,BTI_Delta,7.254177846456518,6.947031
BA.5-2d,BA.5,BTI_Delta,6.92951677076365,6.947031
BA.5-2d,BA.5,BTI_BA.1,5.209486152841421,7.0191455
BA.5-2d,BA.5,BTI_BA.1,7.310550158534422,7.0191455
BA.5-2d,BA.5,BTI_BA.1,8.402679804627477,7.0191455
BA.5-2d,BA.5,BTI_BA.2.12.1,6.831953565565855,6.9081125
BA.5-2d,BA.5,BTI_BA.4/5,6.863803391452954,6.949271
BA.5-2e,BA.5,Conv_Delta,5.75890177387728,5.6640015
BA.5-2e,BA.5,Conv_WT,6.391917113392602,4.696955
BA.5-2e,BA.5,Conv_WT,5.187385805840755,4.696955
BA.5-2e,BA.5,Conv_WT,2.302585092994046,4.696955
BA.5-2e,BA.5,Vac_Mod,4.110873864173311,4.0584717
BA.5-2e,BA.5,Vac_Mod,4.418840607796598,4.0584717
BA.5-2e,BA.5,Vac_Pfiz,3.5553480614894135,2.7920365
BA.5-2e,BA.5,Vac_Pfiz,2.302585092994046,2.7920365
BA.5-2e,BA.5,Boost_Mod,6.555356891810665,6.4437256
BA.5-2e,BA.5,Boost_Mod,6.890609120147166,6.4437256
BA.5-2e,BA.5,Boost_Mod,5.973809611869261,6.4437256
BA.5-2e,BA.5,Boost_Pfiz,5.402677381872279,5.7007074
BA.5-2e,BA.5,Boost_Pfiz,5.720311776607412,5.7007074
BA.5-2e,BA.5,Bi-valent Boost,8.330622620332868,8.3737955
BA.5-2e,BA.5,BTI_Delta,6.186208623900494,6.7202935
BA.5-2e,BA.5,BTI_Delta,7.039660349862076,6.7202935
BA.5-2e,BA.5,BTI_Delta,6.450470422144176,6.7202935
BA.5-2e,BA.5,BTI_BA.1,5.056245805348308,6.876314
BA.5-2e,BA.5,BTI_BA.1,6.656726524178391,6.876314
BA.5-2e,BA.5,BTI_BA.1,8.424419791263883,6.876314
BA.5-2e,BA.5,BTI_BA.2.12.1,6.594413459749778,6.788071
BA.5-2e,BA.5,BTI_BA.4/5,6.666956792429207,6.810275
BA.5-2f,BA.5,Conv_Delta,5.3612921657094255,5.772129
BA.5-2f,BA.5,Conv_WT,6.553933404025811,4.8137455
BA.5-2f,BA.5,Conv_WT,5.869296913133774,4.8137455
BA.5-2f,BA.5,Conv_WT,3.1780538303479458,4.8137455
BA.5-2f,BA.5,Vac_Mod,3.6109179126442243,4.117525
BA.5-2f,BA.5,Vac_Mod,5.056245805348308,4.117525
BA.5-2f,BA.5,Vac_Pfiz,2.302585092994046,2.8711483
BA.5-2f,BA.5,Vac_Pfiz,3.8918202981106265,2.8711483
BA.5-2f,BA.5,Boost_Mod,6.51025834052315,6.60061
BA.5-2f,BA.5,Boost_Mod,7.195187320178709,6.60061
BA.5-2f,BA.5,Boost_Mod,6.450470422144176,6.60061
BA.5-2f,BA.5,Boost_Pfiz,6.411818267709897,5.919464
BA.5-2f,BA.5,Boost_Pfiz,6.028278520230698,5.919464
BA.5-2f,BA.5,Bi-valent Boost,8.789355452209982,8.547696
BA.5-2f,BA.5,BTI_Delta,6.828712071641684,6.93357
BA.5-2f,BA.5,BTI_Delta,7.830822995135316,6.93357
BA.5-2f,BA.5,BTI_Delta,7.3632795869630385,6.93357
BA.5-2f,BA.5,BTI_BA.1,5.910796644040527,7.049749
BA.5-2f,BA.5,BTI_BA.1,8.112827478751374,7.049749
BA.5-2f,BA.5,BTI_BA.1,8.403128235128264,7.049749
BA.5-2f,BA.5,BTI_BA.2.12.1,6.934397209928558,6.9012613
BA.5-2f,BA.5,BTI_BA.4/5,7.046647277848756,6.99312
BA.5-3a,BA.5,Conv_Delta,6.2324480165505225,5.623274
BA.5-3a,BA.5,Conv_WT,6.398594934535208,4.64987
BA.5-3a,BA.5,Conv_WT,5.683579767338681,4.64987
BA.5-3a,BA.5,Conv_WT,2.302585092994046,4.64987
BA.5-3a,BA.5,Vac_Mod,3.4965075614664802,3.9354413
BA.5-3a,BA.5,Vac_Mod,4.787491742782046,3.9354413
BA.5-3a,BA.5,Vac_Pfiz,3.2188758248682006,2.693134
BA.5-3a,BA.5,Vac_Pfiz,2.302585092994046,2.693134
BA.5-3a,BA.5,Boost_Mod,6.240275845170769,6.386181
BA.5-3a,BA.5,Boost_Mod,6.732210706467206,6.386181
BA.5-3a,BA.5,Boost_Mod,6.148468295917647,6.386181
BA.5-3a,BA.5,Boost_Pfiz,5.631211781821365,5.629237
BA.5-3a,BA.5,Boost_Pfiz,5.768320995793772,5.629237
BA.5-3a,BA.5,Bi-valent Boost,8.460834457746854,8.310074
BA.5-3a,BA.5,BTI_Delta,6.343880434126331,6.6267414
BA.5-3a,BA.5,BTI_Delta,7.247792581767846,6.6267414
BA.5-3a,BA.5,BTI_Delta,6.5998704992128365,6.6267414
BA.5-3a,BA.5,BTI_BA.1,5.501258210544727,6.734741
BA.5-3a,BA.5,BTI_BA.1,6.97914527506881,6.734741
BA.5-3a,BA.5,BTI_BA.1,7.928045600874777,6.734741
BA.5-3a,BA.5,BTI_BA.2.12.1,6.617402977974478,6.7243156
BA.5-3a,BA.5,BTI_BA.4/5,6.561030665896573,6.748752
BA.5-3b,BA.5,Conv_Delta,6.040254711277414,5.6655455
BA.5-3b,BA.5,Conv_WT,5.87493073085203,4.651521
BA.5-3b,BA.5,Conv_WT,5.0106352940962555,4.651521
BA.5-3b,BA.5,Conv_WT,2.302585092994046,4.651521
BA.5-3b,BA.5,Vac_Mod,3.4657359027997265,3.9708874
BA.5-3b,BA.5,Vac_Mod,4.418840607796598,3.9708874
BA.5-3b,BA.5,Vac_Pfiz,2.302585092994046,2.7348995
BA.5-3b,BA.5,Boost_Mod,6.236369590203704,6.3972006
BA.5-3b,BA.5,Boost_Mod,6.90975328164481,6.3972006
BA.5-3b,BA.5,Boost_Mod,6.161207321695077,6.3972006
BA.5-3b,BA.5,Boost_Pfiz,5.5909869805108565,5.647376
BA.5-3b,BA.5,Boost_Pfiz,5.746203190540153,5.647376
BA.5-3b,BA.5,Bi-valent Boost,8.582044163735853,8.375898
BA.5-3b,BA.5,BTI_Delta,6.0112671744041615,6.668537
BA.5-3b,BA.5,BTI_Delta,7.465082736399547,6.668537
BA.5-3b,BA.5,BTI_Delta,6.51471269087253,6.668537
BA.5-3b,BA.5,BTI_BA.1,5.402677381872279,6.83342
BA.5-3b,BA.5,BTI_BA.1,7.285506548522785,6.83342
BA.5-3b,BA.5,BTI_BA.1,8.24117615049496,6.83342
BA.5-3b,BA.5,BTI_BA.2.12.1,6.733401891837359,6.7568936
BA.5-3b,BA.5,BTI_BA.4/5,6.90975328164481,6.8033905
BA.5-5a,BA.5,Conv_Delta,5.981414211254481,5.5732684
BA.5-5a,BA.5,Conv_WT,5.752572638825633,4.4173946
BA.5-5a,BA.5,Conv_WT,5.225746673713202,4.4173946
BA.5-5a,BA.5,Conv_WT,2.302585092994046,4.4173946
BA.5-5a,BA.5,Vac_Mod,3.332204510175204,3.7374835
BA.5-5a,BA.5,Vac_Mod,4.02535169073515,3.7374835
BA.5-5a,BA.5,Vac_Pfiz,2.302585092994046,2.5119872
BA.5-5a,BA.5,Boost_Mod,6.366470447731438,6.1229753
BA.5-5a,BA.5,Boost_Mod,6.673297967767654,6.1229753
BA.5-5a,BA.5,Boost_Mod,5.796057750765372,6.1229753
BA.5-5a,BA.5,Boost_Pfiz,5.176149732573829,5.352954
BA.5-5a,BA.5,Boost_Pfiz,5.641907070938114,5.352954
BA.5-5a,BA.5,Bi-valent Boost,8.389132521348719,8.164934
BA.5-5a,BA.5,BTI_Delta,5.983936280687191,6.3260098
BA.5-5a,BA.5,BTI_Delta,6.994849985833071,6.3260098
BA.5-5a,BA.5,BTI_Delta,6.293419278846481,6.3260098
BA.5-5a,BA.5,BTI_BA.1,4.564348191467836,6.475802
BA.5-5a,BA.5,BTI_BA.1,6.56244409369372,6.475802
BA.5-5a,BA.5,BTI_BA.1,7.845024417241484,6.475802
BA.5-5a,BA.5,BTI_BA.2.12.1,6.617402977974478,6.513225
BA.5-5a,BA.5,BTI_BA.4/5,6.693323668269949,6.5680437
BA.5-5b,BA.5,Conv_Delta,5.627621113690637,5.5949535
BA.5-5b,BA.5,Conv_WT,5.5909869805108565,4.515846
BA.5-5b,BA.5,Conv_WT,4.955827057601261,4.515846
BA.5-5b,BA.5,Conv_WT,2.302585092994046,4.515846
BA.5-5b,BA.5,Vac_Mod,2.302585092994046,3.7320786
BA.5-5b,BA.5,Vac_Mod,4.02535169073515,3.7320786
BA.5-5b,BA.5,Vac_Pfiz,2.302585092994046,2.541046
BA.5-5b,BA.5,Boost_Mod,6.253828811575473,6.258748
BA.5-5b,BA.5,Boost_Mod,6.52649485957079,6.258748
BA.5-5b,BA.5,Boost_Mod,5.8522024797744745,6.258748
BA.5-5b,BA.5,Boost_Pfiz,5.389071729816501,5.4688363
BA.5-5b,BA.5,Boost_Pfiz,5.662960480135946,5.4688363
BA.5-5b,BA.5,Bi-valent Boost,8.48632152774915,8.2608795
BA.5-5b,BA.5,BTI_Delta,5.945420608606575,6.4570904
BA.5-5b,BA.5,BTI_Delta,6.9650803456014065,6.4570904
BA.5-5b,BA.5,BTI_Delta,6.297109319933935,6.4570904
BA.5-5b,BA.5,BTI_BA.1,4.8283137373023015,6.5978413
BA.5-5b,BA.5,BTI_BA.1,6.913737350659685,6.5978413
BA.5-5b,BA.5,BTI_BA.1,7.620214770574455,6.5978413
BA.5-5b,BA.5,BTI_BA.2.12.1,6.51471269087253,6.614625
BA.5-5b,BA.5,BTI_BA.4/5,6.6895992691789665,6.6840277
BA.5-4a,BA.5,Conv_Delta,5.75890177387728,5.604043
BA.5-4a,BA.5,Conv_WT,5.717027701406222,4.532943
BA.5-4a,BA.5,Conv_WT,5.170483995038151,4.532943
BA.5-4a,BA.5,Conv_WT,2.302585092994046,4.532943
BA.5-4a,BA.5,Vac_Mod,3.58351893845611,3.8090322
BA.5-4a,BA.5,Vac_Mod,4.465908118654584,3.8090322
BA.5-4a,BA.5,Vac_Pfiz,2.302585092994046,2.5886502
BA.5-4a,BA.5,Boost_Mod,6.037870919922137,6.260403
BA.5-4a,BA.5,Boost_Mod,6.747586526829315,6.260403
BA.5-4a,BA.5,Boost_Mod,5.978885764901122,6.260403
BA.5-4a,BA.5,Boost_Pfiz,5.697093486505405,5.4999323
BA.5-4a,BA.5,Boost_Pfiz,5.351858133476067,5.4999323
BA.5-4a,BA.5,Bi-valent Boost,8.574140471857987,8.276343
BA.5-4a,BA.5,BTI_Delta,6.09807428216624,6.5036254
BA.5-4a,BA.5,BTI_Delta,6.948897222313312,6.5036254
BA.5-4a,BA.5,BTI_Delta,6.418364935936212,6.5036254
BA.5-4a,BA.5,BTI_BA.1,5.0106352940962555,6.656534
BA.5-4a,BA.5,BTI_BA.1,6.60934924316738,6.656534
BA.5-4a,BA.5,BTI_BA.1,7.777373602657861,6.656534
BA.5-4a,BA.5,BTI_BA.2.12.1,6.652863029353347,6.6438837
BA.5-4a,BA.5,BTI_BA.4/5,6.811244378601294,6.698646
BA.2.12.1-2a,BA.2.12.1,Conv_Delta,7.5883236773352225,5.8978767
BA.2.12.1-2a,BA.2.12.1,Conv_WT,6.542471960506805,4.671217
BA.2.12.1-2a,BA.2.12.1,Conv_WT,5.4116460518550396,4.671217
BA.2.12.1-2a,BA.2.12.1,Conv_WT,2.302585092994046,4.671217
BA.2.12.1-2a,BA.2.12.1,Vac_Mod,3.8066624897703196,4.1118827
BA.2.12.1-2a,BA.2.12.1,Vac_Mod,4.634728988229636,4.1118827
BA.2.12.1-2a,BA.2.12.1,Vac_Pfiz,3.8066624897703196,3.0724156
BA.2.12.1-2a,BA.2.12.1,Vac_Pfiz,3.2188758248682006,3.0724156
BA.2.12.1-2a,BA.2.12.1,Vac_Pfiz,2.302585092994046,3.0724156
BA.2.12.1-2a,BA.2.12.1,Boost_Mod,6.633318433280377,6.570634
BA.2.12.1-2a,BA.2.12.1,Boost_Mod,7.23561914106675,6.570634
BA.2.12.1-2a,BA.2.12.1,Boost_Mod,6.035481432524756,6.570634
BA.2.12.1-2a,BA.2.12.1,Boost_Pfiz,5.883322388488279,5.9155807
BA.2.12.1-2a,BA.2.12.1,Boost_Pfiz,5.8916442118257715,5.9155807
BA.2.12.1-2a,BA.2.12.1,Bi-valent Boost,8.237214703349489,8.1952505
BA.2.12.1-2a,BA.2.12.1,BTI_Delta,6.580639137284949,6.800309
BA.2.12.1-2a,BA.2.12.1,BTI_Delta,7.552762084214147,6.800309
BA.2.12.1-2a,BA.2.12.1,BTI_Delta,6.927557906278317,6.800309
BA.2.12.1-2a,BA.2.12.1,BTI_BA.1,5.655991810819852,7.0127106
BA.2.12.1-2a,BA.2.12.1,BTI_BA.1,7.382746449738912,7.0127106
BA.2.12.1-2a,BA.2.12.1,BTI_BA.1,8.32093496888341,7.0127106
BA.2.12.1-2a,BA.2.12.1,BTI_BA.2.12.1,7.729295674310482,7.0126834
BA.2.12.1-2a,BA.2.12.1,BTI_BA.4/5,7.486613313139955,6.9637446
BA.2.12.1-2b,BA.2.12.1,Conv_Delta,5.8664680569332965,5.7440343
BA.2.12.1-2b,BA.2.12.1,Conv_WT,5.968707559985366,4.773404
BA.2.12.1-2b,BA.2.12.1,Conv_WT,5.262690188904886,4.773404
BA.2.12.1-2b,BA.2.12.1,Conv_WT,2.302585092994046,4.773404
BA.2.12.1-2b,BA.2.12.1,Vac_Mod,3.7612001156935624,4.2703347
BA.2.12.1-2b,BA.2.12.1,Vac_Mod,4.31748811353631,4.2703347
BA.2.12.1-2b,BA.2.12.1,Vac_Pfiz,3.58351893845611,3.1317701
BA.2.12.1-2b,BA.2.12.1,Vac_Pfiz,3.4657359027997265,3.1317701
BA.2.12.1-2b,BA.2.12.1,Vac_Pfiz,2.302585092994046,3.1317701
BA.2.12.1-2b,BA.2.12.1,Boost_Mod,6.5337888379333435,6.6081014
BA.2.12.1-2b,BA.2.12.1,Boost_Mod,6.670766320845874,6.6081014
BA.2.12.1-2b,BA.2.12.1,Boost_Mod,5.940171252720432,6.6081014
BA.2.12.1-2b,BA.2.12.1,Boost_Pfiz,6.049733455231958,6.0538745
BA.2.12.1-2b,BA.2.12.1,Boost_Pfiz,5.786897381366708,6.0538745
BA.2.12.1-2b,BA.2.12.1,Bi-valent Boost,8.240385115516334,8.317179
BA.2.12.1-2b,BA.2.12.1,BTI_Delta,6.476972362889683,7.01068
BA.2.12.1-2b,BA.2.12.1,BTI_Delta,7.66105638236183,7.01068
BA.2.12.1-2b,BA.2.12.1,BTI_Delta,6.74993119378857,7.01068
BA.2.12.1-2b,BA.2.12.1,BTI_BA.1,5.631211781821365,7.217128
BA.2.12.1-2b,BA.2.12.1,BTI_BA.1,8.183676582620658,7.217128
BA.2.12.1-2b,BA.2.12.1,BTI_BA.1,8.408493774492896,7.217128
BA.2.12.1-2b,BA.2.12.1,BTI_BA.2.12.1,6.786716950605081,7.0397305
BA.2.12.1-2b,BA.2.12.1,BTI_BA.4/5,6.71174039505618,7.0439606
BA.2.12.1-2d,BA.2.12.1,Conv_Delta,2.302585092994046,5.6479673
BA.2.12.1-2d,BA.2.12.1,Conv_WT,6.236369590203704,4.7836127
BA.2.12.1-2d,BA.2.12.1,Conv_WT,5.752572638825633,4.7836127
BA.2.12.1-2d,BA.2.12.1,Conv_WT,2.302585092994046,4.7836127
BA.2.12.1-2d,BA.2.12.1,Vac_Mod,4.110873864173311,4.3477373
BA.2.12.1-2d,BA.2.12.1,Vac_Mod,4.882801922586371,4.3477373
BA.2.12.1-2d,BA.2.12.1,Vac_Pfiz,3.4965075614664802,3.144338
BA.2.12.1-2d,BA.2.12.1,Vac_Pfiz,2.302585092994046,3.144338
BA.2.12.1-2d,BA.2.12.1,Boost_Mod,6.92461239604856,6.8044453
BA.2.12.1-2d,BA.2.12.1,Boost_Mod,7.243512974665482,6.8044453
BA.2.12.1-2d,BA.2.12.1,Boost_Mod,6.664409020350408,6.8044453
BA.2.12.1-2d,BA.2.12.1,Boost_Pfiz,6.302618975744905,6.2308497
BA.2.12.1-2d,BA.2.12.1,Boost_Pfiz,6.042632833682381,6.2308497
BA.2.12.1-2d,BA.2.12.1,Bi-valent Boost,8.408493774492896,8.406186
BA.2.12.1-2d,BA.2.12.1,BTI_Delta,6.481577129276431,6.961359
BA.2.12.1-2d,BA.2.12.1,BTI_Delta,7.438971592395862,6.961359
BA.2.12.1-2d,BA.2.12.1,BTI_Delta,6.525029657843462,6.961359
BA.2.12.1-2d,BA.2.12.1,BTI_BA.1,5.375278407684165,7.156125
BA.2.12.1-2d,BA.2.12.1,BTI_BA.1,6.911747300251674,7.156125
BA.2.12.1-2d,BA.2.12.1,BTI_BA.1,8.260234291607297,7.156125
BA.2.12.1-2d,BA.2.12.1,BTI_BA.2.12.1,7.183111701743281,7.2407465
BA.2.12.1-2d,BA.2.12.1,BTI_BA.4/5,6.582025138892826,7.1148176
BA.2.12.1-2e,BA.2.12.1,Conv_Delta,6.530877627725885,5.6715
BA.2.12.1-2e,BA.2.12.1,Conv_WT,6.699500340161678,4.690717
BA.2.12.1-2e,BA.2.12.1,Conv_WT,5.869296913133774,4.690717
BA.2.12.1-2e,BA.2.12.1,Conv_WT,3.332204510175204,4.690717
BA.2.12.1-2e,BA.2.12.1,Vac_Mod,5.093750200806762,4.221798
BA.2.12.1-2e,BA.2.12.1,Vac_Mod,5.298317366548036,4.221798
BA.2.12.1-2e,BA.2.12.1,Vac_Pfiz,4.48863636973214,3.1442318
BA.2.12.1-2e,BA.2.12.1,Vac_Pfiz,4.174387269895637,3.1442318
BA.2.12.1-2e,BA.2.12.1,Vac_Pfiz,3.4657359027997265,3.1442318
BA.2.12.1-2e,BA.2.12.1,Boost_Mod,6.858565034791365,6.66397
BA.2.12.1-2e,BA.2.12.1,Boost_Mod,7.4949862339505335,6.66397
BA.2.12.1-2e,BA.2.12.1,Boost_Mod,6.473890696352274,6.66397
BA.2.12.1-2e,BA.2.12.1,Boost_Pfiz,6.523562306149512,6.0593076
BA.2.12.1-2e,BA.2.12.1,Boost_Pfiz,6.073044534100405,6.0593076
BA.2.12.1-2e,BA.2.12.1,Bi-valent Boost,8.743372131273969,8.266366
BA.2.12.1-2e,BA.2.12.1,BTI_Delta,7.038783541388542,6.79597
BA.2.12.1-2e,BA.2.12.1,BTI_Delta,7.568379267836522,6.79597
BA.2.12.1-2e,BA.2.12.1,BTI_Delta,6.988413181999592,6.79597
BA.2.12.1-2e,BA.2.12.1,BTI_BA.1,5.926926025970411,7.0384493
BA.2.12.1-2e,BA.2.12.1,BTI_BA.1,8.003363058629947,7.0384493
BA.2.12.1-2e,BA.2.12.1,BTI_BA.1,8.536995818712418,7.0384493
BA.2.12.1-2e,BA.2.12.1,BTI_BA.2.12.1,7.580189417944541,7.132165
BA.2.12.1-2e,BA.2.12.1,BTI_BA.4/5,7.0630481633881725,6.9456215
BA.2.12.1-2f,BA.2.12.1,Conv_Delta,5.288267030694535,5.5878067
BA.2.12.1-2f,BA.2.12.1,Conv_WT,5.484796933490655,4.5936174
BA.2.12.1-2f,BA.2.12.1,Conv_WT,4.997212273764115,4.5936174
BA.2.12.1-2f,BA.2.12.1,Conv_WT,2.302585092994046,4.5936174
BA.2.12.1-2f,BA.2.12.1,Vac_Mod,3.4011973816621555,4.137085
BA.2.12.1-2f,BA.2.12.1,Vac_Mod,4.276666119016055,4.137085
BA.2.12.1-2f,BA.2.12.1,Vac_Pfiz,3.2188758248682006,2.980701
BA.2.12.1-2f,BA.2.12.1,Vac_Pfiz,2.302585092994046,2.980701
BA.2.12.1-2f,BA.2.12.1,Boost_Mod,6.373319789577012,6.6182795
BA.2.12.1-2f,BA.2.12.1,Boost_Mod,6.915723448631314,6.6182795
BA.2.12.1-2f,BA.2.12.1,Boost_Mod,6.0330862217988015,6.6182795
BA.2.12.1-2f,BA.2.12.1,Boost_Pfiz,5.8289456176102075,5.992652
BA.2.12.1-2f,BA.2.12.1,Boost_Pfiz,5.726847747587197,5.992652
BA.2.12.1-2f,BA.2.12.1,Bi-valent Boost,8.273591798199632,8.259354
BA.2.12.1-2f,BA.2.12.1,BTI_Delta,5.717027701406222,6.7574587
BA.2.12.1-2f,BA.2.12.1,BTI_Delta,6.759255270663693,6.7574587
BA.2.12.1-2f,BA.2.12.1,BTI_Delta,6.565264970035361,6.7574587
BA.2.12.1-2f,BA.2.12.1,BTI_BA.1,5.407171771460119,7.042387
BA.2.12.1-2f,BA.2.12.1,BTI_BA.1,7.333023014386481,7.042387
BA.2.12.1-2f,BA.2.12.1,BTI_BA.1,8.197263371414335,7.042387
BA.2.12.1-2f,BA.2.12.1,BTI_BA.2.12.1,6.98100574072173,7.105054
BA.2.12.1-2f,BA.2.12.1,BTI_BA.4/5,7.2456550675945355,6.960667
BA.2.12.1-2g,BA.2.12.1,Conv_Delta,6.298949246855942,5.958884
BA.2.12.1-2g,BA.2.12.1,Conv_WT,7.036148493750536,5.1027603
BA.2.12.1-2g,BA.2.12.1,Conv_WT,6.274762021241939,5.1027603
BA.2.12.1-2g,BA.2.12.1,Conv_WT,4.31748811353631,5.1027603
BA.2.12.1-2g,BA.2.12.1,Vac_Mod,5.298317366548036,4.5879507
BA.2.12.1-2g,BA.2.12.1,Vac_Mod,5.983936280687191,4.5879507
BA.2.12.1-2g,BA.2.12.1,Vac_Pfiz,4.663439094112067,3.4470768
BA.2.12.1-2g,BA.2.12.1,Vac_Pfiz,3.6888794541139363,3.4470768
BA.2.12.1-2g,BA.2.12.1,Vac_Pfiz,3.4011973816621555,3.4470768
BA.2.12.1-2g,BA.2.12.1,Boost_Mod,6.8885724595653635,6.983487
BA.2.12.1-2g,BA.2.12.1,Boost_Mod,7.3632795869630385,6.983487
BA.2.12.1-2g,BA.2.12.1,Boost_Mod,6.591673732008658,6.983487
BA.2.12.1-2g,BA.2.12.1,Boost_Pfiz,6.473890696352274,6.334703
BA.2.12.1-2g,BA.2.12.1,Boost_Pfiz,6.4692503167957724,6.334703
BA.2.12.1-2g,BA.2.12.1,Bi-valent Boost,9.079662048334066,8.631754
BA.2.12.1-2g,BA.2.12.1,BTI_Delta,7.494430215031565,7.1851845
BA.2.12.1-2g,BA.2.12.1,BTI_Delta,8.10076824307173,7.1851845
BA.2.12.1-2g,BA.2.12.1,BTI_Delta,7.564757012905729,7.1851845
BA.2.12.1-2g,BA.2.12.1,BTI_BA.1,6.100318952020064,7.4014874
BA.2.12.1-2g,BA.2.12.1,BTI_BA.1,7.707062655370473,7.4014874
BA.2.12.1-2g,BA.2.12.1,BTI_BA.1,8.238536930171769,7.4014874
BA.2.12.1-2g,BA.2.12.1,BTI_BA.2.12.1,7.591861714889934,7.456345
BA.2.12.1-2g,BA.2.12.1,BTI_BA.4/5,7.583756300707112,7.3241806
BA.2.12.1-5a,BA.2.12.1,Conv_Delta,6.289715570908998,5.8904138
BA.2.12.1-5a,BA.2.12.1,Conv_WT,5.921578419643816,4.7986746
BA.2.12.1-5a,BA.2.12.1,Conv_WT,4.912654885736052,4.7986746
BA.2.12.1-5a,BA.2.12.1,Conv_WT,2.302585092994046,4.7986746
BA.2.12.1-5a,BA.2.12.1,Vac_Mod,2.302585092994046,4.1639404
BA.2.12.1-5a,BA.2.12.1,Vac_Mod,3.4339872044851463,4.1639404
BA.2.12.1-5a,BA.2.12.1,Vac_Pfiz,2.302585092994046,3.2869296
BA.2.12.1-5a,BA.2.12.1,Boost_Mod,6.894670039433482,6.76404
BA.2.12.1-5a,BA.2.12.1,Boost_Mod,8.195057690895077,6.76404
BA.2.12.1-5a,BA.2.12.1,Boost_Mod,6.100318952020064,6.76404
BA.2.12.1-5a,BA.2.12.1,Boost_Pfiz,6.421622267806518,6.0347023
BA.2.12.1-5a,BA.2.12.1,Boost_Pfiz,6.39024066706535,6.0347023
BA.2.12.1-5a,BA.2.12.1,Bi-valent Boost,8.042056410058754,8.2763
BA.2.12.1-5a,BA.2.12.1,BTI_Delta,6.295266001439646,6.7699738
BA.2.12.1-5a,BA.2.12.1,BTI_Delta,6.601230118728877,6.7699738
BA.2.12.1-5a,BA.2.12.1,BTI_Delta,6.220590170099739,6.7699738
BA.2.12.1-5a,BA.2.12.1,BTI_BA.1,5.220355825078324,7.067233
BA.2.12.1-5a,BA.2.12.1,BTI_BA.1,6.840546529288687,7.067233
BA.2.12.1-5a,BA.2.12.1,BTI_BA.1,8.119398589612294,7.067233
BA.2.12.1-5a,BA.2.12.1,BTI_BA.2.12.1,7.277938572945661,7.2324452
BA.2.12.1-5a,BA.2.12.1,BTI_BA.4/5,7.168579897264035,6.9975696
BA.2.12.1-2c,BA.2.12.1,Conv_Delta,5.564520407322694,5.472412
BA.2.12.1-2c,BA.2.12.1,Conv_WT,6.093569770045136,4.617868
BA.2.12.1-2c,BA.2.12.1,Conv_WT,5.262690188904886,4.617868
BA.2.12.1-2c,BA.2.12.1,Conv_WT,2.302585092994046,4.617868
BA.2.12.1-2c,BA.2.12.1,Vac_Mod,3.4965075614664802,4.108973
BA.2.12.1-2c,BA.2.12.1,Vac_Mod,4.30406509320417,4.108973
BA.2.12.1-2c,BA.2.12.1,Vac_Pfiz,3.2188758248682006,3.0330758
BA.2.12.1-2c,BA.2.12.1,Vac_Pfiz,2.302585092994046,3.0330758
BA.2.12.1-2c,BA.2.12.1,Boost_Mod,6.587550014824796,6.526075
BA.2.12.1-2c,BA.2.12.1,Boost_Mod,7.002155954403621,6.526075
BA.2.12.1-2c,BA.2.12.1,Boost_Mod,6.142037405587356,6.526075
BA.2.12.1-2c,BA.2.12.1,Boost_Pfiz,6.198478716492308,5.9990363
BA.2.12.1-2c,BA.2.12.1,Boost_Pfiz,5.736572297479192,5.9990363
BA.2.12.1-2c,BA.2.12.1,Bi-valent Boost,8.005367067316664,8.232599
BA.2.12.1-2c,BA.2.12.1,BTI_Delta,6.137727054086234,6.7366734
BA.2.12.1-2c,BA.2.12.1,BTI_Delta,7.1180162044653335,6.7366734
BA.2.12.1-2c,BA.2.12.1,BTI_Delta,6.432940092739179,6.7366734
BA.2.12.1-2c,BA.2.12.1,BTI_BA.1,5.153291594497779,6.9506545
BA.2.12.1-2c,BA.2.12.1,BTI_BA.1,7.017506142941256,6.9506545
BA.2.12.1-2c,BA.2.12.1,BTI_BA.1,7.609862200913554,6.9506545
BA.2.12.1-2c,BA.2.12.1,BTI_BA.2.12.1,7.1592919047975645,7.0154457
BA.2.12.1-2c,BA.2.12.1,BTI_BA.4/5,6.9957661563048505,6.9812865
BA.2.12.1-4a,BA.2.12.1,Conv_Delta,6.025865973825314,5.958582
BA.2.12.1-4a,BA.2.12.1,Conv_WT,6.3835066348840055,4.703996
BA.2.12.1-4a,BA.2.12.1,Conv_WT,4.852030263919617,4.703996
BA.2.12.1-4a,BA.2.12.1,Conv_WT,2.302585092994046,4.703996
BA.2.12.1-4a,BA.2.12.1,Vac_Mod,3.9889840465642745,4.2300487
BA.2.12.1-4a,BA.2.12.1,Vac_Mod,4.564348191467836,4.2300487
BA.2.12.1-4a,BA.2.12.1,Vac_Pfiz,3.4011973816621555,3.0311873
BA.2.12.1-4a,BA.2.12.1,Vac_Pfiz,3.1354942159291497,3.0311873
BA.2.12.1-4a,BA.2.12.1,Vac_Pfiz,2.302585092994046,3.0311873
BA.2.12.1-4a,BA.2.12.1,Boost_Mod,6.6240652277998935,6.7744417
BA.2.12.1-4a,BA.2.12.1,Boost_Mod,7.05444965813294,6.7744417
BA.2.12.1-4a,BA.2.12.1,Boost_Mod,6.148468295917647,6.7744417
BA.2.12.1-4a,BA.2.12.1,Boost_Pfiz,6.1675164908883415,6.139319
BA.2.12.1-4a,BA.2.12.1,Boost_Pfiz,6.052089168924417,6.139319
BA.2.12.1-4a,BA.2.12.1,Bi-valent Boost,8.230044310126114,8.425748
BA.2.12.1-4a,BA.2.12.1,BTI_Delta,6.444131256700441,6.978735
BA.2.12.1-4a,BA.2.12.1,BTI_Delta,7.284820912568604,6.978735
BA.2.12.1-4a,BA.2.12.1,BTI_Delta,7.1308988302963465,6.978735
BA.2.12.1-4a,BA.2.12.1,BTI_BA.1,5.645446897643238,7.2469034
BA.2.12.1-4a,BA.2.12.1,BTI_BA.1,7.306531398939505,7.2469034
BA.2.12.1-4a,BA.2.12.1,BTI_BA.1,8.536211197252,7.2469034
BA.2.12.1-4a,BA.2.12.1,BTI_BA.2.12.1,7.160845906664299,7.213586
BA.2.12.1-4a,BA.2.12.1,BTI_BA.4/5,6.982862751468942,7.1901484
BA.2.12.1-4b,BA.2.12.1,Conv_Delta,5.8971538676367405,5.935695
BA.2.12.1-4b,BA.2.12.1,Conv_WT,6.349138991379798,4.718876
BA.2.12.1-4b,BA.2.12.1,Conv_WT,5.627621113690637,4.718876
BA.2.12.1-4b,BA.2.12.1,Conv_WT,2.302585092994046,4.718876
BA.2.12.1-4b,BA.2.12.1,Vac_Mod,3.4657359027997265,4.1265316
BA.2.12.1-4b,BA.2.12.1,Vac_Mod,4.406719247264253,4.1265316
BA.2.12.1-4b,BA.2.12.1,Vac_Pfiz,2.302585092994046,2.9986877
BA.2.12.1-4b,BA.2.12.1,Boost_Mod,6.981934677156389,6.797105
BA.2.12.1-4b,BA.2.12.1,Boost_Mod,7.271703706887368,6.797105
BA.2.12.1-4b,BA.2.12.1,Boost_Mod,6.643789733147672,6.797105
BA.2.12.1-4b,BA.2.12.1,Boost_Pfiz,6.646390514847729,6.1203756
BA.2.12.1-4b,BA.2.12.1,Boost_Pfiz,5.983936280687191,6.1203756
BA.2.12.1-4b,BA.2.12.1,Bi-valent Boost,8.637462023807181,8.460347
BA.2.12.1-4b,BA.2.12.1,BTI_Delta,6.466144724237619,6.9358397
BA.2.12.1-4b,BA.2.12.1,BTI_Delta,7.365180126021013,6.9358397
BA.2.12.1-4b,BA.2.12.1,BTI_Delta,6.961296045910167,6.9358397
BA.2.12.1-4b,BA.2.12.1,BTI_BA.1,5.673323267171493,7.210129
BA.2.12.1-4b,BA.2.12.1,BTI_BA.1,7.504942068396171,7.210129
BA.2.12.1-4b,BA.2.12.1,BTI_BA.1,8.560444233410552,7.210129
BA.2.12.1-4b,BA.2.12.1,BTI_BA.2.12.1,7.5256399750415355,7.207396
BA.2.12.1-4b,BA.2.12.1,BTI_BA.4/5,7.237778191923443,7.217714
BA.2.75,BA.2.75,Conv_Delta,6.068425588244111,5.6981626
BA.2.75,BA.2,Conv_Delta,6.068425588244111,5.6981626
BA.2.75,BA.2.75,Conv_WT,6.375024819828097,4.3510704
BA.2.75,BA.2,Conv_WT,6.375024819828097,4.3510704
BA.2.75,BA.2.75,Conv_WT,4.74493212836325,4.3510704
BA.2.75,BA.2,Conv_WT,4.74493212836325,4.3510704
BA.2.75,BA.2.75,Conv_WT,2.302585092994046,4.3510704
BA.2.75,BA.2,Conv_WT,2.302585092994046,4.3510704
BA.2.75,BA.2.75,Vac_Mod,4.04305126783455,3.6823409
BA.2.75,BA.2,Vac_Mod,4.04305126783455,3.6823409
BA.2.75,BA.2.75,Vac_Mod,4.219507705176107,3.6823409
BA.2.75,BA.2,Vac_Mod,4.219507705176107,3.6823409
BA.2.75,BA.2.75,Vac_Pfiz,2.302585092994046,2.784581
BA.2.75,BA.2,Vac_Pfiz,2.302585092994046,2.784581
BA.2.75,BA.2.75,Boost_Mod,7.1098794630722715,6.5898476
BA.2.75,BA.2,Boost_Mod,7.1098794630722715,6.5898476
BA.2.75,BA.2.75,Boost_Mod,7.234177179749849,6.5898476
BA.2.75,BA.2,Boost_Mod,7.234177179749849,6.5898476
BA.2.75,BA.2.75,Boost_Mod,6.4425401664681985,6.5898476
BA.2.75,BA.2,Boost_Mod,6.4425401664681985,6.5898476
BA.2.75,BA.2.75,Boost_Pfiz,6.812345094177479,6.30966
BA.2.75,BA.2,Boost_Pfiz,6.812345094177479,6.30966
BA.2.75,BA.2.75,Boost_Pfiz,6.61472560020376,6.30966
BA.2.75,BA.2,Boost_Pfiz,6.61472560020376,6.30966
BA.2.75,BA.2.75,Bi-valent Boost,8.038189179973203,7.777297
BA.2.75,BA.2,Bi-valent Boost,8.038189179973203,7.777297
BA.2.75,BA.2.75,BTI_Delta,6.648984550024776,7.042575
BA.2.75,BA.2,BTI_Delta,6.648984550024776,7.042575
BA.2.75,BA.2.75,BTI_Delta,7.890956716138919,7.042575
BA.2.75,BA.2,BTI_Delta,7.890956716138919,7.042575
BA.2.75,BA.2.75,BTI_Delta,7.590852123688581,7.042575
BA.2.75,BA.2,BTI_Delta,7.590852123688581,7.042575
BA.2.75,BA.2.75,BTI_BA.1,6.423246963533519,7.5004883
BA.2.75,BA.2,BTI_BA.1,6.423246963533519,7.5004883
BA.2.75,BA.2.75,BTI_BA.1,8.378850241794492,7.5004883
BA.2.75,BA.2,BTI_BA.1,8.378850241794492,7.5004883
BA.2.75,BA.2.75,BTI_BA.1,8.964567702601611,7.5004883
BA.2.75,BA.2,BTI_BA.1,8.964567702601611,7.5004883
BA.2.75,BA.2.75,BTI_BA.2.12.1,7.729295674310482,7.0615797
BA.2.75,BA.2,BTI_BA.2.12.1,7.729295674310482,7.0615797
BA.2.75,BA.2.75,BTI_BA.4/5,7.602900462204755,7.060874
BA.2.75,BA.2,BTI_BA.4/5,7.602900462204755,7.060874
BA.2.75-2a,BA.2.75,Conv_Delta,5.680172609017068,5.135967
BA.2.75-2a,BA.2.75,Conv_WT,5.627621113690637,3.9803631
BA.2.75-2a,BA.2.75,Conv_WT,3.258096538021482,3.9803631
BA.2.75-2a,BA.2.75,Conv_WT,2.302585092994046,3.9803631
BA.2.75-2a,BA.2.75,Vac_Mod,2.302585092994046,3.222611
BA.2.75-2a,BA.2.75,Vac_Mod,3.258096538021482,3.222611
BA.2.75-2a,BA.2.75,Vac_Pfiz,2.302585092994046,2.4730275
BA.2.75-2a,BA.2.75,Boost_Mod,5.786897381366708,6.052932
BA.2.75-2a,BA.2.75,Boost_Mod,5.945420608606575,6.052932
BA.2.75-2a,BA.2.75,Boost_Mod,4.897839799950911,6.052932
BA.2.75-2a,BA.2.75,Boost_Pfiz,5.799092654460526,5.8493795
BA.2.75-2a,BA.2.75,Boost_Pfiz,4.969813299576001,5.8493795
BA.2.75-2a,BA.2.75,Bi-valent Boost,6.959398512133975,7.385336
BA.2.75-2a,BA.2.75,BTI_Delta,5.572154032177765,6.462311
BA.2.75-2a,BA.2.75,BTI_Delta,6.591673732008658,6.462311
BA.2.75-2a,BA.2.75,BTI_Delta,6.018593214496234,6.462311
BA.2.75-2a,BA.2.75,BTI_BA.1,5.6240175061873385,6.868535
BA.2.75-2a,BA.2.75,BTI_BA.1,7.20934025660291,6.868535
BA.2.75-2a,BA.2.75,BTI_BA.1,7.501634457883413,6.868535
BA.2.75-2a,BA.2.75,BTI_BA.2.12.1,6.450470422144176,6.6176705
BA.2.75-2a,BA.2.75,BTI_BA.4/5,6.925595197110468,6.640359
BA.2.75-2b,BA.2.75,Conv_Delta,6.068425588244111,5.99419
BA.2.75-2b,BA.2.75,Conv_WT,6.950814768442584,4.697623
BA.2.75-2b,BA.2.75,Conv_WT,5.552959584921617,4.697623
BA.2.75-2b,BA.2.75,Conv_WT,2.302585092994046,4.697623
BA.2.75-2b,BA.2.75,Vac_Mod,4.110873864173311,4.2029815
BA.2.75-2b,BA.2.75,Vac_Mod,4.983606621708336,4.2029815
BA.2.75-2b,BA.2.75,Vac_Pfiz,3.091042453358316,3.030036
BA.2.75-2b,BA.2.75,Vac_Pfiz,2.302585092994046,3.030036
BA.2.75-2b,BA.2.75,Boost_Mod,7.621684998724611,6.8940024
BA.2.75-2b,BA.2.75,Boost_Mod,7.592366128519796,6.8940024
BA.2.75-2b,BA.2.75,Boost_Mod,6.784457062637643,6.8940024
BA.2.75-2b,BA.2.75,Boost_Pfiz,7.1631723908466425,6.58743
BA.2.75-2b,BA.2.75,Boost_Pfiz,6.666956792429207,6.58743
BA.2.75-2b,BA.2.75,Bi-valent Boost,8.301273485191347,8.124106
BA.2.75-2b,BA.2.75,BTI_Delta,6.9650803456014065,7.4276805
BA.2.75-2b,BA.2.75,BTI_Delta,8.183955717304954,7.4276805
BA.2.75-2b,BA.2.75,BTI_Delta,8.52377150677636,7.4276805
BA.2.75-2b,BA.2.75,BTI_BA.1,6.960347729101308,7.6883054
BA.2.75-2b,BA.2.75,BTI_BA.1,8.389814262086407,7.6883054
BA.2.75-2b,BA.2.75,BTI_BA.1,8.914760527397261,7.6883054
BA.2.75-2b,BA.2.75,BTI_BA.2.12.1,7.784889295655098,7.2944264
BA.2.75-2b,BA.2.75,BTI_BA.4/5,7.629489916393995,7.208309
BA.2.75-3a,BA.2.75,Conv_Delta,4.844187086458591,5.0395193
BA.2.75-3a,BA.2.75,Conv_WT,5.313205979041787,3.8873153
BA.2.75-3a,BA.2.75,Conv_WT,2.302585092994046,3.8873153
BA.2.75-3a,BA.2.75,Vac_Mod,2.302585092994046,3.092197
BA.2.75-3a,BA.2.75,Vac_Pfiz,2.302585092994046,2.4674866
BA.2.75-3a,BA.2.75,Boost_Mod,6.206575926724928,5.924499
BA.2.75-3a,BA.2.75,Boost_Mod,6.693323668269949,5.924499
BA.2.75-3a,BA.2.75,Boost_Mod,5.099866427824199,5.924499
BA.2.75-3a,BA.2.75,Boost_Pfiz,6.192362489474872,5.6969395
BA.2.75-3a,BA.2.75,Boost_Pfiz,5.54907608489522,5.6969395
BA.2.75-3a,BA.2.75,Bi-valent Boost,7.229113877793302,7.215781
BA.2.75-3a,BA.2.75,BTI_Delta,5.093750200806762,6.2741494
BA.2.75-3a,BA.2.75,BTI_Delta,7.1276936993473985,6.2741494
BA.2.75-3a,BA.2.75,BTI_Delta,6.234410725718371,6.2741494
BA.2.75-3a,BA.2.75,BTI_BA.1,5.288267030694535,6.7132587
BA.2.75-3a,BA.2.75,BTI_BA.1,7.119635638017636,6.7132587
BA.2.75-3a,BA.2.75,BTI_BA.1,7.325807502595773,6.7132587
BA.2.75-3a,BA.2.75,BTI_BA.2.12.1,6.580639137284949,6.4923453
BA.2.75-3a,BA.2.75,BTI_BA.4/5,5.991464547107982,6.445724
BA.2.75-3b,BA.2.75,Conv_Delta,5.71042701737487,5.1620054
BA.2.75-3b,BA.2.75,Conv_WT,5.58724865840025,3.85693
BA.2.75-3b,BA.2.75,Conv_WT,3.4965075614664802,3.85693
BA.2.75-3b,BA.2.75,Conv_WT,2.302585092994046,3.85693
BA.2.75-3b,BA.2.75,Vac_Mod,3.091042453358316,3.1986175
BA.2.75-3b,BA.2.75,Vac_Mod,3.367295829986474,3.1986175
BA.2.75-3b,BA.2.75,Vac_Pfiz,2.302585092994046,2.316361
BA.2.75-3b,BA.2.75,Boost_Mod,6.226536669287466,5.9234443
BA.2.75-3b,BA.2.75,Boost_Mod,6.19644412779452,5.9234443
BA.2.75-3b,BA.2.75,Boost_Mod,5.327876168789581,5.9234443
BA.2.75-3b,BA.2.75,Boost_Pfiz,5.676753802268282,5.517439
BA.2.75-3b,BA.2.75,Boost_Pfiz,5.627621113690637,5.517439
BA.2.75-3b,BA.2.75,Bi-valent Boost,7.336936913707618,7.2286286
BA.2.75-3b,BA.2.75,BTI_Delta,5.442417710521793,6.2130127
BA.2.75-3b,BA.2.75,BTI_Delta,6.525029657843462,6.2130127
BA.2.75-3b,BA.2.75,BTI_Delta,6.499787040655854,6.2130127
BA.2.75-3b,BA.2.75,BTI_BA.1,5.497168225293202,6.706009
BA.2.75-3b,BA.2.75,BTI_BA.1,7.049254841255837,6.706009
BA.2.75-3b,BA.2.75,BTI_BA.1,7.575584651557793,6.706009
BA.2.75-3b,BA.2.75,BTI_BA.2.12.1,6.386879319362645,6.459876
BA.2.75-3b,BA.2.75,BTI_BA.4/5,6.142037405587356,6.2851048
BA.2.75-4a,BA.2.75,Conv_Delta,6.07993319509559,5.5017567
BA.2.75-4a,BA.2.75,Conv_WT,5.521460917862246,3.9362438
BA.2.75-4a,BA.2.75,Conv_WT,3.970291913552122,3.9362438
BA.2.75-4a,BA.2.75,Conv_WT,2.302585092994046,3.9362438
BA.2.75-4a,BA.2.75,Vac_Mod,2.302585092994046,3.170485
BA.2.75-4a,BA.2.75,Vac_Mod,3.5553480614894135,3.170485
BA.2.75-4a,BA.2.75,Vac_Pfiz,2.302585092994046,2.349995
BA.2.75-4a,BA.2.75,Boost_Mod,6.129050210060545,6.1222086
BA.2.75-4a,BA.2.75,Boost_Mod,6.51025834052315,6.1222086
BA.2.75-4a,BA.2.75,Boost_Mod,5.883322388488279,6.1222086
BA.2.75-4a,BA.2.75,Boost_Pfiz,5.7899601708972535,5.729727
BA.2.75-4a,BA.2.75,Boost_Pfiz,5.937536205082426,5.729727
BA.2.75-4a,BA.2.75,Bi-valent Boost,7.506591780070841,7.4567504
BA.2.75-4a,BA.2.75,BTI_Delta,5.902633333401366,6.4429793
BA.2.75-4a,BA.2.75,BTI_Delta,7.478169694159785,6.4429793
BA.2.75-4a,BA.2.75,BTI_Delta,6.961296045910167,6.4429793
BA.2.75-4a,BA.2.75,BTI_BA.1,6.416732282512326,6.970373
BA.2.75-4a,BA.2.75,BTI_BA.1,7.776115477098742,6.970373
BA.2.75-4a,BA.2.75,BTI_BA.1,8.050384453067021,6.970373
BA.2.75-4a,BA.2.75,BTI_BA.2.12.1,6.9650803456014065,6.6945114
BA.2.75-4a,BA.2.75,BTI_BA.4/5,6.898714534329988,6.7016745
BA.2.75-4b,BA.2.75,Conv_Delta,4.983606621708336,4.9635034
BA.2.75-4b,BA.2.75,Conv_WT,5.272999558563747,3.699592
BA.2.75-4b,BA.2.75,Conv_WT,3.6375861597263857,3.699592
BA.2.75-4b,BA.2.75,Conv_WT,2.302585092994046,3.699592
BA.2.75-4b,BA.2.75,Vac_Mod,2.302585092994046,2.9557443
BA.2.75-4b,BA.2.75,Vac_Mod,3.1780538303479458,2.9557443
BA.2.75-4b,BA.2.75,Vac_Pfiz,2.302585092994046,2.3034713
BA.2.75-4b,BA.2.75,Boost_Mod,5.755742213586912,5.6370544
BA.2.75-4b,BA.2.75,Boost_Mod,6.18826412308259,5.6370544
BA.2.75-4b,BA.2.75,Boost_Mod,5.805134968916488,5.6370544
BA.2.75-4b,BA.2.75,Boost_Pfiz,5.7899601708972535,5.166789
BA.2.75-4b,BA.2.75,Boost_Pfiz,5.3612921657094255,5.166789
BA.2.75-4b,BA.2.75,Bi-valent Boost,6.913737350659685,6.9613137
BA.2.75-4b,BA.2.75,BTI_Delta,5.298317366548036,5.954138
BA.2.75-4b,BA.2.75,BTI_Delta,5.883322388488279,5.954138
BA.2.75-4b,BA.2.75,BTI_Delta,6.513230110912307,5.954138
BA.2.75-4b,BA.2.75,BTI_BA.1,5.176149732573829,6.5048747
BA.2.75-4b,BA.2.75,BTI_BA.1,6.7661917146603505,6.5048747
BA.2.75-4b,BA.2.75,BTI_BA.1,7.969011781106478,6.5048747
BA.2.75-4b,BA.2.75,BTI_BA.2.12.1,6.879355804460439,6.2454376
BA.2.75-4b,BA.2.75,BTI_BA.4/5,6.373319789577012,6.1197386
BA.2.75-4c,BA.2.75,Conv_Delta,5.030437921392435,4.772938
BA.2.75-4c,BA.2.75,Conv_WT,4.736198448394496,3.5330858
BA.2.75-4c,BA.2.75,Conv_WT,2.302585092994046,3.5330858
BA.2.75-4c,BA.2.75,Vac_Mod,2.302585092994046,2.8141103
BA.2.75-4c,BA.2.75,Vac_Mod,3.4339872044851463,2.8141103
BA.2.75-4c,BA.2.75,Vac_Pfiz,2.302585092994046,2.016127
BA.2.75-4c,BA.2.75,Boost_Mod,4.983606621708336,5.375353
BA.2.75-4c,BA.2.75,Boost_Mod,5.484796933490655,5.375353
BA.2.75-4c,BA.2.75,Boost_Mod,4.6913478822291435,5.375353
BA.2.75-4c,BA.2.75,Boost_Pfiz,4.718498871295094,4.9288316
BA.2.75-4c,BA.2.75,Boost_Pfiz,4.51085950651685,4.9288316
BA.2.75-4c,BA.2.75,Bi-valent Boost,6.551080335043404,6.81036
BA.2.75-4c,BA.2.75,BTI_Delta,4.6913478822291435,5.6821413
BA.2.75-4c,BA.2.75,BTI_Delta,5.575949103146316,5.6821413
BA.2.75-4c,BA.2.75,BTI_Delta,5.814130531825066,5.6821413
BA.2.75-4c,BA.2.75,BTI_BA.1,4.356708826689592,6.1361895
BA.2.75-4c,BA.2.75,BTI_BA.1,5.855071922202427,6.1361895
BA.2.75-4c,BA.2.75,BTI_BA.1,6.68586094706836,6.1361895
BA.2.75-4c,BA.2.75,BTI_BA.2.12.1,5.707110264748875,5.9848194
BA.2.75-4c,BA.2.75,BTI_BA.4/5,5.37989735354046,5.8069763
BA.2.75-4d,BA.2.75,Conv_Delta,4.787491742782046,4.8664694
BA.2.75-4d,BA.2.75,Conv_WT,4.770684624465665,3.691033
BA.2.75-4d,BA.2.75,Conv_WT,2.302585092994046,3.691033
BA.2.75-4d,BA.2.75,Vac_Mod,2.302585092994046,2.955378
BA.2.75-4d,BA.2.75,Vac_Pfiz,2.302585092994046,2.199664
BA.2.75-4d,BA.2.75,Boost_Mod,5.700443573390687,5.657117
BA.2.75-4d,BA.2.75,Boost_Mod,5.814130531825066,5.657117
BA.2.75-4d,BA.2.75,Boost_Mod,4.727387818712341,5.657117
BA.2.75-4d,BA.2.75,Boost_Pfiz,5.2574953720277815,5.3047266
BA.2.75-4d,BA.2.75,Boost_Pfiz,4.948759890378168,5.3047266
BA.2.75-4d,BA.2.75,Bi-valent Boost,6.577861357721047,7.0253067
BA.2.75-4d,BA.2.75,BTI_Delta,5.337538079701318,5.965554
BA.2.75-4d,BA.2.75,BTI_Delta,6.313548046277095,5.965554
BA.2.75-4d,BA.2.75,BTI_Delta,6.19644412779452,5.965554
BA.2.75-4d,BA.2.75,BTI_BA.1,5.225746673713202,6.4629383
BA.2.75-4d,BA.2.75,BTI_BA.1,6.439350371100098,6.4629383
BA.2.75-4d,BA.2.75,BTI_BA.1,7.029087564149662,6.4629383
BA.2.75-4d,BA.2.75,BTI_BA.2.12.1,5.762051382780177,6.2178326
BA.2.75-4d,BA.2.75,BTI_BA.4/5,5.648974238161206,6.126135
BA.2.75-4e,BA.2.75,Conv_Delta,4.736198448394496,4.797131
BA.2.75-4e,BA.2.75,Conv_WT,5.049856007249537,3.7681289
BA.2.75-4e,BA.2.75,Conv_WT,3.4339872044851463,3.7681289
BA.2.75-4e,BA.2.75,Conv_WT,2.302585092994046,3.7681289
BA.2.75-4e,BA.2.75,Vac_Mod,2.302585092994046,2.9197078
BA.2.75-4e,BA.2.75,Vac_Mod,3.091042453358316,2.9197078
BA.2.75-4e,BA.2.75,Vac_Pfiz,2.302585092994046,2.356675
BA.2.75-4e,BA.2.75,Boost_Mod,5.648974238161206,5.6590385
BA.2.75-4e,BA.2.75,Boost_Mod,5.713732805509369,5.6590385
BA.2.75-4e,BA.2.75,Boost_Mod,5.501258210544727,5.6590385
BA.2.75-4e,BA.2.75,Boost_Pfiz,5.799092654460526,5.375002
BA.2.75-4e,BA.2.75,Boost_Pfiz,5.075173815233827,5.375002
BA.2.75-4e,BA.2.75,Bi-valent Boost,6.633318433280377,6.956416
BA.2.75-4e,BA.2.75,BTI_Delta,5.003946305945459,6.053313
BA.2.75-4e,BA.2.75,BTI_Delta,6.1070228877422545,6.053313
BA.2.75-4e,BA.2.75,BTI_Delta,5.932245187448011,6.053313
BA.2.75-4e,BA.2.75,BTI_BA.1,4.812184355372417,6.494721
BA.2.75-4e,BA.2.75,BTI_BA.1,6.401917196727186,6.494721
BA.2.75-4e,BA.2.75,BTI_BA.1,7.05617528410041,6.494721
BA.2.75-4e,BA.2.75,BTI_BA.2.12.1,6.156978985585555,6.202411
BA.2.75-4e,BA.2.75,BTI_BA.4/5,6.150602768446279,6.203703
BA.2.75-5d,BA.2.75,Conv_Delta,5.777652323222656,5.4709816
BA.2.75-5d,BA.2.75,Conv_WT,5.424950017481403,3.8206952
BA.2.75-5d,BA.2.75,Conv_WT,4.02535169073515,3.8206952
BA.2.75-5d,BA.2.75,Conv_WT,2.302585092994046,3.8206952
BA.2.75-5d,BA.2.75,Vac_Mod,2.302585092994046,3.0989356
BA.2.75-5d,BA.2.75,Vac_Mod,2.995732273553991,3.0989356
BA.2.75-5d,BA.2.75,Vac_Pfiz,2.302585092994046,2.2733319
BA.2.75-5d,BA.2.75,Boost_Mod,6.298949246855942,5.9847803
BA.2.75-5d,BA.2.75,Boost_Mod,6.368187186350492,5.9847803
BA.2.75-5d,BA.2.75,Boost_Mod,5.697093486505405,5.9847803
BA.2.75-5d,BA.2.75,Boost_Pfiz,5.560681631015528,5.5827484
BA.2.75-5d,BA.2.75,Boost_Pfiz,5.631211781821365,5.5827484
BA.2.75-5d,BA.2.75,Bi-valent Boost,7.48324441607385,7.345341
BA.2.75-5d,BA.2.75,BTI_Delta,6.0063531596017325,6.2653637
BA.2.75-5d,BA.2.75,BTI_Delta,7.072421900537371,6.2653637
BA.2.75-5d,BA.2.75,BTI_Delta,6.57507584059962,6.2653637
BA.2.75-5d,BA.2.75,BTI_BA.1,5.7430031878094825,6.789641
BA.2.75-5d,BA.2.75,BTI_BA.1,8.066207568006265,6.789641
BA.2.75-5d,BA.2.75,BTI_BA.1,8.198089248956116,6.789641
BA.2.75-5d,BA.2.75,BTI_BA.2.12.1,6.693323668269949,6.5638523
BA.2.75-5d,BA.2.75,BTI_BA.4/5,6.553933404025811,6.5710716
BA.2.75-5a,BA.2.75,Conv_Delta,6.082218910376446,5.492667
BA.2.75-5a,BA.2.75,Conv_WT,5.476463551931511,3.9191468
BA.2.75-5a,BA.2.75,Conv_WT,4.007333185232471,3.9191468
BA.2.75-5a,BA.2.75,Conv_WT,2.302585092994046,3.9191468
BA.2.75-5a,BA.2.75,Vac_Mod,2.302585092994046,3.0935311
BA.2.75-5a,BA.2.75,Vac_Mod,3.332204510175204,3.0935311
BA.2.75-5a,BA.2.75,Vac_Pfiz,2.302585092994046,2.3023906
BA.2.75-5a,BA.2.75,Boost_Mod,6.548219102762372,6.120553
BA.2.75-5a,BA.2.75,Boost_Mod,6.804614520062624,6.120553
BA.2.75-5a,BA.2.75,Boost_Mod,6.3080984415095305,6.120553
BA.2.75-5a,BA.2.75,Boost_Pfiz,6.208590026096629,5.698631
BA.2.75-5a,BA.2.75,Boost_Pfiz,5.953243334287785,5.698631
BA.2.75-5a,BA.2.75,Bi-valent Boost,7.652070746116482,7.441287
BA.2.75-5a,BA.2.75,BTI_Delta,5.840641657373398,6.3964443
BA.2.75-5a,BA.2.75,BTI_Delta,6.779921907472252,6.3964443
BA.2.75-5a,BA.2.75,BTI_Delta,6.6895992691789665,6.3964443
BA.2.75-5a,BA.2.75,BTI_BA.1,5.8289456176102075,6.91168
BA.2.75-5a,BA.2.75,BTI_BA.1,7.199678345691172,6.91168
BA.2.75-5a,BA.2.75,BTI_BA.1,8.259458195332408,6.91168
BA.2.75-5a,BA.2.75,BTI_BA.2.12.1,6.825460036255307,6.6652527
BA.2.75-5a,BA.2.75,BTI_BA.4/5,6.970730078143525,6.687056
BA.2.75-5b,BA.2.75,Conv_Delta,5.3471075307174685,5.526112
BA.2.75-5b,BA.2.75,Conv_WT,5.736572297479192,4.4003744
BA.2.75-5b,BA.2.75,Conv_WT,4.04305126783455,4.4003744
BA.2.75-5b,BA.2.75,Conv_WT,2.302585092994046,4.4003744
BA.2.75-5b,BA.2.75,Vac_Mod,3.4011973816621555,3.754472
BA.2.75-5b,BA.2.75,Vac_Mod,3.8501476017100584,3.754472
BA.2.75-5b,BA.2.75,Vac_Pfiz,2.302585092994046,3.0002854
BA.2.75-5b,BA.2.75,Boost_Mod,6.555356891810665,6.4903555
BA.2.75-5b,BA.2.75,Boost_Mod,6.79346613258001,6.4903555
BA.2.75-5b,BA.2.75,Boost_Mod,5.749392985908253,6.4903555
BA.2.75-5b,BA.2.75,Boost_Pfiz,6.447305862541213,6.2126665
BA.2.75-5b,BA.2.75,Boost_Pfiz,5.777652323222656,6.2126665
BA.2.75-5b,BA.2.75,Bi-valent Boost,7.550135342488429,7.713544
BA.2.75-5b,BA.2.75,BTI_Delta,6.541029999189903,6.931251
BA.2.75-5b,BA.2.75,BTI_Delta,7.60887062919126,6.931251
BA.2.75-5b,BA.2.75,BTI_Delta,6.920671504248683,6.931251
BA.2.75-5b,BA.2.75,BTI_BA.1,5.71042701737487,7.2697616
BA.2.75-5b,BA.2.75,BTI_BA.1,7.536363938404511,7.2697616
BA.2.75-5b,BA.2.75,BTI_BA.1,7.77485576666552,7.2697616
BA.2.75-5b,BA.2.75,BTI_BA.2.12.1,7.055312843339752,6.9858108
BA.2.75-5b,BA.2.75,BTI_BA.4/5,6.628041376179533,6.905922
BA.2.75-5c,BA.2.75,Conv_Delta,6.045005314036012,5.6485987
BA.2.75-5c,BA.2.75,Conv_WT,6.19644412779452,4.369989
BA.2.75-5c,BA.2.75,Conv_WT,5.117993812416755,4.369989
BA.2.75-5c,BA.2.75,Conv_WT,2.302585092994046,4.369989
BA.2.75-5c,BA.2.75,Vac_Mod,4.23410650459726,3.8608918
BA.2.75-5c,BA.2.75,Vac_Mod,4.74493212836325,3.8608918
BA.2.75-5c,BA.2.75,Vac_Pfiz,3.1780538303479458,2.8491597
BA.2.75-5c,BA.2.75,Vac_Pfiz,2.302585092994046,2.8491597
BA.2.75-5c,BA.2.75,Boost_Mod,6.880384082186005,6.489301
BA.2.75-5c,BA.2.75,Boost_Mod,7.20934025660291,6.489301
BA.2.75-5c,BA.2.75,Boost_Mod,6.113682179832232,6.489301
BA.2.75-5c,BA.2.75,Boost_Pfiz,6.3080984415095305,6.033166
BA.2.75-5c,BA.2.75,Boost_Pfiz,6.318968113746434,6.033166
BA.2.75-5c,BA.2.75,Bi-valent Boost,7.888709524182015,7.726392
BA.2.75-5c,BA.2.75,BTI_Delta,6.625392368007956,6.8701143
BA.2.75-5c,BA.2.75,BTI_Delta,7.808729306744399,6.8701143
BA.2.75-5c,BA.2.75,BTI_Delta,7.402451520818244,6.8701143
BA.2.75-5c,BA.2.75,BTI_BA.1,6.610696044717759,7.2625117
BA.2.75-5c,BA.2.75,BTI_BA.1,7.940939762327791,7.2625117
BA.2.75-5c,BA.2.75,BTI_BA.1,8.557374981049069,7.2625117
BA.2.75-5c,BA.2.75,BTI_BA.2.12.1,7.433666540166168,6.9533415
BA.2.75-5c,BA.2.75,BTI_BA.4/5,7.358193752733032,6.745302
BA.2.75-6a,BA.2.75,Conv_Delta,4.90527477843843,5.259531
BA.2.75-6a,BA.2.75,Conv_WT,5.236441962829949,4.0461445
BA.2.75-6a,BA.2.75,Conv_WT,3.7612001156935624,4.0461445
BA.2.75-6a,BA.2.75,Conv_WT,2.302585092994046,4.0461445
BA.2.75-6a,BA.2.75,Vac_Mod,2.302585092994046,3.4763854
BA.2.75-6a,BA.2.75,Vac_Mod,3.6375861597263857,3.4763854
BA.2.75-6a,BA.2.75,Vac_Pfiz,2.302585092994046,2.5489264
BA.2.75-6a,BA.2.75,Boost_Mod,5.700443573390687,5.94121
BA.2.75-6a,BA.2.75,Boost_Mod,5.996452088619021,5.94121
BA.2.75-6a,BA.2.75,Boost_Mod,5.170483995038151,5.94121
BA.2.75-6a,BA.2.75,Boost_Pfiz,5.318119993844216,5.444559
BA.2.75-6a,BA.2.75,Boost_Pfiz,4.912654885736052,5.444559
BA.2.75-6a,BA.2.75,Bi-valent Boost,7.004881989712859,7.3081226
BA.2.75-6a,BA.2.75,BTI_Delta,5.402677381872279,6.3392434
BA.2.75-6a,BA.2.75,BTI_Delta,6.0867747269123065,6.3392434
BA.2.75-6a,BA.2.75,BTI_Delta,6.270988431858299,6.3392434
BA.2.75-6a,BA.2.75,BTI_BA.1,4.68213122712422,6.692692
BA.2.75-6a,BA.2.75,BTI_BA.1,6.739336627357174,6.692692
BA.2.75-6a,BA.2.75,BTI_BA.1,6.874198495453294,6.692692
BA.2.75-6a,BA.2.75,BTI_BA.2.12.1,5.872117789475416,6.478285
BA.2.75-6a,BA.2.75,BTI_BA.4/5,5.762051382780177,6.2671742
BA.2.75-6b,BA.2.75,Conv_Delta,4.948759890378168,5.3530626
BA.2.75-6b,BA.2.75,Conv_WT,5.545177444479562,4.204092
BA.2.75-6b,BA.2.75,Conv_WT,3.912023005428146,4.204092
BA.2.75-6b,BA.2.75,Conv_WT,2.302585092994046,4.204092
BA.2.75-6b,BA.2.75,Vac_Mod,3.4011973816621555,3.6176536
BA.2.75-6b,BA.2.75,Vac_Mod,3.7612001156935624,3.6176536
BA.2.75-6b,BA.2.75,Vac_Pfiz,2.302585092994046,2.732463
BA.2.75-6b,BA.2.75,Boost_Mod,6.226536669287466,6.2229733
BA.2.75-6b,BA.2.75,Boost_Mod,6.448889394146858,6.2229733
BA.2.75-6b,BA.2.75,Boost_Mod,5.393627546352362,6.2229733
BA.2.75-6b,BA.2.75,Boost_Pfiz,5.817111159963204,5.8204536
BA.2.75-6b,BA.2.75,Boost_Pfiz,5.517452896464707,5.8204536
BA.2.75-6b,BA.2.75,Bi-valent Boost,7.202661196523238,7.5230694
BA.2.75-6b,BA.2.75,BTI_Delta,5.840641657373398,6.622656
BA.2.75-6b,BA.2.75,BTI_Delta,6.980075940561763,6.622656
BA.2.75-6b,BA.2.75,BTI_Delta,6.692083742506628,6.622656
BA.2.75-6b,BA.2.75,BTI_BA.1,5.730099782973574,7.019441
BA.2.75-6b,BA.2.75,BTI_BA.1,7.5883236773352225,7.019441
BA.2.75-6b,BA.2.75,BTI_BA.1,7.365180126021013,7.019441
BA.2.75-6b,BA.2.75,BTI_BA.2.12.1,6.218600119691729,6.7112975
BA.2.75-6b,BA.2.75,BTI_BA.4/5,5.955837369464831,6.5863323
BA.2.75-6c,BA.2.75,Conv_Delta,5.552959584921617,5.283724
BA.2.75-6c,BA.2.75,Conv_WT,6.369900982828227,4.281188
BA.2.75-6c,BA.2.75,Conv_WT,5.093750200806762,4.281188
BA.2.75-6c,BA.2.75,Conv_WT,2.302585092994046,4.281188
BA.2.75-6c,BA.2.75,Vac_Mod,3.4965075614664802,3.5819829
BA.2.75-6c,BA.2.75,Vac_Mod,4.290459441148391,3.5819829
BA.2.75-6c,BA.2.75,Vac_Pfiz,2.302585092994046,2.8894742
BA.2.75-6c,BA.2.75,Vac_Pfiz,4.31748811353631,2.8894742
BA.2.75-6c,BA.2.75,Boost_Mod,6.626717749249025,6.224895
BA.2.75-6c,BA.2.75,Boost_Mod,6.86484777797086,6.224895
BA.2.75-6c,BA.2.75,Boost_Mod,6.028278520230698,6.224895
BA.2.75-6c,BA.2.75,Boost_Pfiz,6.841615476477592,5.890729
BA.2.75-6c,BA.2.75,Boost_Pfiz,5.924255797414532,5.890729
BA.2.75-6c,BA.2.75,Bi-valent Boost,7.48605261786314,7.454179
BA.2.75-6c,BA.2.75,BTI_Delta,6.590301048196686,6.7104144
BA.2.75-6c,BA.2.75,BTI_Delta,7.767687277186908,6.7104144
BA.2.75-6c,BA.2.75,BTI_Delta,7.1459844677143876,6.7104144
BA.2.75-6c,BA.2.75,BTI_BA.1,6.641182169740591,7.0512238
BA.2.75-6c,BA.2.75,BTI_BA.1,7.831617276352611,7.0512238
BA.2.75-6c,BA.2.75,BTI_BA.1,8.2987883944492,7.0512238
BA.2.75-6c,BA.2.75,BTI_BA.2.12.1,6.954638864880987,6.695876
BA.2.75-6c,BA.2.75,BTI_BA.4/5,7.10085190894405,6.6639004
XBB-1a,XBB,Conv_Delta,2.302585092994046,2.6743793
XBB-1a,XBB,Conv_WT,3.4657359027997265,3.2563868
XBB-1a,XBB,Conv_WT,2.302585092994046,3.2563868
XBB-1a,XBB,Vac_Mod,2.302585092994046,2.430942
XBB-1a,XBB,Vac_Pfiz,2.302585092994046,2.223109
XBB-1a,XBB,Boost_Mod,3.9318256327243257,4.3349733
XBB-1a,XBB,Boost_Mod,4.30406509320417,4.3349733
XBB-1a,XBB,Boost_Mod,2.302585092994046,4.3349733
XBB-1a,XBB,Boost_Pfiz,2.302585092994046,3.7342358
XBB-1a,XBB,Bi-valent Boost,5.902633333401366,6.125721
XBB-1a,XBB,BTI_Delta,3.2188758248682006,4.9071984
XBB-1a,XBB,BTI_Delta,4.68213122712422,4.9071984
XBB-1a,XBB,BTI_Delta,4.762173934797756,4.9071984
XBB-1a,XBB,BTI_BA.1,2.302585092994046,5.3096247
XBB-1a,XBB,BTI_BA.1,5.198497031265826,5.3096247
XBB-1a,XBB,BTI_BA.1,5.598421958998375,5.3096247
XBB-1a,XBB,BTI_BA.2.12.1,4.394449154672439,4.7306814
XBB-1a,XBB,BTI_BA.4/5,4.406719247264253,5.4658756
XBB-5a,XBB,Conv_Delta,2.302585092994046,2.7138581
XBB-5a,XBB,Conv_WT,3.4011973816621555,2.9308214
XBB-5a,XBB,Conv_WT,2.302585092994046,2.9308214
XBB-5a,XBB,Vac_Mod,2.302585092994046,2.0640283
XBB-5a,XBB,Vac_Pfiz,2.302585092994046,1.9067171
XBB-5a,XBB,Boost_Mod,3.970291913552122,4.000495
XBB-5a,XBB,Boost_Mod,3.912023005428146,4.000495
XBB-5a,XBB,Boost_Mod,2.302585092994046,4.000495
XBB-5a,XBB,Boost_Pfiz,3.4011973816621555,3.2548923
XBB-5a,XBB,Boost_Pfiz,2.302585092994046,3.2548923
XBB-5a,XBB,Bi-valent Boost,5.497168225293202,5.8824043
XBB-5a,XBB,BTI_Delta,2.302585092994046,4.462794
XBB-5a,XBB,BTI_Delta,4.356708826689592,4.462794
XBB-5a,XBB,BTI_Delta,4.51085950651685,4.462794
XBB-5a,XBB,BTI_BA.1,2.302585092994046,4.987659
XBB-5a,XBB,BTI_BA.1,4.90527477843843,4.987659
XBB-5a,XBB,BTI_BA.1,5.537334267018537,4.987659
XBB-5a,XBB,BTI_BA.2.12.1,4.290459441148391,4.434819
XBB-5a,XBB,BTI_BA.4/5,5.308267697401205,5.2376184
XBB-5b,XBB,Conv_Delta,2.302585092994046,2.7355433
XBB-5b,XBB,Conv_WT,3.784189633918261,3.0292733
XBB-5b,XBB,Conv_WT,2.302585092994046,3.0292733
XBB-5b,XBB,Vac_Mod,2.302585092994046,2.0586228
XBB-5b,XBB,Vac_Pfiz,2.302585092994046,1.9357758
XBB-5b,XBB,Boost_Mod,4.02535169073515,4.1362667
XBB-5b,XBB,Boost_Mod,4.584967478670572,4.1362667
XBB-5b,XBB,Boost_Mod,3.295836866004329,4.1362667
XBB-5b,XBB,Boost_Pfiz,3.5553480614894135,3.3707747
XBB-5b,XBB,Boost_Pfiz,2.302585092994046,3.3707747
XBB-5b,XBB,Bi-valent Boost,5.605802066295998,5.9783506
XBB-5b,XBB,BTI_Delta,3.295836866004329,4.5938745
XBB-5b,XBB,BTI_Delta,4.394449154672439,4.5938745
XBB-5b,XBB,BTI_Delta,4.653960350157523,4.5938745
XBB-5b,XBB,BTI_BA.1,3.258096538021482,5.1096983
XBB-5b,XBB,BTI_BA.1,4.983606621708336,5.1096983
XBB-5b,XBB,BTI_BA.1,5.739792912179234,5.1096983
XBB-5b,XBB,BTI_BA.2.12.1,4.418840607796598,4.5362196
XBB-5b,XBB,BTI_BA.4/5,5.717027701406222,5.3536034
XBB-2a,XBB,Conv_Delta,2.302585092994046,2.7544346
XBB-2a,XBB,Conv_WT,3.9889840465642745,3.3342605
XBB-2a,XBB,Conv_WT,2.302585092994046,3.3342605
XBB-2a,XBB,Vac_Mod,2.302585092994046,2.4895911
XBB-2a,XBB,Vac_Pfiz,2.302585092994046,2.131658
XBB-2a,XBB,Boost_Mod,4.543294782270004,4.3881626
XBB-2a,XBB,Boost_Mod,4.955827057601261,4.3881626
XBB-2a,XBB,Boost_Mod,3.4965075614664802,4.3881626
XBB-2a,XBB,Boost_Pfiz,3.912023005428146,3.737783
XBB-2a,XBB,Boost_Pfiz,3.871201010907891,3.737783
XBB-2a,XBB,Bi-valent Boost,6.361302477572996,6.2478914
XBB-2a,XBB,BTI_Delta,4.007333185232471,4.883001
XBB-2a,XBB,BTI_Delta,5.262690188904886,4.883001
XBB-2a,XBB,BTI_Delta,5.214935757608986,4.883001
XBB-2a,XBB,BTI_BA.1,3.9512437185814275,5.374459
XBB-2a,XBB,BTI_BA.1,5.786897381366708,5.374459
XBB-2a,XBB,BTI_BA.1,6.124683390894205,5.374459
XBB-2a,XBB,BTI_BA.2.12.1,4.574710978503383,4.7611713
XBB-2a,XBB,BTI_BA.4/5,5.768320995793772,5.3782544
XBB-3a,XBB,Conv_Delta,2.302585092994046,2.915635
XBB-3a,XBB,Conv_WT,4.564348191467836,3.4120245
XBB-3a,XBB,Conv_WT,2.302585092994046,3.4120245
XBB-3a,XBB,Vac_Mod,2.302585092994046,2.6092677
XBB-3a,XBB,Vac_Pfiz,2.302585092994046,2.2389674
XBB-3a,XBB,Boost_Mod,4.882801922586371,4.504191
XBB-3a,XBB,Boost_Mod,5.749392985908253,4.504191
XBB-3a,XBB,Boost_Mod,3.828641396489095,4.504191
XBB-3a,XBB,Boost_Pfiz,4.219507705176107,3.9279695
XBB-3a,XBB,Boost_Pfiz,4.290459441148391,3.9279695
XBB-3a,XBB,Bi-valent Boost,7.0967213784947605,6.4413667
XBB-3a,XBB,BTI_Delta,4.897839799950911,5.127501
XBB-3a,XBB,BTI_Delta,5.823045895483019,5.127501
XBB-3a,XBB,BTI_Delta,5.953243334287785,5.127501
XBB-3a,XBB,BTI_BA.1,4.969813299576001,5.705478
XBB-3a,XBB,BTI_BA.1,6.755768921984255,5.705478
XBB-3a,XBB,BTI_BA.1,6.907755278982137,5.705478
XBB-3a,XBB,BTI_BA.2.12.1,4.770684624465665,4.9107304
XBB-3a,XBB,BTI_BA.4/5,5.908082938168931,5.484751
XBB-4a,XBB,Conv_Delta,2.302585092994046,2.9226685
XBB-4a,XBB,Conv_WT,3.9889840465642745,3.3684695
XBB-4a,XBB,Conv_WT,2.302585092994046,3.3684695
XBB-4a,XBB,Vac_Mod,2.302585092994046,2.5614982
XBB-4a,XBB,Vac_Pfiz,2.302585092994046,2.158315
XBB-4a,XBB,Boost_Mod,4.454347296253507,4.4306912
XBB-4a,XBB,Boost_Mod,4.653960350157523,4.4306912
XBB-4a,XBB,Boost_Mod,3.5263605246161616,4.4306912
XBB-4a,XBB,Boost_Pfiz,3.713572066704308,3.893128
XBB-4a,XBB,Boost_Pfiz,3.6635616461296463,3.893128
XBB-4a,XBB,Bi-valent Boost,6.68586094706836,6.4191117
XBB-4a,XBB,BTI_Delta,4.882801922586371,5.0160255
XBB-4a,XBB,BTI_Delta,5.313205979041787,5.0160255
XBB-4a,XBB,BTI_Delta,5.746203190540153,5.0160255
XBB-4a,XBB,BTI_BA.1,4.663439094112067,5.647334
XBB-4a,XBB,BTI_BA.1,6.695798917058491,5.647334
XBB-4a,XBB,BTI_BA.1,6.68586094706836,5.647334
XBB-4a,XBB,BTI_BA.2.12.1,4.605170185988092,4.904442
XBB-4a,XBB,BTI_BA.4/5,5.272999558563747,5.408394
XBB-5c,XBB,Conv_Delta,2.302585092994046,2.359736
XBB-5c,XBB,Conv_WT,3.6109179126442243,3.0109284
XBB-5c,XBB,Conv_WT,2.302585092994046,3.0109284
XBB-5c,XBB,Vac_Mod,2.302585092994046,2.0064874
XBB-5c,XBB,Vac_Pfiz,2.302585092994046,2.1041758
XBB-5c,XBB,Boost_Mod,4.394449154672439,3.74259
XBB-5c,XBB,Boost_Mod,4.477336814478207,3.74259
XBB-5c,XBB,Boost_Mod,3.1354942159291497,3.74259
XBB-5c,XBB,Boost_Pfiz,2.302585092994046,2.8725257
XBB-5c,XBB,Bi-valent Boost,5.981414211254481,5.574005
XBB-5c,XBB,BTI_Delta,3.332204510175204,4.23032
XBB-5c,XBB,BTI_Delta,5.68697535633982,4.23032
XBB-5c,XBB,BTI_Delta,5.384495062789089,4.23032
XBB-5c,XBB,BTI_BA.1,5.4680601411351315,4.813504
XBB-5c,XBB,BTI_BA.1,5.541263545158426,4.813504
XBB-5c,XBB,BTI_BA.1,5.983936280687191,4.813504
XBB-5c,XBB,BTI_BA.2.12.1,4.248495242049359,4.2342167
XBB-5c,XBB,BTI_BA.4/5,5.4510384535657,4.869263
XBB-6a,XBB,Conv_Delta,2.302585092994046,2.578363
XBB-6a,XBB,Conv_WT,4.51085950651685,3.2304149
XBB-6a,XBB,Conv_WT,2.302585092994046,3.2304149
XBB-6a,XBB,Vac_Mod,2.302585092994046,2.239987
XBB-6a,XBB,Vac_Pfiz,2.302585092994046,2.2290847
XBB-6a,XBB,Boost_Mod,3.912023005428146,3.9370584
XBB-6a,XBB,Boost_Mod,4.248495242049359,3.9370584
XBB-6a,XBB,Boost_Mod,3.044522437723423,3.9370584
XBB-6a,XBB,Boost_Pfiz,3.1354942159291497,2.9661412
XBB-6a,XBB,Boost_Pfiz,2.302585092994046,2.9661412
XBB-6a,XBB,Bi-valent Boost,6.016157159698354,5.7156677
XBB-6a,XBB,BTI_Delta,4.605170185988092,4.394193
XBB-6a,XBB,BTI_Delta,5.3706380281276624,4.394193
XBB-6a,XBB,BTI_Delta,5.313205979041787,4.394193
XBB-6a,XBB,BTI_BA.1,5.41610040220442,4.945502
XBB-6a,XBB,BTI_BA.1,5.062595033026967,4.945502
XBB-6a,XBB,BTI_BA.1,5.8805329864007,4.945502
XBB-6a,XBB,BTI_BA.2.12.1,4.343805421853684,4.42562
XBB-6a,XBB,BTI_BA.4/5,4.836281906951478,4.938805
XBB-8a,XBB,Conv_Delta,2.302585092994046,2.391759
XBB-8a,XBB,Conv_WT,4.74493212836325,3.1034782
XBB-8a,XBB,Conv_WT,2.302585092994046,3.1034782
XBB-8a,XBB,Vac_Mod,2.302585092994046,2.0821443
XBB-8a,XBB,Vac_Pfiz,2.302585092994046,1.9427767
XBB-8a,XBB,Boost_Mod,3.970291913552122,3.7196593
XBB-8a,XBB,Boost_Mod,4.454347296253507,3.7196593
XBB-8a,XBB,Boost_Mod,3.044522437723423,3.7196593
XBB-8a,XBB,Boost_Pfiz,2.302585092994046,2.7221203
XBB-8a,XBB,Bi-valent Boost,5.575949103146316,5.6491995
XBB-8a,XBB,BTI_Delta,3.332204510175204,4.0371895
XBB-8a,XBB,BTI_Delta,4.30406509320417,4.0371895
XBB-8a,XBB,BTI_Delta,4.477336814478207,4.0371895
XBB-8a,XBB,BTI_BA.1,2.302585092994046,4.6214533
XBB-8a,XBB,BTI_BA.1,4.912654885736052,4.6214533
XBB-8a,XBB,BTI_BA.1,5.929589143389895,4.6214533
XBB-8a,XBB,BTI_BA.2.12.1,4.382026634673881,4.254245
XBB-8a,XBB,BTI_BA.4/5,4.787491742782046,4.5896387
XBB-8b,XBB,Conv_Delta,2.302585092994046,2.3343325
XBB-8b,XBB,Conv_WT,3.295836866004329,2.9617555
XBB-8b,XBB,Conv_WT,2.302585092994046,2.9617555
XBB-8b,XBB,Vac_Mod,2.302585092994046,1.9683213
XBB-8b,XBB,Vac_Pfiz,2.302585092994046,1.9251771
XBB-8b,XBB,Boost_Mod,3.784189633918261,3.6412187
XBB-8b,XBB,Boost_Mod,3.8066624897703196,3.6412187
XBB-8b,XBB,Boost_Mod,2.302585092994046,3.6412187
XBB-8b,XBB,Boost_Pfiz,2.302585092994046,2.8186913
XBB-8b,XBB,Bi-valent Boost,5.262690188904886,5.7010117
XBB-8b,XBB,BTI_Delta,2.302585092994046,4.1178164
XBB-8b,XBB,BTI_Delta,4.465908118654584,4.1178164
XBB-8b,XBB,BTI_Delta,4.59511985013459,4.1178164
XBB-8b,XBB,BTI_BA.1,4.330733340286331,4.820476
XBB-8b,XBB,BTI_BA.1,5.337538079701318,4.820476
XBB-8b,XBB,BTI_BA.1,5.752572638825633,4.820476
XBB-8b,XBB,BTI_BA.2.12.1,3.970291913552122,4.2124
XBB-8b,XBB,BTI_BA.4/5,4.330733340286331,4.626594
XBB-9a,XBB,Conv_Delta,2.302585092994046,2.3104677
XBB-9a,XBB,Conv_WT,4.564348191467836,3.0790331
XBB-9a,XBB,Conv_WT,2.302585092994046,3.0790331
XBB-9a,XBB,Vac_Mod,2.302585092994046,2.0632877
XBB-9a,XBB,Vac_Pfiz,2.302585092994046,1.936733
XBB-9a,XBB,Boost_Mod,4.406719247264253,3.5913825
XBB-9a,XBB,Boost_Mod,4.110873864173311,3.5913825
XBB-9a,XBB,Boost_Mod,3.1354942159291497,3.5913825
XBB-9a,XBB,Boost_Pfiz,2.302585092994046,2.5393062
XBB-9a,XBB,Bi-valent Boost,5.293304824724492,5.4614058
XBB-9a,XBB,BTI_Delta,2.302585092994046,3.8279042
XBB-9a,XBB,BTI_Delta,4.174387269895637,3.8279042
XBB-9a,XBB,BTI_Delta,4.852030263919617,3.8279042
XBB-9a,XBB,BTI_BA.1,2.302585092994046,4.3814945
XBB-9a,XBB,BTI_BA.1,4.941642422609304,4.3814945
XBB-9a,XBB,BTI_BA.1,5.739792912179234,4.3814945
XBB-9a,XBB,BTI_BA.2.12.1,3.8918202981106265,4.0832973
XBB-9a,XBB,BTI_BA.4/5,4.04305126783455,4.359295
XBB-9b,XBB,Conv_Delta,2.302585092994046,2.3987923
XBB-9b,XBB,Conv_WT,4.454347296253507,3.0599232
XBB-9b,XBB,Conv_WT,2.302585092994046,3.0599232
XBB-9b,XBB,Vac_Mod,2.302585092994046,2.0343747
XBB-9b,XBB,Vac_Pfiz,2.302585092994046,1.8621242
XBB-9b,XBB,Boost_Mod,3.8918202981106265,3.6461601
XBB-9b,XBB,Boost_Mod,4.276666119016055,3.6461601
XBB-9b,XBB,Boost_Mod,2.302585092994046,3.6461601
XBB-9b,XBB,Boost_Pfiz,2.302585092994046,2.6872783
XBB-9b,XBB,Bi-valent Boost,5.541263545158426,5.6269445
XBB-9b,XBB,BTI_Delta,2.302585092994046,3.925714
XBB-9b,XBB,BTI_Delta,3.6635616461296463,3.925714
XBB-9b,XBB,BTI_Delta,4.499809670330265,3.925714
XBB-9b,XBB,BTI_BA.1,2.302585092994046,4.5633087
XBB-9b,XBB,BTI_BA.1,4.68213122712422,4.5633087
XBB-9b,XBB,BTI_BA.1,5.493061443340548,4.5633087
XBB-9b,XBB,BTI_BA.2.12.1,4.31748811353631,4.2479563
XBB-9b,XBB,BTI_BA.4/5,4.454347296253507,4.5132813
XBB-10a,XBB,Conv_Delta,2.302585092994046,2.4716678
XBB-10a,XBB,Conv_WT,4.23410650459726,3.156797
XBB-10a,XBB,Conv_WT,2.302585092994046,3.156797
XBB-10a,XBB,Vac_Mod,2.302585092994046,2.1829643
XBB-10a,XBB,Vac_Pfiz,2.302585092994046,2.0440423
XBB-10a,XBB,Boost_Mod,3.970291913552122,3.7074108
XBB-10a,XBB,Boost_Mod,4.189654742026425,3.7074108
XBB-10a,XBB,Boost_Mod,2.302585092994046,3.7074108
XBB-10a,XBB,Boost_Pfiz,2.302585092994046,2.7294927
XBB-10a,XBB,Bi-valent Boost,5.501258210544727,5.6548805
XBB-10a,XBB,BTI_Delta,3.258096538021482,4.072405
XBB-10a,XBB,BTI_Delta,3.828641396489095,4.072405
XBB-10a,XBB,BTI_Delta,4.736198448394496,4.072405
XBB-10a,XBB,BTI_BA.1,2.302585092994046,4.712514
XBB-10a,XBB,BTI_BA.1,5.231108616854587,4.712514
XBB-10a,XBB,BTI_BA.1,5.579729825986222,4.712514
XBB-10a,XBB,BTI_BA.2.12.1,4.0943445622221,4.232856
XBB-10a,XBB,BTI_BA.4/5,3.828641396489095,4.465791
XBB-10b,XBB,Conv_Delta,2.302585092994046,2.317501
XBB-10b,XBB,Conv_WT,4.30406509320417,3.035478
XBB-10b,XBB,Conv_WT,2.302585092994046,3.035478
XBB-10b,XBB,Vac_Mod,2.302585092994046,2.0155182
XBB-10b,XBB,Vac_Pfiz,2.302585092994046,1.8560805
XBB-10b,XBB,Boost_Mod,4.204692619390966,3.5178828
XBB-10b,XBB,Boost_Mod,3.8066624897703196,3.5178828
XBB-10b,XBB,Boost_Mod,2.302585092994046,3.5178828
XBB-10b,XBB,Boost_Pfiz,2.302585092994046,2.5044641
XBB-10b,XBB,Bi-valent Boost,5.3706380281276624,5.439151
XBB-10b,XBB,BTI_Delta,2.302585092994046,3.7164288
XBB-10b,XBB,BTI_Delta,3.1354942159291497,3.7164288
XBB-10b,XBB,BTI_Delta,4.406719247264253,3.7164288
XBB-10b,XBB,BTI_BA.1,2.302585092994046,4.32335
XBB-10b,XBB,BTI_BA.1,4.48863636973214,4.32335
XBB-10b,XBB,BTI_BA.1,5.87493073085203,4.32335
XBB-10b,XBB,BTI_BA.2.12.1,4.23410650459726,4.0770082
XBB-10b,XBB,BTI_BA.4/5,4.04305126783455,4.282937
