Mutation,Mean Effect,N
F486S,-0.6482544,367.0
K444T,-0.6438058,61.0
L452R,-0.5620547,620.0
K417N,-0.51084137,1295.0
F486P,-0.46863997,19.0
S494R,-0.38685322,257.0
K147N,-0.34135336,339.0
G446S,-0.32181656,783.0
R346T,-0.30207193,533.0
Q493S,-0.2810098,23.0
G339D,-0.27828535,950.0
Q493R,-0.24321541,899.0
F490S,-0.22359365,367.0
V83A,-0.20405233,367.0
H146Q,-0.19849595,367.0
V445P,-0.19789901,293.0
L368I,-0.19724022,367.0
Y473F,-0.19490056,276.0
G257S,-0.17721242,395.0
K147E,-0.17431518,267.0
L18F,-0.16669665,46.0
Y144del,-0.16110663,411.0
Q183V,-0.15562868,55.0
V213E,-0.15514599,202.0
L452Q,-0.15443678,267.0
N501Y,-0.15268129,1470.0
A27L,-0.14138125,83.0
D215G,-0.1358753,23.0
L242del,-0.13350166,23.0
S373P,-0.13281187,1401.0
I210V,-0.12553966,395.0
T76I,-0.12475279,319.0
E484K,-0.12161466,46.0
W152R,-0.12065494,395.0
T19R,-0.11804639,77.0
D80A,-0.11177105,23.0
N460K,-0.11052172,804.0
R346K,-0.10567916,109.0
A243del,-0.10345965,23.0
F157L,-0.102800325,395.0
Y505H,-0.09102676,1401.0
N440K,-0.088696204,1401.0
H655Y,-0.08523889,1424.0
A701V,-0.08428819,23.0
P26del,-0.07154094,1380.0
E484A,-0.07079402,1401.0
T1027I,-0.06864011,23.0
Q183E,-0.0653764,312.0
N679K,-0.06453373,1401.0
P681H,-0.06255182,1424.0
L241del,-0.062535174,23.0
P25del,-0.061002392,1380.0
N969K,-0.06035851,1401.0
S982A,-0.05834282,23.0
F490R,-0.058317725,65.0
S477N,-0.057126947,1401.0
T376A,-0.056864638,1380.0
K529L,-0.053576518,417.0
D796Y,-0.05331411,1401.0
K417T,-0.04994966,23.0
S371F,-0.049133215,1380.0
D405N,-0.04664265,1380.0
S375F,-0.043416418,1401.0
Q493K,-0.040459823,22.0
M153S,-0.03741884,297.0
N481T,-0.03372825,127.0
Q954H,-0.03294807,1401.0
R190S,-0.03254446,23.0
R408S,-0.03216715,1380.0
Q498Y,-0.031522788,44.0
A27S,-0.027828384,1297.0
T20N,-0.022380127,23.0
A67V,-0.019458583,21.0
V445E,-0.019070162,74.0
G496S,-0.010952736,21.0
G142D,-0.010512661,1424.0
L212I,-0.0067900224,21.0
Rins214EPE,-0.00350997,21.0
Y145del,-0.0001005923,21.0
D138Y,-6.1519626e-05,23.0
N764K,0.000697646,1401.0
P26S,0.0007519372,23.0
H69del,0.001827192,326.0
T95I,0.0050385958,21.0
L981F,0.0059082313,21.0
E156G,0.011059662,23.0
A570D,0.015728496,23.0
F486V,0.01628751,282.0
N211del,0.018955225,21.0
F157del,0.022385178,23.0
V143del,0.023918305,21.0
P681R,0.025061605,23.0
T547K,0.027177196,21.0
T716I,0.033607423,23.0
N856K,0.034399413,21.0
D1118H,0.034785204,23.0
V70del,0.035205603,326.0
S371L,0.039985124,21.0
T19I,0.04642409,1326.0
R158del,0.04642439,23.0
Q498R,0.049106468,1357.0
G252V,0.049196452,39.0
D950N,0.05503921,23.0
L24del,0.067045175,1357.0
V213G,0.096717924,1178.0
S704L,0.15071736,313.0
T478K,0.19824292,1447.0
K417V,0.24087292,175.0
G339H,0.24429329,451.0
S155R,0.43644714,189.0
