new_name,order_name,rt_norm_1,rt_norm_2,rt_norm_3,rt_norm_avg,WuG_norm_1,WuG_norm_2,WuG_norm_3,WuG_norm_avg,base_norm_1,base_norm_2,base_norm_3,base_norm_avg,base_voc,file_name,,,,,,,,,,
WuD,WuD,179800,152900,214800,182500,0.78972867,0.671576828,0.943457833,0.801587777,0.78972867,0.671576828,0.943457833,0.801587777,WuG,230925 VOCs,,,,,,,,,,
WuG,WuG,199906.9018,302125.7983,180986.6969,227673.1324,0.878043447,1.3270156,0.794940953,1,0.878043447,1.3270156,0.794940953,1,WuG,230925 VOCs,,,,,,,,,,
Alpha,alpha,434092.4029,580295.1758,589891.4968,534759.6919,1.906647475,2.548808328,2.590957882,2.348804562,1.906647475,2.548808328,2.590957882,2.348804562,WuG,230925 VOCs,,,,,,,,,,
Beta,beta,435495.4585,389128.8264,393339.4179,405987.9009,1.912810062,1.709155676,1.727649696,1.783205145,1.912810062,1.709155676,1.727649696,1.783205145,WuG,230925 VOCs,,,,,,,,,,
Gamma,gamma,563170.3742,678364.3144,484088.82,575207.8362,2.473591716,2.979553658,2.126244827,2.526463401,2.473591716,2.979553658,2.126244827,2.526463401,WuG,230925 VOCs,,,,,,,,,,
BA.5,BA.5,7.385977585,7.255155842,6.90629786,7.182477096,0.249491175,0.245072143,0.233288058,0.242617125,1.028332912,1.010118897,0.961548191,1,BA.5,230213 CEPI infectivity (new pr,,,,,,,,,,
BA.5-2a,R2-1_17,25.18937953,25.20488069,26.26670992,25.55365671,0.850872863,0.851396477,0.887264041,0.863177793,3.507060196,3.509218387,3.657054463,3.557777682,BA.5,230213 CEPI infectivity (new pr,,,,,,,,,,
WuG,WuG,29.79167897,29.50343238,29.5173798,29.60416372,1.006334084,0.996597393,0.997068523,1,1.006334084,0.996597393,0.997068523,1,WuG,230213 CEPI infectivity (new pr,,,,,,,,,,
WuG-4a,R1-2_4,35.03520005,33.04420292,34.18709877,34.08883392,1.183455151,1.116201195,1.154807111,1.151487819,1.183455151,1.116201195,1.158202354,1.152619567,WuG,230213 CEPI infectivity (new pr,,,,,,,,,,
WuG-5a,R1-2_5,25.60922476,25.07402675,25.83477249,25.506008,0.865054828,0.846976358,0.872673612,0.861568266,0.865054828,0.846976358,0.875239356,0.862423514,WuG,230213 CEPI infectivity (new pr,,,,,,,,,,
BA.2.12.1,BA.2.12.1,31.10832513,31.01598672,30.32587859,30.81673015,1.050809117,1.047690015,1.02437883,1.040959321,1.00946223,1.006465857,0.984071913,1,BA.2.12.1,230213 CEPI infectivity (new pr,,,,,,,,,,
BA.2.12.1-2c,R2-2_11,32.26980233,29.12190715,29.95152485,30.44774478,1.090042693,0.98370984,1.011733523,1.028495352,1.047152056,0.945003153,0.971924169,0.988026459,BA.2.12.1,230213 CEPI infectivity (new pr,,,,,,,,,,
BA.2.12.1-4a,R2-2_12,13.29822067,12.46566917,11.81771055,12.52720013,0.449201024,0.421078241,0.399190825,0.423156697,0.431526012,0.404509794,0.383483598,0.406506468,BA.2.12.1,230213 CEPI infectivity (new pr,,,,,,,,,,
BA.2.12.1-4b,R2-2_13,8.085455493,6.822886951,6.772718665,7.22702037,0.273118862,0.230470518,0.228775882,0.244121754,0.262372272,0.221402041,0.219774085,0.234516132,BA.2.12.1,230213 CEPI infectivity (new pr,,,,,,,,,,
WuG,WuG,68.719176,71.47535095,68.13090151,69.44180949,0.989593683,1.029284108,0.981122209,1,0.989593683,1.029284108,0.981122209,1,WuG,230227 CEPI r1.2 and 2.1,,,,,,,,,,
WuG-2a,R1-2_0,60.35777673,62.46405809,63.25530664,62.02571382,0.869184965,0.899516567,0.910910979,0.89320417,0.869184965,0.899516567,0.910910979,0.89320417,WuG,230227 CEPI r1.2 and 2.1,,,,,,,,,,
WuG-2b,R1-2_1,57.83209897,58.29546184,63.88891361,60.00549147,0.832813825,0.839486503,0.920035265,0.864111865,0.832813825,0.839486503,0.920035265,0.864111865,WuG,230227 CEPI r1.2 and 2.1,,,,,,,,,,
WuG-2c,R1-2_2,62.01065757,67.64203724,63.68697524,64.44655668,0.892987352,0.974082296,0.917127242,0.92806563,0.892987352,0.974082296,0.917127242,0.92806563,WuG,230227 CEPI r1.2 and 2.1,,,,,,,,,,
WuG-2d,R1-2_3,85.114484,85.99215854,90.59994992,87.23553082,1.225695077,1.23833407,1.304688783,1.25623931,1.225695077,1.23833407,1.304688783,1.25623931,WuG,230227 CEPI r1.2 and 2.1,,,,,,,,,,
BA.5,BA.5,21.97252232,22.78686782,24.72155532,23.16031515,0.316416327,0.328143347,0.356003905,0.333521193,0.948714306,0.983875551,1.067410143,1,BA.5,230227 CEPI r1.2 and 2.1,,,,,,,,,,
BA.5-1a,R2-1_0,37.88892775,41.81310385,42.0049951,40.5690089,0.545621262,0.602131542,0.604894881,0.584215895,1.635941804,1.805377154,1.813662501,1.751660486,BA.5,230227 CEPI r1.2 and 2.1,,,,,,,,,,
BA.5-1b,R2-1_1,45.54134567,47.73789746,44.62858935,45.96927749,0.655820262,0.687451808,0.642676072,0.661982714,1.966352589,2.061193777,1.926942231,1.984829532,BA.5,230227 CEPI r1.2 and 2.1,,,,,,,,,,
BA.5-1d,R2-1_2,53.7665126,54.54513444,55.46046087,54.59070264,0.77426716,0.78547974,0.79866094,0.786135947,2.321493134,2.355111927,2.394633256,2.357079439,BA.5,230227 CEPI r1.2 and 2.1,,,,,,,,,,
BA.5-1e,R2-1_3,52.60275102,55.03491344,54.80327892,54.14698113,0.757508357,0.792532825,0.789197161,0.779746114,2.271245044,2.376259264,2.36625791,2.337920739,BA.5,230227 CEPI r1.2 and 2.1,,,,,,,,,,
BA.5-1f,R2-1_4,36.55853951,39.24348909,40.44049448,38.7475077,0.526462945,0.565127686,0.582365217,0.557985283,1.578499225,1.694428113,1.74611158,1.673012972,BA.5,230227 CEPI r1.2 and 2.1,,,,,,,,,,
BA.5-1g,R2-1_5,39.31862009,40.4001438,41.60377503,40.44084631,0.566209613,0.581784146,0.599117093,0.582370284,1.697672067,1.744369346,1.796338899,1.746126771,BA.5,230227 CEPI r1.2 and 2.1,,,,,,,,,,
BA.5-2c,R2-1_6,43.80351649,46.53926527,44.67075674,45.00451284,0.630794572,0.670190849,0.643283305,0.648089576,1.891317808,2.009440069,1.928762905,1.943173594,BA.5,230227 CEPI r1.2 and 2.1,,,,,,,,,,
BA.5-2d,R2-1_7,41.02027901,43.02966987,41.9101521,41.98670033,0.590714431,0.619650758,0.60352909,0.604631426,1.771145114,1.857905196,1.809567436,1.812872582,BA.5,230227 CEPI r1.2 and 2.1,,,,,,,,,,
BA.5-2e,R2-1_8,30.30856245,31.57934074,28.82765547,30.23851955,0.43645986,0.454759762,0.41513399,0.435451204,1.308642057,1.363510839,1.244700484,1.305617793,BA.5,230227 CEPI r1.2 and 2.1,,,,,,,,,,
BA.5-2f,R2-1_9,41.49832046,39.87070574,39.75946589,40.37616403,0.597598489,0.574159948,0.572558034,0.581438824,1.791785655,1.721509638,1.7167066,1.743333964,BA.5,230227 CEPI r1.2 and 2.1,,,,,,,,,,
BA.5-3a,R2-1_10,34.4666568,33.77559601,33.93265528,34.05830269,0.496338691,0.486387038,0.488648777,0.490458168,1.488177366,1.458339223,1.465120619,1.470545736,BA.5,230227 CEPI r1.2 and 2.1,,,,,,,,,,
BA.5-3b,R2-1_11,25.97487916,27.79844307,25.67822284,26.48384836,0.374052453,0.400312769,0.36978044,0.381381887,1.12152529,1.200261865,1.108716469,1.143501208,BA.5,230227 CEPI r1.2 and 2.1,,,,,,,,,,
BA.5-5a,R2-1_12,24.79358197,25.44535857,23.49002877,24.5763231,0.357041128,0.366427067,0.338269249,0.353912481,1.07052006,1.098662018,1.014236145,1.061139408,BA.5,230227 CEPI r1.2 and 2.1,,,,,,,,,,
BA.5-5b,R2-1_13,25.71799985,25.612742,25.07475747,25.46849977,0.37035325,0.36883748,0.361090209,0.366760313,1.110433933,1.105889183,1.08266046,1.099661192,BA.5,230227 CEPI r1.2 and 2.1,,,,,,,,,,
BA.5-4a,R2-1_14,30.45483077,30.00531297,30.14578728,30.20197701,0.438566204,0.432092902,0.434115809,0.434924971,1.314957528,1.295548561,1.301613863,1.304039984,BA.5,230227 CEPI r1.2 and 2.1,,,,,,,,,,
BA.5-1c,R2-1_15,56.15121165,56.71781603,54.21471565,55.69458111,0.808608129,0.816767542,0.780721529,0.8020324,2.424458013,2.448922463,2.340845334,2.404741937,BA.5,230227 CEPI r1.2 and 2.1,,,,,,,,,,
BA.4.6,BA.4.6,68.42555326,67.64077084,67.99579146,68.02070518,0.985365355,0.974064059,0.97917655,0.979535322,2.954431009,2.920546218,2.935875052,2.93695076,BA.5,230227 CEPI r1.2 and 2.1,,,,,,,,,,
WuG,WuG,0.113356389,0.113356389,0.134636288,0.120449689,0.94110985,0.94110985,1.117780291,0.999999997,0.94110985,0.94110985,1.117780291,1,WuG,XBB Data-2,,,,,,,,,,
WuD,WuD,0.052060228,0.052060228,0.073079851,0.059066769,0.432215548,0.432215548,0.606725112,0.490385403,0.432215548,0.432215548,0.606725112,0.490385403,WuG,XBB Data-2,,,,,,,,,,
XBB,XBB,0.085368549,0.085368549,0.088188061,0.086308387,0.708748607,0.708748607,0.732156818,0.716551344,0.989110702,0.989110702,1.021778579,1,XBB,XBB Data-2,,,,,,,,,,
XBB-1a,R2-4_0,0.05578412,0.05578412,0.057077665,0.056215301,0.46313212,0.46313212,0.473871415,0.466711885,0.646334867,0.646334867,0.661322342,0.651330692,XBB,XBB Data-2,,,,,,,,,,
XBB-5a,R2-4_1,0.028253234,0.028253234,0.032131129,0.029545866,0.234564608,0.234564608,0.26675975,0.245296322,0.327352127,0.327352127,0.372282811,0.342329022,XBB,XBB Data-2,,,,,,,,,,
XBB-5b,R2-4_2,0.025135549,0.025135549,0.030947237,0.027072778,0.208680896,0.208680896,0.256930814,0.224764202,0.291229507,0.291229507,0.358565809,0.313674941,XBB,XBB Data-2,,,,,,,,,,
XBB-2a,R2-4_3,0.116311089,0.116311089,0.138700973,0.123774384,0.965640425,0.965640425,1.151526206,1.027602352,1.34762209,1.34762209,1.607039342,1.434094507,XBB,XBB Data-2,,,,,,,,,,
XBB-3a,R2-4_4,0.084394445,0.084394445,0.105613619,0.091467503,0.700661375,0.700661375,0.876827664,0.759383471,0.977824377,0.977824377,1.223677363,1.059775372,XBB,XBB Data-2,,,,,,,,,,
XBB-4a,R2-4_5,0.080684097,0.080684097,0.105637941,0.089002045,0.669857243,0.669857243,0.877029586,0.738914691,0.934834949,0.934834949,1.22395916,1.031209686,XBB,XBB Data-2,,,,,,,,,,
XBB-5c,R2-4_6,0.04521122,0.04521122,0.040663346,0.043695262,0.375353562,0.375353562,0.337596103,0.362767742,0.523833446,0.523833446,0.471140141,0.506269011,XBB,XBB Data-2,,,,,,,,,,
XBB-6a,R2-4_7,0.041814742,0.041814742,0.04195184,0.041860442,0.347155255,0.347155255,0.348293469,0.347534659,0.484480639,0.484480639,0.4860691,0.485010126,XBB,XBB Data-2,,,,,,,,,,
XBB-8a,R2-4_8,0.02173821,0.02173821,0.040387306,0.027954575,0.180475433,0.180475433,0.335304357,0.232085074,0.251866713,0.251866713,0.467941841,0.323891756,XBB,XBB Data-2,,,,,,,,,,
XBB-8b,R2-4_9,0.035374979,0.035374979,0.033473099,0.034741019,0.293690915,0.293690915,0.277901081,0.288427637,0.409867229,0.409867229,0.387831356,0.402521938,XBB,XBB Data-2,,,,,,,,,,
XBB-9a,R2-4_10,0.01789656,0.01789656,0.019600994,0.018464705,0.148581207,0.148581207,0.162731798,0.153298071,0.20735598,0.20735598,0.227104169,0.21393871,XBB,XBB Data-2,,,,,,,,,,
XBB-9b,R2-4_11,0.056735766,0.056735766,0.060479751,0.057983761,0.471032897,0.471032897,0.502116286,0.481394027,0.657360981,0.657360981,0.700740132,0.671820698,XBB,XBB Data-2,,,,,,,,,,
XBB-10a,R2-4_12,0.015508885,0.015508885,0.020190812,0.017069527,0.128758197,0.128758197,0.167628596,0.141714996,0.179691514,0.179691514,0.233938009,0.197773679,XBB,XBB Data-2,,,,,,,,,,
XBB-10b,R2-4_13,0.015364867,0.015364867,0.019388998,0.016706244,0.127562527,0.127562527,0.16097176,0.138698938,0.178022869,0.178022869,0.224647906,0.193564548,XBB,XBB Data-2,,,,,,,,,,
WuD,WuD,29541.76967,29012.63657,39326.24772,32626.88465,0.311046476,0.305475213,0.414067638,0.343529776,0.311046476,0.305475213,0.414067638,0.343529776,WuG,example_format,,,,,,,,,,
WuG,WuG,62930.92,111732.7536,110262.5858,94975.41978,0.66260218,1.17643864,1.16095918,1,0.66260218,1.17643864,1.16095918,1,WuG,example_format,,,,,,,,,,
Delta,delta,11646.70564,6437.522,11196.52927,9760.252303,0.12262863,0.067780927,0.117888705,0.102766088,0.12262863,0.067780927,0.117888705,0.102766088,WuG,example_format,,,,,,,,,,
BA.1,BA.1,2007.368543,2653.927946,1890.661069,2183.985853,0.021135664,0.027943314,0.019906846,0.022995275,0.021135664,0.027943314,0.019906846,0.022995275,WuG,example_format,,,,,,,,,,
BA.2,BA.2,5291.794634,3100.352617,2826.66105,3739.602767,0.055717518,0.032643737,0.029762027,0.039374427,0.055717518,0.032643737,0.029762027,0.039374427,WuG,example_format,,,,,,,,,,
BA.2.12.1,BA.2.12.1,61494.12522,62589.01886,42009.34031,55364.16146,0.647474108,0.659002287,0.442318027,0.582931474,16.44402602,16.73680943,11.23363708,14.80482418,BA.2,example_format,,,,,,,,,,
BA.5,BA.5,31506.93747,31744.59756,40020.26137,34423.93213,0.331737807,0.33424014,0.421374935,0.362450961,8.425209691,8.48876192,10.7017413,9.205237636,BA.2,example_format,,,,,,,,,,
BA.2.75,BA.2.75,175432.4765,191044.2242,271353.9589,212610.2199,1.847135574,2.011512291,2.857096705,2.238581523,46.91206191,51.08676941,72.56224145,56.85369092,BA.2,example_format,,,,,,,,,,
BQ.1,BQ.1,86456.01623,107915.757,111069.5847,101813.786,0.910298859,1.136249329,1.169456107,1.072001432,2.511509025,3.134905001,3.226522301,2.957645442,BA.5,example_format,,,,,,,,,,
BQ.1.1,BQ.1.1,153018.2263,137119.3576,123568.423,137902.0023,1.611135036,1.44373521,1.301056877,1.451975707,1.502922466,1.34676612,1.213670839,1.354453142,BQ.1,example_format,,,,,,,,,,
XBB,XBB,98482.96809,107940.1773,119957.2326,108793.4593,1.036931117,1.136506451,1.263034508,1.145490692,0.463209003,0.507690446,0.564211978,0.511703809,BA.2.75,example_format,,,,,,,,,,
CH.1.1,CH.1.1,122165.8409,128425.3457,155080.9897,135224.0587,1.286289033,1.35219561,1.632853954,1.423779532,0.57460004,0.604041263,0.729414559,0.63601862,BA.2.75,example_format,,,,,,,,,,
XBB.1,XBB.1,85105.22358,127223.2219,58593.80064,90307.41537,0.896076309,1.3395384,0.616936474,0.950850395,0.782264156,1.169401384,0.538578339,0.830081293,XBB,example_format,,,,,,,,,,
XBB.1.5,XBB.1.5,134056.6359,169123.0296,211950.597,171710.0875,1.411487691,1.780703155,2.231636328,1.807942391,1.48444771,1.872747979,2.346989958,1.901395216,XBB.1,example_format,,,,,,,,,,
WuD,WuD,84109.76082,56508.5409,80805.16778,73807.82316,0.549246346,0.369007227,0.527666976,0.481973516,0.549246346,0.369007227,0.527666976,0.481973516,WuG,WuG variants 2023.10.30 11_38_25,,,,,,,,,,
WuG,WuG,219825.7255,133255.561,106328.7477,153136.6781,1.435487097,0.870174035,0.694338868,1,1.435487097,0.870174035,0.694338868,1,WuG,WuG variants 2023.10.30 11_38_25,,,,,,,,,,
no spike,no spike,3387.090527,4893.10359,3358.313207,3879.502441,0.022118088,0.031952525,0.021930169,0.025333594,0.022118088,0.031952525,0.021930169,0.025333594,WuG,WuG variants 2023.10.30 11_38_25,,,,,,,,,,
WuG,WuG,151066.2305,154005.9626,166964.7814,157345.6582,0.986479741,1.005676527,1.090299094,1.027485121,0.986479741,1.005676527,1.090299094,1.027485121,WuG,WuG variants 2023.10.30 11_38_25,,,,,,,,,,
WuG_pre2020_4a,Round1-2_v2_WuG_0,256996.8342,160771.5172,147060.3995,188276.2503,1.678218683,1.049856372,0.960321207,1.22946542,1.678218683,1.049856372,0.960321207,1.22946542,WuG,WuG variants 2023.10.30 11_38_25,,,,,,,,,,
WuG_pre2020_4b,Round1-2_v2_WuG_1,136495.2962,131201.8498,121938.3186,129878.4882,0.891329875,0.856763066,0.796271149,0.848121363,0.891329875,0.856763066,0.796271149,0.848121363,WuG,WuG variants 2023.10.30 11_38_25,,,,,,,,,,
WuG_pre2020_4c,Round1-2_v2_WuG_2,206200,224100,261600,230633.3333,1.346509553,1.463398598,1.708277881,1.506062011,1.346509553,1.463398598,1.708277881,1.506062011,WuG,WuG variants 2023.10.30 11_38_25,,,,,,,,,,
WuG_pre2020_8a,Round1-2_v2_WuG_3,139992.2101,180171.8843,108018.2439,142727.4461,0.914165122,1.176542985,0.705371471,0.932026526,0.914165122,1.176542985,0.705371471,0.932026526,WuG,WuG variants 2023.10.30 11_38_25,,,,,,,,,,
WuG_pre2020_8b,Round1-2_v2_WuG_4,5738.189611,7215.375954,4574.9415,5842.835688,0.037471034,0.047117229,0.029874891,0.038154384,0.037471034,0.047117229,0.029874891,0.038154384,WuG,WuG variants 2023.10.30 11_38_25,,,,,,,,,,
WuG_pre2020_8c,Round1-2_v2_WuG_5,64504.40438,55626.51234,87475.17399,69202.03024,0.421221129,0.36324748,0.571222878,0.451897162,0.421221129,0.36324748,0.571222878,0.451897162,WuG,WuG variants 2023.10.30 11_38_25,,,,,,,,,,
WuG_pre2020_8d,Round1-2_v2_WuG_6,2507.256604,5067.165024,4562.966652,4045.796093,0.016372672,0.033089166,0.029796693,0.026419511,0.016372672,0.033089166,0.029796693,0.026419511,WuG,WuG variants 2023.10.30 11_38_25,,,,,,,,,,
WuG_pre2020_9a,Round1-2_v2_WuG_7,2411.068004,2627.917877,272.3230961,1770.436326,0.015744549,0.017160604,0.001778301,0.011561151,0.015744549,0.017160604,0.001778301,0.011561151,WuG,WuG variants 2023.10.30 11_38_25,,,,,,,,,,
WuG_pre2020_9b,Round1-2_v2_WuG_8,132485.1909,143340.2924,129890.5568,135238.6801,0.86514343,0.936028483,0.848200173,0.883124028,0.86514343,0.936028483,0.848200173,0.883124028,WuG,WuG variants 2023.10.30 11_38_25,,,,,,,,,,
WuG_pre2020_9c,Round1-2_v2_WuG_9,140757.1221,165338.6643,178000.0114,161365.2659,0.919160086,1.079680364,1.162360407,1.053733619,0.919160086,1.079680364,1.162360407,1.053733619,WuG,WuG variants 2023.10.30 11_38_25,,,,,,,,,,
WuG_pre2020_10a,Round1-2_v2_WuG_11,120367.3131,103688.359,120677.1389,114910.937,0.786012304,0.677096828,0.788035502,0.750381544,0.786012304,0.677096828,0.788035502,0.750381544,WuG,WuG variants 2023.10.30 11_38_25,,,,,,,,,,
WuG_pre2020_10b,Round1-2_v2_WuG_12,120290.5283,116130.0258,134176.2053,123532.2531,0.78551089,0.758342333,0.876185947,0.806679723,0.78551089,0.758342333,0.876185947,0.806679723,WuG,WuG variants 2023.10.30 11_38_25,,,,,,,,,,
WuG_pre2020_10c,Round1-2_v2_WuG_13,32007.30419,41566.12755,12062.53761,28545.32311,0.209011352,0.271431561,0.078769748,0.186404221,0.209011352,0.271431561,0.078769748,0.186404221,WuG,WuG variants 2023.10.30 11_38_25,,,,,,,,,,
WuG_pre2020_10d,Round1-2_v2_WuG_14,2956.494607,1660.309112,3453.499699,2690.101139,0.019306247,0.010842008,0.022551748,0.017566668,0.019306247,0.010842008,0.022551748,0.017566668,WuG,WuG variants 2023.10.30 11_38_25,,,,,,,,,,
BA.2.12.1,BA.2.12.1,1184000,1260000,1273000,1239000,1.636472696,1.741516551,1.759484579,1.712491275,0.955609362,1.016949153,1.027441485,1,BA.2.12.1,plate 1 2023.12.11 13_16_59,,,,,,,,,,
BA.2.12.1-2a,BA.2.12.1_0,282680.0671,328837.4021,306968.6842,306162.0511,0.390707949,0.454504586,0.424278606,0.423163714,0.228151789,0.26540549,0.247755193,0.247104157,BA.2.12.1,plate 1 2023.12.11 13_16_59,,,,,,,,,,
BA.2.12.1-2d,BA.2.12.1_2,52357.01016,78649.45868,101789.4721,77598.64697,0.072365555,0.108705821,0.140688929,0.107253435,0.042257474,0.063478175,0.082154538,0.062630062,BA.2.12.1,plate 1 2023.12.11 13_16_59,,,,,,,,,,
BA.2.12.1-2e,BA.2.12.1_3,247738.9993,210290.9956,226025.451,228018.482,0.342413943,0.29065496,0.312402432,0.315157111,0.199950766,0.169726389,0.182425707,0.184034287,BA.2.12.1,plate 1 2023.12.11 13_16_59,,,,,,,,,,
BA.2.12.1-2f,BA.2.12.1_4,457479.4695,522038.9722,570641.591,516720.0109,0.63230799,0.721539294,0.788715695,0.71418766,0.369232824,0.421338961,0.460566256,0.417046014,BA.2.12.1,plate 1 2023.12.11 13_16_59,,,,,,,,,,
BA.2.12.1-2g,BA.2.12.1_5,44750.06171,78883.00037,117702.6287,80445.23027,0.061851566,0.109028612,0.162683394,0.111187857,0.036117887,0.063666667,0.094998086,0.064927547,BA.2.12.1,plate 1 2023.12.11 13_16_59,,,,,,,,,,
BA.2.12.1-5a,BA.2.12.1_6,3027.483443,7824.376179,5287.533032,5379.797551,0.004184454,0.010814508,0.007308195,0.007435719,0.002443489,0.006315074,0.004267581,0.004342048,BA.2.12.1,plate 1 2023.12.11 13_16_59,,,,,,,,,,
BA.2.12.1-7a,BA.2.12.1_7,1933.128824,1589.461477,9243.219672,4255.269991,0.002671886,0.002196884,0.012775571,0.005881447,0.001560233,0.001282858,0.007460226,0.003434439,BA.2.12.1,plate 1 2023.12.11 13_16_59,,,,,,,,,,
BA.2.12.1-8a,BA.2.12.1_8,2024.903035,3776.32315,3598.841609,3133.355931,0.002798732,0.005219468,0.00497416,0.004330787,0.001634304,0.00304788,0.002904634,0.002528939,BA.2.12.1,plate 1 2023.12.11 13_16_59,,,,,,,,,,
BA.2.12.1-9a,BA.2.12.1_9,11103.07256,8195.518569,5989.59795,8429.396359,0.015346178,0.011327485,0.008278559,0.011650741,0.008961318,0.006614624,0.004834219,0.006803387,BA.2.12.1,plate 1 2023.12.11 13_16_59,,,,,,,,,,
BA.2.12.1-2h,BA.2.12.1_10,744803.9775,849100.2381,899893.8715,831266.029,1.029435281,1.173588983,1.243793707,1.148939324,0.601133154,0.685310927,0.726306595,0.670916892,BA.2.12.1,plate 1 2023.12.11 13_16_59,,,,,,,,,,
WuD,WuD,211178.3764,256249.7083,270102.8017,245843.6288,0.291881459,0.35417707,0.373324206,0.339794245,0.291881459,0.35417707,0.373324206,0.339794245,WuG,plate 1 2023.12.11 13_16_59,,,,,,,,,,
WuG,WuG,742827.3008,845190.8395,582503.8666,723507.3357,1.026703206,1.168185584,0.80511121,1,1.026703206,1.168185584,0.80511121,1,WuG,plate 1 2023.12.11 13_16_59,,,,,,,,,,
BA.2.75,BA.2.75,864940.8354,856502.3882,800724.2524,840722.492,1.195483159,1.183819909,1.106725824,1.162009631,1.028806584,1.018769447,0.952423969,1,BA.2.75,plate 1 2023.12.11 13_16_59,,,,,,,,,,
BA.2.75-2a,BA.2.75_0,396175.1028,468929.1172,457445.7809,440850.0003,0.547575793,0.64813319,0.632261427,0.60932347,0.471231716,0.557769206,0.544110316,0.524370413,BA.2.75,plate 1 2023.12.11 13_16_59,,,,,,,,,,
BA.2.75-2b,BA.2.75_1,1521926.335,1381783.376,1282897.457,1395535.722,2.103539604,1.909840174,1.773164408,1.928848062,1.810260043,1.643566562,1.525946396,1.659924334,BA.2.75,plate 1 2023.12.11 13_16_59,,,,,,,,,,
BA.2.75-3a,BA.2.75_2,171029.6699,164798.6079,136758.829,157529.0356,0.236389683,0.227777384,0.189022035,0.217729701,0.203431776,0.19602022,0.162668217,0.187373405,BA.2.75,plate 1 2023.12.11 13_16_59,,,,,,,,,,
BA.2.75-3b,BA.2.75_3,495105.4634,656678.836,620859.9904,590881.4299,0.684312983,0.907632589,0.858125357,0.81669031,0.588904743,0.781088697,0.738483859,0.702825767,BA.2.75,plate 1 2023.12.11 13_16_59,,,,,,,,,,
BA.2.75-4a,BA.2.75_4,383597.7012,297623.7266,355988.1728,345736.5335,0.530191862,0.411362417,0.492031186,0.477861822,0.456271487,0.354009473,0.423431247,0.411237402,BA.2.75,plate 1 2023.12.11 13_16_59,,,,,,,,,,
BA.2.75-4b,BA.2.75_5,552368.8487,667819.0385,706486.2364,642224.7079,0.657924069,0.795436275,0.841492601,0.764950982,0.657016856,0.794339446,0.840332266,0.763896189,BA.2.75,plate 2 2023.12.11 13_29_07,,,,,,,,,,
BA.2.75-4c,BA.2.75_6,722855.393,660336.9672,792048.3839,725080.248,0.860989831,0.786524413,0.943405293,0.863639845,0.85980261,0.785439873,0.94210443,0.862448971,BA.2.75,plate 2 2023.12.11 13_29_07,,,,,,,,,,
BA.2.75-4d,BA.2.75_7,662595.2121,1176271.197,852428.2203,897098.2098,0.789214198,1.40105137,1.015323447,1.068529672,0.788125949,1.399119458,1.013923415,1.067056274,BA.2.75,plate 2 2023.12.11 13_29_07,,,,,,,,,,
BA.2.75-4e,BA.2.75_8,657893.3261,633292.6965,782747.3052,691311.1093,0.783613803,0.754312103,0.93232682,0.823417575,0.782533276,0.75327198,0.931041233,0.822282163,BA.2.75,plate 2 2023.12.11 13_29_07,,,,,,,,,,
BA.2.75-5d,BA.2.75_9,112856.2899,92210.05455,161716.5977,122260.9807,0.134422623,0.109830984,0.192619917,0.145624508,0.134237267,0.109679538,0.192354313,0.145423706,BA.2.75,plate 2 2023.12.11 13_29_07,,,,,,,,,,
BA.2.75-5a,BA.2.75_10,176844.5708,146713.1586,173058.4247,165538.718,0.210638779,0.174749388,0.206129117,0.197172428,0.210348328,0.174508426,0.205844885,0.196900546,BA.2.75,plate 2 2023.12.11 13_29_07,,,,,,,,,,
BA.2.75-5b,BA.2.75_11,817980.7254,869543.9803,963295.3528,883606.6862,0.974293189,1.035709952,1.147376793,1.052459978,0.972949735,1.034281809,1.145794673,1.051008739,BA.2.75,plate 2 2023.12.11 13_29_07,,,,,,,,,,
BA.2.75-5c,BA.2.75_12,854843.5141,738110.0501,755687.6759,782880.4134,1.018200292,0.879159585,0.900096216,0.932485364,1.016796294,0.87794731,0.898855072,0.931199558,BA.2.75,plate 2 2023.12.11 13_29_07,,,,,,,,,,
BA.2.75-6a,BA.2.75_13,525538.2045,582639.6229,495995.9137,534724.5804,0.625966209,0.693979453,0.590778518,0.63690806,0.625103063,0.693022523,0.589963892,0.636029826,BA.2.75,plate 2 2023.12.11 13_29_07,,,,,,,,,,
BA.2.75-6b,BA.2.75_14,836486.8516,729739.7912,743610.8782,769945.8403,0.996335753,0.869189807,0.885711596,0.917079052,0.994961904,0.867991279,0.884490287,0.91581449,BA.2.75,plate 2 2023.12.11 13_29_07,,,,,,,,,,
BA.2.75-6c,BA.2.75_15,1101566.401,1077154.958,1002394.911,1060372.09,1.312070821,1.28299446,1.193948102,1.263004461,1.310261604,1.281225337,1.192301765,1.261262902,BA.2.75,plate 2 2023.12.11 13_29_07,,,,,,,,,,
BA.2.75-8a,BA.2.75_16,11234.77564,8778.83239,6815.408921,8943.00565,0.013381691,0.010456428,0.008117803,0.010651974,0.013363239,0.01044201,0.008106609,0.010637286,BA.2.75,plate 2 2023.12.11 13_29_07,,,,,,,,,,
BA.2.75-9a,BA.2.75_17,19456.93482,23668.87665,18040.52961,20388.78036,0.023175068,0.028191893,0.021487994,0.024284985,0.023143112,0.028153019,0.021458364,0.024251499,BA.2.75,plate 2 2023.12.11 13_29_07,,,,,,,,,,
WuD,WuD,287662.3377,218506.4935,293376.6234,266515.1515,0.342633326,0.260262109,0.349439586,0.317445007,0.342633326,0.260262109,0.349439586,0.317445007,WuG,plate 2 2023.12.11 13_29_07,,,,,,,,,,
WuG,WuG,815172.4138,1017931.034,685586.2069,839563.2182,0.970948222,1.212453109,0.816598669,1,0.970948222,1.212453109,0.816598669,1,WuG,plate 2 2023.12.11 13_29_07,,,,,,,,,,